id;nom;calibre;nombre_total_obus_min;nombre_total_obus_max;nombre_total_obus_moy;ratelier;nombre_obus_ratelier;cadence_tir_min;cadence_tir_max;cadence_tir_moy;temps_chargement_total;degat_moyen1;degat_moyen2;degat_moyen3;penetration1;penetration2;penetration3;dispersion_min;dispersion_max;dispersion_moyenne;vitesse_vise_min;vitesse_vise_max;vitesse_vise_moy;poids;tier_latin;tier_chiffre;compatibilite;prix;type_credit;experience;pays_id
1;10,5 cm Bordkanone L7A3;105;60;0;60;;0;6.67;0.00;6.67;0.00;390;390;480;268;330;53;0.30;0.00;0.30;1.90;0.00;1.90;1;X;10;Leopard 1;290000;"";NULL;2
2;10,5 cm K 18 L/52;105;26;0;26;;0;6.45;0.00;6.45;0.00;300;300;380;169;227;53;0.36;0.00;0.36;2.30;0.00;2.30;3;VIII;8;Dicker Max;0;"";NULL;2
3;10,5 cm KwK 42 L/28;105;28;60;44;;0;6.12;7.50;6.81;0.00;350;350;410;64;104;53;0.54;0.55;0.55;1.70;2.30;2.00;2;V;5;Pz.Kpfw. IV;28000;"";NULL;2
4;10,5 cm KwK 45 L/52;105;42;56;49;;0;5.50;6.74;6.12;0.00;320;320;420;200;244;60;0.37;0.00;0.37;2.30;0.00;2.30;3;VIII;8;VK 45.02 (P) Ausf. A;116000;"";NULL;2
5;10,5 cm KwK 45 L/52 Ausf. B;105;48;0;48;;0;6.00;0.00;6.00;0.00;390;390;510;220;270;60;0.32;0.00;0.32;2.30;0.00;2.30;3;IX;9;E-50;225000;"";NULL;2
6;10,5 cm KwK 45 L/52 Ausf. K;105;48;0;48;;0;6.25;0.00;6.25;0.00;390;390;510;270;350;60;0.30;0.00;0.30;2.10;0.00;2.10;3;X;10;E-50 Ausf. M;225000;"";NULL;2
7;10,5 cm KwK 46 L/68;105;36;42;39;;0;4.76;6.59;5.68;0.00;320;320;420;225;285;60;0.34;0.00;0.34;2.30;0.00;2.30;3;IX;9;Pz.Kpfw. Tiger II;178000;"";NULL;2
8;10,5 cm KwK46 L/70;105;40;0;40;;0;5.00;0.00;5.00;0.00;320;320;420;234;294;60;0.33;0.00;0.33;2.90;0.00;2.90;3;IX;9;Lowe;0;"";NULL;2
9;10,5 cm L7A1;105;58;0;58;;0;4.29;5.00;4.65;0.00;390;390;480;268;330;53;0.32;0.36;0.34;2.30;2.90;2.60;1;X;10;Leopard prototyp A;290000;"";NULL;2
10;10,5 cm le.F.H. 16 L/22;105;15;60;37;;0;2.22;3.87;3.05;0.00;410;350;0;53;104;0;0.76;0.84;0.80;5.50;6.50;6.00;490;III;3;Wespe;13000;"";NULL;2
11;10,5 cm le.F.H. 18 L/28;105;38;0;38;;0;3.00;3.87;3.44;0.00;410;350;350;53;104;64;0.72;0.76;0.74;5.50;6.00;5.75;585;IV;4;Wespe;34000;"";NULL;2
12;10,5 cm le.F.H. 18 L/28;105;42;0;42;;0;6.45;0.00;6.45;0.00;410;350;350;53;104;64;0.49;0.00;0.49;5.10;0.00;5.10;2;V;5;105 leFH18B2;0;"";NULL;6
13;10,5 cm PaK 45 L/52;105;40;0;40;;0;7.32;7.50;7.41;0.00;320;320;420;200;244;60;0.34;0.00;0.34;1.70;0.00;1.70;3;VIII;8;Jagdpanther;116000;;NULL;2
14;10,5 cm StuH 42 L/28;105;20;40;30;;0;6.98;8.33;7.66;0.00;350;350;410;64;104;53;0.53;0.00;0.53;1.70;0.00;1.70;2;V;5;Hetzer;28000;"";NULL;2
15;100 mm 44-100JT;100;34;45;39;;0;6.45;6.59;6.52;0.00;250;250;330;175;235;50;0.42;0.00;0.42;2.90;0.00;2.90;2;VII;7;IS-2;79000;"";NULL;4
16;100 mm 59-100T;100;34;45;39;;0;6.45;7.89;7.17;0.00;250;250;330;181;241;50;0.39;0.00;0.39;2.70;2.90;2.80;2;VIII;8;WZ-131;102000;"";NULL;4
17;100 mm 60-100T;100;34;45;39;;0;7.06;8.33;7.70;0.00;250;250;330;189;244;50;0.36;0.00;0.36;2.30;2.50;2.40;2;IX;9;WZ-132;180000;"";NULL;4
18;100 mm 62-100T;100;40;50;45;;0;6.00;7.32;6.66;0.00;320;320;420;215;265;50;0.38;0.00;0.38;2.30;2.90;2.60;2;IX;9;WZ-120;221000;"";NULL;4
19;100 mm AC SA47;100;72;0;72;;0;6.00;7.50;6.75;0.00;300;300;400;232;263;50;0.34;0.00;0.34;2.30;2.90;2.60;3;VIII;8;AMX AC Mle. 1946;127000;"";NULL;6
20;100 mm D10S;100;44;0;44;;0;8.45;0.00;8.45;0.00;230;230;330;175;235;50;0.40;0.00;0.40;2.30;0.00;2.30;2;VII;7;SU-100;78000;"";NULL;1
21;100 mm D-10S mod. 1944;100;36;44;40;;0;8.96;10.53;9.75;0.00;230;230;330;175;235;50;0.35;0.37;0.36;1.70;2.00;1.85;2;VII;7;SU-100M1;83000;"";NULL;1
22;100 mm D10T;100;36;56;46;;0;6.98;7.41;7.20;0.00;230;230;330;175;235;50;0.42;0.00;0.42;2.90;0.00;2.90;2;VII;7;KV-3;78000;"";NULL;1
23;100 mm D10T mod. 1945;100;50;0;50;;0;7.41;7.69;7.55;0.00;230;230;330;175;235;50;0.39;0.00;0.39;2.90;0.00;2.90;2;VII;7;T-54;93000;"";NULL;1
24;100 mm D-10T2C;100;50;0;50;;0;7.69;0.00;7.69;0.00;320;320;420;201;330;50;0.35;0.00;0.35;2.30;0.00;2.30;2;IX;9;T-54;221000;"";NULL;1
25;100 mm D-54;100;50;0;50;;0;7.32;0.00;7.32;0.00;320;320;420;219;330;50;0.39;0.00;0.39;2.90;0.00;2.90;2;IX;9;T-54;221000;"";NULL;1
26;100 mm D-54S;100;36;45;40;;0;8.45;8.82;8.64;0.00;320;320;420;219;350;50;0.36;0.00;0.36;1.90;2.10;2.00;2;IX;9;SU-101;140000;"";NULL;1
27;100 mm LB-1;100;50;56;53;;0;7.59;8.70;8.15;0.00;230;230;330;175;235;50;0.35;0.00;0.35;2.30;0.00;2.30;2;VII;7;T-44;130000;"";NULL;1
28;100 mm LB-1C;100;44;0;44;;0;9.52;0.00;9.52;0.00;230;230;330;175;235;50;0.33;0.00;0.33;1.70;0.00;1.70;2;VII;7;SU-100M1;130000;"";NULL;1
29;100 mm M-63;100;35;0;35;;0;6.90;7.50;7.20;0.00;320;320;420;0;201;330;0.37;0.00;0.37;2.30;0.00;2.30;2;IX;9;Object 416;210000;"";NULL;1
30;100 mm SA47;100;30;60;45;;0;5.66;7.40;6.53;0.00;300;300;400;232;263;50;0.36;0.00;0.36;2.70;3.00;2.85;3;VIII;8;AMX 50 100;127000;"";NULL;6
31;100 mm Type 59;100;34;0;34;;0;6.90;0.00;6.90;0.00;250;250;330;181;241;50;0.39;0.00;0.39;2.90;0.00;2.90;2;VII;7;Type 59;0;"";NULL;4
32;100 mm U-8TS;100;50;0;50;;0;9.09;0.00;9.09;0.00;320;320;420;264;350;50;0.34;0.00;0.34;2.00;0.00;2.00;2;X;10;T-62A;242000;"";NULL;1
33;105 mm AC court mle. 1934 S;105;30;0;30;;0;7.06;0.00;7.06;0.00;410;350;0;53;104;0;0.53;0.00;0.53;2.30;0.00;2.30;1;V;5;Somua SAu 40;40000;"";NULL;6
34;105 mm AC mle. 1930 S;105;42;80;61;;0;5.00;6.25;5.63;0.00;300;330;360;165;223;54;0.39;0.41;0.40;2.30;2.90;2.60;2;VI;6;S 35 CA;60000;"";NULL;6
35;105 mm AT Gun T5E1;105;40;63;51;;0;6.59;8.11;7.35;0.00;320;320;420;198;245;53;0.38;0.39;0.39;1.70;0.00;1.70;2;VIII;8;T25 AT;118000;"";NULL;7
36;105 mm AT Howitzer M3;105;23;50;36;;0;5.00;7.50;6.25;0.00;410;350;0;53;150;0;0.55;0.00;0.55;1.70;2.30;2.00;2;V;5;T82;40000;"";NULL;7
37;105 mm AT M4;105;30;0;30;;0;7.59;7.69;7.64;0.00;410;350;0;53;101;0;0.53;0.00;0.53;1.70;0.00;1.70;2;V;5;M10 Wolverine;40000;"";NULL;7
38;105 mm Canon 13TR;105;40;60;50;;0;5.61;6.25;5.93;0.00;300;330;360;165;223;54;0.41;0.00;0.41;2.90;3.40;3.15;2;VII;7;ARL 44;94000;"";NULL;6
39;105 mm court mle. 1934 S;105;24;34;29;;0;2.93;4.65;3.79;0.00;410;350;0;53;104;0;0.74;0.80;0.77;5.00;5.50;5.25;450;IV;4;Lorraine 39L AM;37000;"";NULL;6
40;105 mm court mle. 1935 B;105;24;0;24;;0;2.93;0.00;2.93;0.00;410;350;0;53;104;0;0.84;0.00;0.84;5.50;0.00;5.50;355;III;3;Lorraine 39L AM;15000;"";NULL;6
41;105 mm D.E.F.A. 4767 modifi;105;34;0;34;;0;4.00;0.00;4.00;0.00;410;350;0;53;104;0;0.77;0.00;0.77;5.50;0.00;5.50;490;IV;4;AMX 105 AM mle. 47;28000;"";NULL;6
42;105 mm Gun M68;105;57;0;57;;0;6.82;0.00;6.82;0.00;390;390;480;268;330;53;0.36;0.00;0.36;2.00;0.00;2.00;2;X;10;M48A1 Patton;325000;"";NULL;7
43;105 mm Gun M68;105;57;0;57;;0;6.82;0.00;6.82;0.00;390;390;480;268;330;53;0.35;0.00;0.35;1.80;0.00;1.80;2;X;10;M60;0;"";NULL;7
44;105 mm Gun T140E2;105;35;0;35;;0;5.63;0.00;5.63;0.00;390;390;0;210;255;0;0.40;0.00;0.40;2.90;0.00;2.90;2;IX;9;T54E1;170000;"";NULL;7
45;105 mm Gun T5E1;105;43;63;53;;0;4.38;6.12;5.25;0.00;320;320;420;198;245;53;0.40;0.42;0.41;2.30;0.00;2.30;2;VIII;8;T29;118000;"";NULL;7
46;105 mm Gun T5E1E;105;60;0;60;;0;5.05;0.00;5.05;0.00;320;320;420;198;245;53;0.42;0.00;0.42;2.30;0.00;2.30;2;VIII;8;M6A2E1;0;"";NULL;7
47;105 mm Gun T5E1M2;105;54;57;55;;0;6.00;6.82;6.41;0.00;390;390;480;218;265;53;0.40;0.42;0.41;2.00;2.30;2.15;2;IX;9;M46 Patton;219000;"";NULL;7
48;105 mm Howitzer M2A1;105;69;0;69;;0;3.00;0.00;3.00;0.00;410;350;0;53;101;0;0.82;0.00;0.82;5.50;0.00;5.50;490;IV;4;M7 Priest;32000;"";NULL;7
49;105 mm Howitzer M3;105;69;126;97;;0;3.00;4.00;3.50;0.00;410;350;0;53;101;0;0.82;0.84;0.83;5.50;0.00;5.50;433;III;3;M7 Priest;12000;"";NULL;7
50;105 mm Howitzer M4;105;126;0;126;;0;4.00;0.00;4.00;0.00;410;350;0;53;101;0;0.80;0.00;0.80;5.00;0.00;5.00;517;V;5;M37;40000;"";NULL;7
51;105 mm M4;105;36;70;53;;0;7.50;0.00;7.50;0.00;410;350;0;53;101;0;0.55;0.00;0.55;2.30;0.00;2.30;2;V;5;M4 Sherman;40000;"";NULL;7
52;105 mm mle. 57 (D. 1504);105;30;0;30;;0;5.89;0.00;5.89;0.00;390;390;480;259;360;53;0.38;0.00;0.38;2.70;0.00;2.70;3;X;10;Bat.-Ch;325000;"";NULL;6
53;105 mm obusier mle. 1950;105;34;0;34;;0;3.75;4.29;4.02;0.00;445;330;0;60;223;0;0.70;0.74;0.72;5.00;5.50;5.25;550;V;5;AMX 13 105 AM mle. 50;52000;"";NULL;6
54;105 mm Royal Ordnance L7A1;105;72;0;72;;0;5.00;6.45;5.73;0.00;390;480;480;268;210;105;0.32;0.00;0.32;2.10;2.30;2.20;1;X;10;Centurion Mk. 7/1;290000;"";NULL;5
55;107 mm ZiS-24;107;50;0;50;;0;5.26;5.41;5.34;0.00;320;320;420;227;289;62;0.38;0.00;0.38;3.40;0.00;3.40;2;IX;9;KV-4;180000;"";NULL;1
56;107 mm ZiS-6;107;50;61;55;;0;5.71;6.67;6.19;0.00;300;300;360;167;219;54;0.45;0.00;0.45;2.90;3.40;3.15;2;VII;7;T-150;68000;"";NULL;1
57;107 mm ZiS-6M;107;60;0;60;;0;7.00;0.00;7.00;0.00;300;300;360;167;219;54;0.43;0.00;0.43;2.90;0.00;2.90;2;VII;7;KV-5;0;"";NULL;1
58;12,8 cm KwK 44 L/55;128;36;68;52;;0;3.82;4.20;4.01;0.00;490;490;630;246;311;65;0.38;0.00;0.38;2.90;0.00;2.90;3;X;10;E-75;310000;"";NULL;2
59;12,8 cm PaK 44 L/55;128;30;40;35;;0;5.00;5.50;5.25;0.00;490;490;630;246;311;65;0.35;0.00;0.35;2.30;0.00;2.30;3;X;10;Jagdpanther II;310000;"";NULL;2
60;12,8 cm PaK 44/2 L/61;128;36;0;36;;0;5.26;0.00;5.26;0.00;560;560;700;276;352;65;0.33;0.00;0.33;2.30;0.00;2.30;3;X;10;Jagdtiger;339000;"";NULL;2
61;12.7 mm DShK;127;255;0;255;;0;95.85;0.00;95.85;0.00;8;0;0;22;0;0;0.57;0.00;0.57;1.50;0.00;1.50;34;I;1;T-60;2000;"";NULL;1
62;120 mm AC SA46;120;64;0;64;;0;6.45;0.00;6.45;0.00;400;400;515;257;325;65;0.33;0.00;0.33;2.30;2.90;2.60;3;X;10;AMX 50 Foch;339000;"";NULL;6
63;120 mm AT Gun L1A1;120;50;0;50;;0;8.45;0.00;8.45;0.00;400;400;515;269;352;120;0.31;0.00;0.31;1.70;0.00;1.70;2;X;10;Tortoise;320000;"";NULL;5
64;120 mm AT Gun T53;120;34;42;38;;0;5.94;6.90;6.42;0.00;400;400;515;248;297;60;0.38;0.39;0.39;2.10;2.30;2.20;2;X;10;T28;250000;"";NULL;7
65;120 mm Gun L1A1;120;35;0;35;;0;5.71;6.90;6.31;0.00;400;400;515;269;352;120;0.32;0.33;0.33;1.70;1.90;1.80;2;X;10;Conqueror;300000;"";NULL;5
66;120 mm Gun M58;120;33;42;37;;0;5.36;6.00;5.68;0.00;400;400;515;269;381;60;0.35;0.37;0.36;2.00;2.30;2.15;3;X;10;M103;310000;"";NULL;7
67;120 mm Gun T122;120;33;0;33;;0;5.26;0.00;5.26;0.00;400;400;515;242;330;60;0.40;0.00;0.40;2.60;0.00;2.60;2;IX;9;M103;230000;"";NULL;7
68;120 mm Gun T179;120;36;0;36;;0;7.74;0.00;7.74;0.00;400;400;515;269;381;60;0.35;0.00;0.35;2.70;0.00;2.70;2;X;10;T57 Heavy Tank;310000;"";NULL;7
69;120 mm Gun T53A1;120;34;0;34;;0;4.00;0.00;4.00;0.00;400;400;515;248;297;60;0.35;0.00;0.35;3.40;0.00;3.40;2;IX;9;T34;0;"";NULL;7
70;120 mm SA 46;120;40;56;48;;0;5.33;6.40;5.87;0.00;400;400;515;267;351;65;0.35;0.00;0.35;3.00;0.00;3.00;3;X;10;AMX 50 120;339000;"";NULL;6
71;122 mm 37-122JT;122;28;40;34;;0;4.00;4.62;4.31;0.00;390;390;465;175;300;61;0.48;0.00;0.48;3.40;0.00;3.40;2;VIII;8;IS-2;120000;"";NULL;4
72;122 mm 60-122T;122;34;40;37;;0;5.00;5.50;5.25;0.00;440;440;530;257;400;68;0.36;0.38;0.37;2.70;3.40;3.05;2;X;10;WZ-120;300000;"";NULL;4
73;122 mm 60-122TG;122;40;0;40;;0;6.25;0.00;6.25;0.00;440;440;530;268;400;68;0.35;0.00;0.35;2.70;0.00;2.70;2;X;10;121;185000;"";NULL;4
74;122 mm A-19 mod. 1937;122;28;0;28;;0;6.67;0.00;6.67;0.00;390;390;465;175;217;61;0.43;0.00;0.43;2.90;0.00;2.90;2;VII;7;SU-152;94000;"";NULL;1
75;122 mm BL-9;122;28;40;34;;0;4.51;4.88;4.70;0.00;390;390;465;225;265;68;0.40;0.00;0.40;2.90;3.40;3.15;2;IX;9;IS-3;178000;"";NULL;1
76;122 mm BL-9S;122;32;0;32;;0;6.90;0.00;6.90;0.00;390;390;465;225;265;68;0.38;0.00;0.38;2.90;0.00;2.90;2;IX;9;ISU-152;178000;"";NULL;1
77;122 mm D-25 mod. 1944;122;28;32;30;;0;7.69;8.11;7.90;0.00;390;390;465;175;217;64;0.41;0.00;0.41;2.90;0.00;2.90;2;VIII;8;SU-152;106000;"";NULL;1
78;122 mm D-25-44;122;26;0;26;;0;3.13;0.00;3.13;0.00;390;390;465;175;217;61;0.43;0.00;0.43;3.40;0.00;3.40;2;VIII;8;T-44;106000;"";NULL;1
79;122 mm D-25S;122;35;0;35;;0;7.50;0.00;7.50;0.00;390;390;465;175;217;64;0.41;0.00;0.41;2.90;0.00;2.90;2;VIII;8;SU-122-44;0;"";NULL;1
80;122 mm D-2-5S;122;36;0;36;;0;4.69;0.00;4.69;0.00;390;390;465;175;217;61;0.43;0.00;0.43;2.90;0.00;2.90;2;VII;7;SU-100;84000;"";NULL;1
81;122 mm D-25T;122;26;50;38;;0;4.88;5.45;5.17;0.00;390;390;465;175;217;61;0.46;0.00;0.46;2.90;3.40;3.15;2;VIII;8;KV-3;125000;"";NULL;1
82;122 mm D-25T;122;28;45;36;;0;4.80;5.31;5.06;0.00;390;390;465;175;300;61;0.46;0.00;0.46;2.90;3.40;3.15;2;VIII;8;IS-2;135000;"";NULL;4
83;122 mm D-2-5T;122;26;50;38;;0;3.75;4.17;3.96;0.00;390;390;465;175;217;61;0.46;0.00;0.46;3.40;0.00;3.40;2;VII;7;KV-1S;84000;"";NULL;1
84;122 mm D-25TA;122;40;45;42;;0;4.17;4.55;4.36;0.00;390;390;465;175;250;61;0.46;0.00;0.46;3.40;0.00;3.40;2;VIII;8;T-34-3;0;"";NULL;4
85;122 mm D-30;122;30;0;30;;0;5.13;0.00;5.13;0.00;390;390;465;175;217;61;0.46;0.00;0.46;3.40;0.00;3.40;2;VIII;8;IS-6;0;"";NULL;1
86;122 mm D-49;122;35;0;35;;0;8.11;0.00;8.11;0.00;390;390;465;175;217;61;0.39;0.00;0.39;2.50;0.00;2.50;2;VIII;8;SU-122-54;135000;"";NULL;1
87;122 mm howitzer A-19;122;26;0;26;;0;4.00;0.00;4.00;0.00;465;390;0;65;217;0;0.84;0.00;0.84;6.00;0.00;6.00;2;VI;6;SU-8;60000;"";NULL;1
88;122 mm Howitzer M-30;122;20;0;20;;0;3.64;0.00;3.64;0.00;465;390;0;65;200;0;0.86;0.00;0.86;7.00;0.00;7.00;725;V;5;SU-122A;45000;"";NULL;1
89;122 mm Howitzer mod. 1910/1930;122;28;0;28;;0;3.87;0.00;3.87;0.00;300;420;270;61;61;140;0.84;0.00;0.84;6.50;0.00;6.50;425;IV;4;SU-5;35000;"";NULL;1
90;122 mm M-30S;122;32;0;32;;0;5.26;0.00;5.26;0.00;450;370;0;61;160;0;0.55;0.00;0.55;2.30;0.00;2.30;1;V;5;SU-85;42000;"";NULL;1
91;122 mm M62-C2;122;35;0;35;;0;6.00;0.00;6.00;0.00;440;440;530;268;400;68;0.36;0.00;0.36;2.50;0.00;2.50;3;X;10;SU-122-54;295000;"";NULL;1
92;122 mm M62-T2;122;30;40;35;;0;4.51;5.00;4.76;0.00;440;440;530;268;400;68;0.38;0.00;0.38;2.90;3.40;3.15;3;X;10;IS-8;335000;"";NULL;1
93;122 mm U-11;122;36;80;58;;0;5.08;5.45;5.27;0.00;450;370;0;61;140;0;0.57;0.00;0.57;2.90;0.00;2.90;1;V;5;KV-1;45000;"";NULL;1
94;13,2 mm Hotchkiss mle. 1930;132;255;0;255;;0;136.36;0.00;136.36;0.00;8;8;0;23;36;0;0.58;0.00;0.58;2.00;0.00;2.00;38;I;1;Renault NC-31;1000;"";NULL;4
95;13.2 mm Hotchkiss mle. 1930;132;255;255;255;;0;73.97;186.21;130.09;0.00;8;8;0;23;36;0;0.58;0.00;0.58;2.00;0.00;2.00;70;I;1;Renault FT;1000;"";NULL;6
96;130 mm 59-130T;130;40;0;40;;0;4.29;0.00;4.29;0.00;490;490;640;244;340;65;0.40;0.00;0.40;2.90;0.00;2.90;3;X;10;WZ-111 1-4;330000;"";NULL;4
97;130 mm B-13-S2;130;26;0;26;;0;3.75;0.00;3.75;0.00;440;510;580;196;171;65;0.38;0.00;0.38;2.90;0.00;2.90;5;VIII;8;SU-100Y;0;"";NULL;1
98;130 mm S-70;130;30;0;30;;0;4.38;0.00;4.38;0.00;490;490;640;260;303;68;0.40;0.00;0.40;3.40;0.00;3.40;2;X;10;IS-7;297000;"";NULL;1
99;130 mm S-70A;130;42;0;42;;0;5.45;0.00;5.45;0.00;550;550;750;290;330;75;0.32;0.00;0.32;2.50;0.00;2.50;2;X;10;Object 263;295000;"";NULL;1
100;15 cm KwK 44 L/38;150;28;0;28;;0;3.00;0.00;3.00;0.00;750;750;950;235;334;85;0.40;0.00;0.40;2.90;0.00;2.90;3;X;10;E-100;340000;"";NULL;2
101;15 cm s.F.H. 13 L/17;150;18;22;20;;0;2.55;2.61;2.58;0.00;680;680;0;75;185;0;0.78;0.00;0.78;6.00;0.00;6.00;1;V;5;Grille;44000;"";NULL;2
102;15 cm s.F.H. 18 L/29.5;150;18;30;24;;0;1.92;2.11;2.02;0.00;950;750;0;85;185;0;0.74;0.76;0.75;7.00;0.00;7.00;1;VI;6;Hummel;61000;;NULL;2
103;15 cm s.F.H. 43;150;30;0;30;;0;1.74;0.00;1.74;0.00;1200;900;1200;88;240;88;0.70;0.00;0.70;7.00;0.00;7.00;2;VII;7;G.W. Panther;102000;"";NULL;2
104;15 cm s.I.G. 33 L/11;150;20;30;25;;0;2.63;3.75;3.19;0.00;350;450;300;75;75;185;0.84;0.86;0.85;6.50;0.00;6.50;760;III;3;Sturmpanzer I Bison;8000;"";NULL;2
105;15 mm Machine Gun BESA;150;255;255;255;;0;76.09;102.38;89.24;0.00;9;0;0;25;0;0;0.53;0.56;0.55;1.70;2.00;1.85;70;I;1;Vickers Medium Mk. I;1000;"";NULL;5
106;152 mm BL-10;152;20;30;25;;0;3.41;3.51;3.46;0.00;750;750;950;286;329;90;0.39;0.41;0.40;2.90;3.40;3.15;6;X;10;ISU-152;320000;"";NULL;1
107;152 mm BR-2;152;16;47;31;;0;2.15;2.78;2.47;0.00;950;750;950;88;246;90;0.72;0.76;0.74;6.50;7.00;6.75;5;VII;7;S-51;92000;"";NULL;1
108;152 mm Howitzer D-1;152;15;0;15;;0;1.90;0.00;1.90;0.00;910;700;0;88;250;0;0.86;0.00;0.86;7.00;0.00;7.00;1;VI;6;SU-122A;61000;"";NULL;1
109;152 mm howitzer ML-20 mod.31;152;26;0;26;;0;2.18;2.31;2.25;0.00;910;700;0;88;250;0;0.80;0.84;0.82;7.00;0.00;7.00;2;VI;6;SU-8;64000;"";NULL;1
110;152 mm M-10;152;36;0;36;;0;2.50;0.00;2.50;0.00;700;700;910;110;206;86;0.60;0.00;0.60;4.00;0.00;4.00;2;VI;6;KV-2;60000;"";NULL;1
111;152 mm M64;152;35;0;35;;0;3.53;0.00;3.53;0.00;850;850;1100;303;450;90;0.33;0.00;0.33;2.70;0.00;2.70;6;X;10;Object 268;300000;"";NULL;1
112;152 mm ML-20 mod. 1931/37;152;26;0;26;;0;3.39;0.00;3.39;0.00;700;700;910;135;250;86;0.50;0.00;0.50;3.40;0.00;3.40;2;VI;6;SU-152;49000;"";NULL;1
113;152 mm ML-20S;152;26;0;26;;0;3.51;0.00;3.51;0.00;700;700;910;135;250;86;0.48;0.00;0.48;3.40;0.00;3.40;2;VI;6;ISU-152;53000;"";NULL;1
114;152 mm ML-20SM mod. 1944;152;34;0;34;;0;3.51;0.00;3.51;0.00;700;700;910;135;250;86;0.46;0.00;0.46;2.70;0.00;2.70;2;VII;7;Object 704;78000;"";NULL;1
115;152 mm mortar NM mod. 1931.;152;14;0;14;;0;3.53;0.00;3.53;0.00;360;0;0;75;0;0;0.88;0.00;0.88;6.50;0.00;6.50;425;V;5;SU-5;48000;"";NULL;1
116;155 mm AC SA58;155;30;0;30;;0;3.00;0.00;3.00;0.00;850;850;1100;293;408;90;0.36;0.00;0.36;3.00;0.00;3.00;5;X;10;AMX 50 Foch (155);375000;"";NULL;6
117;155 mm AT Gun T7;155;30;34;32;;0;2.86;3.28;3.07;0.00;750;750;950;276;320;90;0.38;0.39;0.39;2.50;2.90;2.70;3;X;10;T95;335000;"";NULL;7
118;155 mm AT Gun T7E2;155;27;0;27;;0;2.86;3.28;3.07;0.00;850;850;1100;295;375;90;0.36;0.37;0.37;2.50;2.90;2.70;3;X;10;T110E4;335000;"";NULL;7
119;155 mm Gun M1918M1;155;20;0;20;;0;2.11;0.00;2.11;0.00;950;950;0;85;90;0;0.76;0.00;0.76;7.00;0.00;7.00;3;VI;6;M12;61000;"";NULL;7
120;155 mm Gun M1A1;155;20;30;25;;0;1.60;1.82;1.71;0.00;1250;1250;0;88;90;0;0.72;0.00;0.72;6.50;7.50;7.00;4;VII;7;M40/M43;96000;"";NULL;7
121;155 mm Gun M46;155;40;0;40;;0;1.97;0.00;1.97;0.00;1250;1250;0;88;90;0;0.68;0.00;0.68;6.00;0.00;6.00;3;VIII;8;M53/M55;125000;"";NULL;7
122;155 mm Howitzer M1;155;22;36;29;;0;2.40;2.67;2.54;0.00;700;700;0;78;240;0;0.82;0.00;0.82;6.50;7.00;6.75;1;V;5;M41;45000;"";NULL;7
123;155 mm Howitzer M45;155;36;0;36;;0;2.73;0.00;2.73;0.00;700;700;0;78;240;0;0.80;0.00;0.80;6.00;0.00;6.00;1;VI;6;M44;68000;"";NULL;7
124;17 cm Kanone 72;170;21;0;21;;0;1.69;1.82;1.76;0.00;1400;1400;0;88;95;0;0.72;0.74;0.73;7.00;0.00;7.00;6;VII;7;G.W. Tiger;140000;"";NULL;2
125;17 cm PaK;170;24;0;24;;0;2.33;0.00;2.33;0.00;1050;1050;1400;299;420;85;0.35;0.00;0.35;2.70;0.00;2.70;7;X;10;JagdPz E-100;365000;;NULL;2
126;17-pdr AT Gun Mk. II;170;86;0;86;;0;11.11;0.00;11.11;0.00;150;150;190;171;239;38;0.36;0.00;0.36;2.30;0.00;2.30;1;VI;6;S 35 CA;45000;"";NULL;6
127;180 mm B-1-P;180;18;0;18;;0;1.71;0.00;1.71;0.00;1700;1100;1700;102;360;102;0.66;0.00;0.66;6.50;0.00;6.50;17;IX;9;Object 261;230000;"";NULL;1
128;183 mm L4;180;12;0;12;;0;2.00;0.00;2.00;0.00;1150;1750;1750;310;275;92;0.40;0.00;0.40;3.40;0.00;3.40;5;X;10;FV215b (183);335000;"";NULL;5
129;2 cm Breda (i);20;255;255;255;1;12;97.96;117.07;107.52;4.60;11;11;0;30;47;0;0.53;0.53;0.53;1.80;1.80;1.80;70;I;1;Leichttraktor;1000;credit;35;2
130;2 cm Flak 38 L/112;20;255;255;255;;0;109.09;178.22;143.66;0.00;11;11;0;39;51;0;0.45;0.00;0.45;1.30;1.60;1.45;110;II;2;Pz.Kpfw. 35 (t);3000;"";NULL;2
131;2 cm KwK 30 L/55;20;240;255;255;;0;96.33;120.69;108.51;0.00;11;11;0;23;46;0;0.59;0.00;0.59;1.70;0.00;1.70;70;I;1;Pz.Kpfw. 35 (t);2000;"";NULL;2
132;2 cm KwK 38 L/55;20;240;255;255;;0;109.09;130.43;119.76;0.00;11;11;0;23;46;0;0.57;0.00;0.57;1.40;1.70;1.55;70;I;1;Leichttraktor;1000;"";NULL;2
133;2 cm KwK 38 L/55J;20;255;0;255;;0;138.46;0.00;138.46;0.00;11;11;0;23;46;0;0.57;0.00;0.57;1.40;0.00;1.40;70;I;1;Pz.Kpfw. II Ausf. J;0;"";NULL;2
134;20 mm Hispano Suiza Birgikt Gun M1;20;255;0;255;;0;99.34;0.00;99.34;0.00;12;12;0;30;41;0;0.50;0.00;0.50;1.70;0.00;1.70;68;II;2;T2 Light Tank;0;"";NULL;7
135;20 mm Hispano-Suiza Birgikt Gun;20;255;255;255;;0;73.17;108.43;90.80;0.00;12;12;0;30;41;0;0.50;0.00;0.50;1.50;1.90;1.70;68;II;2;M3 Stuart;2000;"";NULL;7
136;20 mm TNSh;20;255;255;255;;0;90.23;114.29;102.26;0.00;10;10;0;28;39;0;0.53;0.00;0.53;1.70;1.90;1.80;68;I;1;MS-1;2000;"";NULL;1
137;203 mm B-4;203;0;40;40;;0;1.06;1.38;1.22;0.00;1850;1450;1850;102;260;102;0.84;0.90;0.87;7.50;8.00;7.75;5;IX;9;S-51;235000;"";NULL;1
138;21 cm Morser 18/1;210;15;0;15;;0;1.16;1.25;1.21;0.00;2000;1550;2000;105;303;105;0.86;0.90;0.88;7.50;0.00;7.50;5;IX;9;G.W. Tiger;245000;"";NULL;2
139;21 cm Morser 18/2;210;30;0;30;;0;1.41;0.00;1.41;0.00;2000;1550;2000;105;303;105;0.84;0.00;0.84;7.00;0.00;7.00;5;X;10;G.W. E 100;340000;"";NULL;2
140;23 mm PT-23TB;230;255;0;255;;0;61.54;0.00;61.54;0.00;12;12;0;28;39;0;0.55;0.00;0.55;1.70;0.00;1.70;70;I;1;T-60;2000;"";NULL;1
141;23 mm VJa;230;225;255;255;;0;81.82;114.29;98.06;0.00;12;12;0;30;42;0;0.54;0.00;0.54;1.60;1.90;1.75;71;II;2;MS-1;2000;"";NULL;1
142;240 mm Howitzer M1;240;16;0;16;;0;1.13;0.00;1.13;0.00;2250;1800;2250;120;370;120;0.92;0.00;0.92;8.00;0.00;8.00;11;X;10;T92;350000;"";NULL;7
143;25 mm AC SA-L mle. 1934;25;255;0;255;;0;35.29;0.00;35.29;0.00;20;20;0;50;75;0;0.43;0.00;0.43;1.50;0.00;1.50;70;I;1;Renault FT AC;3000;"";NULL;6
144;25 mm AC SA-L mle. 1937;25;255;0;255;;0;35.29;0.00;35.29;0.00;20;20;0;50;75;0;0.41;0.00;0.41;1.50;0.00;1.50;70;II;2;Renault FT AC;3000;"";NULL;6
145;25 mm automatique mle. 1936;25;255;0;255;;0;62.59;0.00;62.59;0.00;20;20;0;50;75;0;0.43;0.00;0.43;1.70;0.00;1.70;70;II;2;Renault FT AC;6000;"";NULL;6
146;25 mm Canon Raccourci mle. 1934;25;160;255;255;;0;28.57;35.29;31.93;0.00;27;27;0;46;68;0;0.45;0.00;0.45;1.50;1.70;1.60;71;II;2;Renault FT;2000;"";NULL;6
147;3 cm M.K. 103;30;180;255;255;;0;23.20;39.50;31.35;0.00;30;30;40;95;110;15;0.46;0.50;0.48;1.70;2.30;2.00;141;V;5;VK 16.02 Leopard;2000;"";NULL;2
148;3,7 cm KwK 34 (t) L/40;37;72;0;72;;0;26.09;0.00;26.09;0.00;40;40;45;40;69;18;0.48;0.00;0.48;1.70;0.00;1.70;70;I;1;Pz.Kpfw. 35 (t);2000;"";NULL;2
149;3,7 cm KwK 36 L/46.5;37;64;156;110;;0;26.09;0.00;26.09;0.00;36;36;42;40;74;18;0.46;0.00;0.46;1.70;0.00;1.70;100;I;1;Leichttraktor;0;"";NULL;2
150;3,7 cm KwK 38 (t) L/47;37;72;90;81;;0;26.09;0.00;26.09;0.00;40;40;45;42;74;18;0.41;0.00;0.41;1.70;0.00;1.70;100;II;2;Pz.Kpfw. 35 (t);2000;"";NULL;2
151;3,7 cm KwK 38 (t) L/47;37;78;0;78;;0;26.25;0.00;26.25;0.00;40;40;45;42;74;18;0.41;0.00;0.41;1.70;0.00;1.70;100;II;2;T-15;0;"";NULL;2
152;3,7 cm PaK (t) L/47;37;96;0;96;0;0;28.57;0.00;28.57;0.00;40;40;45;42;74;18;0.39;0.00;0.39;1.50;0.00;1.50;100;II;2;Panzerjager I;2730000;credit;NULL;2
153;3,7 cm SA 38 L/34;37;100;0;100;;0;26.25;0.00;26.25;0.00;40;40;45;41;64;18;0.40;0.00;0.40;1.70;0.00;1.70;70;I;1;Pz.Kpfw. 38H 735 (f);0;"";NULL;2
154;3.7-inch AT Howitzer;;42;48;45;;0;7.50;0.00;7.50;0.00;370;280;0;47;110;0;0.49;0.00;0.49;2.50;0.00;2.50;393;V;5;Valentine AT;35000;"";NULL;5
155;3.7-inch Howitzer;;30;50;40;;0;5.00;8.57;6.79;0.00;370;280;0;47;110;0;0.51;0.58;0.55;2.30;3.40;2.85;393;V;5;Cruiser Mk. II;35000;"";NULL;5
156;37 mm APX SA18;37;100;237;168;;0;24.00;26.09;25.05;0.00;30;30;36;29;46;18;0.54;0.00;0.54;2.00;2.50;2.25;100;I;1;Renault FT;0;"";NULL;6
157;37 mm AT Gun M3;37;110;0;110;;0;28.57;0.00;28.57;0.00;40;40;50;56;78;19;0.40;0.00;0.40;1.50;0.00;1.50;82;II;2;T18;8000;"";NULL;7
158;37 mm automatic SH-37;37;120;180;150;;0;6.37;129.81;68.09;0.00;40;40;50;46;62;19;0.45;0.00;0.45;2.30;0.00;2.30;200;V;5;A-20;26000;"";NULL;1
159;37 mm B-3;37;67;160;113;;0;24.00;26.09;25.05;0.00;36;36;40;40;64;19;0.46;0.00;0.46;2.30;2.50;2.40;77;I;1;MS-1;1000;"";NULL;1
160;37 mm Browning Semiautomatic Gun;37;100;110;105;;0;30.00;38.96;34.48;0.00;30;30;36;39;63;19;0.47;0.00;0.47;1.70;2.50;2.10;65;II;2;T1 Cunningham;2000;"";NULL;7
161;37 mm Gun APX SA18;37;237;0;237;;0;24.00;0.00;24.00;0.00;30;30;36;29;46;18;0.54;0.00;0.54;2.00;2.30;2.15;110;I;1;Renault NC-31;0;"";NULL;4
162;37 mm Gun KwK 36 L/46.5;37;100;160;130;;0;26.09;28.57;27.33;0.00;36;36;42;40;74;18;0.46;0.00;0.46;1.70;2.00;1.85;100;I;1;Renault NC-31;1000;"";NULL;4
163;37 mm Gun M1916;37;104;0;104;;0;24.00;0.00;24.00;0.00;30;30;36;28;45;19;0.54;0.00;0.54;2.50;0.00;2.50;104;I;1;T1 Cunningham;0;"";NULL;7
164;37 mm Gun M5;37;103;120;111;;0;24.00;26.09;25.05;0.00;40;40;50;48;70;19;0.46;0.00;0.46;1.70;2.10;1.90;78;II;2;M2 Light Tank;2000;"";NULL;7
165;37 mm Gun M6;37;50;0;50;;0;26.20;0.00;26.20;0.00;40;40;50;56;78;19;0.41;0.00;0.41;1.70;0.00;1.70;82;III;3;M22 Locust;0;"";NULL;7
166;37 mm Gun M6;37;103;210;156;;0;26.09;0.00;26.09;0.00;40;40;50;56;78;19;0.41;0.42;0.42;1.70;0.00;1.70;82;III;3;M2 Medium Tank;8000;"";NULL;7
167;37 mm Hotchkiss;37;92;104;98;;0;24.00;26.09;25.05;0.00;30;30;36;34;44;19;0.54;0.00;0.54;2.30;2.50;2.40;104;I;1;MS-1;0;"";NULL;1
168;37 mm M5;37;103;0;103;;0;24.00;0.00;24.00;0.00;40;40;50;48;70;19;0.46;0.00;0.46;1.90;0.00;1.90;78;II;2;M3 Light;0;;NULL;1
169;37 mm M6;37;123;147;135;;0;26.09;0.00;26.09;0.00;40;40;50;56;78;19;0.42;0.00;0.42;1.70;0.00;1.70;84;III;3;M5A1 Stuart;8000;"";NULL;4
170;37 mm SA38;37;100;162;131;;0;19.35;25.00;22.18;0.00;40;40;45;34;67;24;0.48;0.00;0.48;2.00;0.00;2.00;70;II;2;Hotchkiss H35;1000;"";NULL;6
171;37 mm Semiautomatic Gun M1924;37;100;110;105;;0;30.00;38.96;34.48;0.00;30;30;36;33;53;19;0.51;0.00;0.51;1.70;2.50;2.10;65;I;1;T1 Cunningham;1000;"";NULL;7
172;37 mm Semiautomatic Gun M1924A1;37;80;0;80;;0;40.00;0.00;40.00;0.00;30;30;36;33;53;19;0.51;0.00;0.51;1.90;0.00;1.90;65;I;1;T1E6;0;"";NULL;7
173;37 mm ZiS-19;37;80;150;115;;0;22.20;28.60;25.40;0.00;40;40;50;58;92;19;0.39;0.00;0.39;1.90;2.30;2.10;200;III;3;BT-7;4000;"";NULL;1
174;37 mm ZiS-19S;37;78;0;78;;0;28.57;0.00;28.57;0.00;40;40;50;58;92;19;0.35;0.00;0.35;1.70;0.00;1.70;200;III;3;AT-1;2000;"";NULL;1
175;3-inch 20 cwt AT Gun Mk. III;;85;0;85;;0;15.00;0.00;15.00;0.00;140;140;190;112;140;38;0.36;0.00;0.36;1.70;0.00;1.70;1;VI;6;Churchill Gun Carrier;62000;"";NULL;5
176;3-inch AT Gun M7;;45;54;49;;0;14.29;15.79;15.04;0.00;110;110;175;101;157;38;0.41;0.43;0.42;1.70;0.00;1.70;1;V;5;M8A1;33000;"";NULL;7
177;3-inch Gun M7;;75;0;75;;0;13.95;0.00;13.95;0.00;110;110;175;101;157;38;0.46;0.00;0.46;2.30;0.00;2.30;1;V;5;T1 Heavy Tank;33000;"";NULL;7
178;3-inch Gun T9;;40;0;40;;0;6.80;0.00;6.80;0.00;170;130;0;42;100;0;0.80;0.00;0.80;5.50;0.00;5.50;903;II;2;T57;2000;"";NULL;7
179;4,7 cm PaK (t) L/43;47;56;86;71;;0;24.00;26.09;25.05;0.00;60;60;75;62;115;24;0.37;0.00;0.37;1.30;2.00;1.65;100;II;2;Panzerjager I;3000;;NULL;2
180;4,7 cm SA 35 L/34;47;112;0;112;;0;27.63;0.00;27.63;0.00;52;52;62;55;90;24;0.39;0.00;0.39;1.10;0.00;1.10;100;II;2;Pz.Kpfw. S35 739 (f);0;"";NULL;2
181;40 mm Pom Pom;40;120;200;160;;0;24.30;36.92;30.61;0.00;45;45;60;49;71;23;0.41;0.48;0.45;1.70;2.30;2.00;160;IV;4;Cruiser Mk. I;20000;"";NULL;5
182;40 mm Pom Pom;40;160;0;160;;0;24.30;0.00;24.30;0.00;45;45;60;49;71;23;0.48;0.00;0.48;2.30;0.00;2.30;160;IV;4;Vickers Mk. E Type B;20000;"";NULL;4
183;44-caliber Automatic Cannon;;255;0;255;;0;36.75;0.00;36.75;0.00;40;40;50;45;61;19;0.48;0.00;0.48;1.70;0.00;1.70;358;V;5;MTLS-1G14;0;"";NULL;7
184;45 mm 20K;45;80;150;115;;0;26.09;0.00;26.09;0.00;47;47;62;51;88;23;0.46;0.00;0.46;1.90;2.30;2.10;250;II;2;BT-7;2000;"";NULL;1
185;45 mm 20K;45;120;136;128;;0;26.09;0.00;26.09;0.00;47;47;62;51;88;23;0.46;0.00;0.46;1.70;2.30;2.00;313;II;2;Vickers Mk. E Type B;2000;"";NULL;4
186;45 mm 20KL;45;61;150;105;;0;26.25;0.00;26.25;0.00;47;47;62;51;84;23;0.41;0.43;0.42;1.70;2.10;1.90;250;II;2;T-127;0;"";NULL;1
187;45 mm 20KS;45;80;0;80;;0;28.57;0.00;28.57;0.00;47;47;62;51;84;23;0.43;0.00;0.43;1.70;0.00;1.70;250;II;2;AT-1;2000;"";NULL;1
188;45 mm mod. 1932;45;54;0;54;;0;20.69;0.00;20.69;0.00;47;47;62;51;88;23;0.46;0.00;0.46;2.50;0.00;2.50;240;II;2;MS-1;2000;"";NULL;1
189;45 mm VT-42;45;77;140;108;;0;26.09;0.00;26.09;0.00;49;49;63;75;95;23;0.37;0.00;0.37;1.90;2.30;2.10;322;IV;4;A-20;20000;"";NULL;1
190;45 mm VT-43;45;100;0;100;;0;28.57;0.00;28.57;0.00;55;55;65;75;110;23;0.34;0.00;0.34;1.70;2.00;1.85;312;IV;4;T-50;22000;"";NULL;1
191;47 mm SA34;47;112;156;134;;0;18.75;27.27;23.01;0.00;50;50;62;25;46;24;0.52;0.53;0.53;1.50;2.30;1.90;90;II;2;D1;2000;"";NULL;6
192;47 mm SA35;47;112;156;134;;0;18.75;27.27;23.01;0.00;55;55;70;45;79;24;0.46;0.47;0.47;1.50;2.50;2.00;100;III;3;AMX 38;3000;"";NULL;6
193;47 mm SA37;47;112;120;116;;0;23.08;26.09;24.59;0.00;55;55;70;66;98;24;0.39;0.00;0.39;1.70;2.30;2.00;100;III;3;D2;4000;"";NULL;6
194;47 mm SA-L Mle.37;47;110;150;130;;0;26.09;27.27;26.68;0.00;55;55;70;66;98;24;0.35;0.37;0.36;1.70;2.00;1.85;100;III;3;Renault FT AC;8000;"";NULL;6
195;47 mm Gun Type 1;47;61;104;82;;0;20.00;24.00;22.00;0.00;70;70;90;81;131;25;0.42;0.44;0.43;2.30;0.00;2.30;350;IV;4;Type 2597 Chi-Ha;21000;;NULL;
196;47 mm Vickers QF;47;50;96;73;;0;16.67;18.18;17.43;0.00;50;50;65;45;70;23;0.48;0.00;0.48;2.30;2.90;2.60;100;II;2;Vickers Mk. E Type B;1000;"";NULL;4
197;5 cm KwK 38 L/42;50;50;93;71;;0;24.00;0.00;24.00;0.00;70;70;90;60;96;25;0.48;0.00;0.48;2.30;0.00;2.30;700;III;3;Pz.Kpfw. III;8000;"";NULL;2
198;5 cm KwK 39 L/60;50;60;120;90;;0;24.00;28.57;26.29;0.00;70;70;90;67;130;25;0.39;0.40;0.40;1.70;2.30;2.00;700;III;3;Pz.Kpfw. IV;9000;"";NULL;2
199;57 mm 55-57FG;57;70;100;85;;0;20.00;26.09;23.05;0.00;85;85;95;112;189;29;0.34;0.00;0.34;2.30;0.00;2.30;448;V;5;Type T-34;48000;"";NULL;4
200;57 mm Gun M1;57;66;126;96;;0;21.43;26.09;23.76;0.00;75;75;95;110;180;29;0.39;0.00;0.39;1.70;2.00;1.85;400;V;5;T82;33000;"";NULL;7
201;57 mm project 413;57;166;184;175;;0;26.09;0.00;26.09;0.00;85;85;95;112;189;29;0.34;0.00;0.34;2.30;0.00;2.30;740;V;5;KV-1;38000;"";NULL;1
202;57 mm ZiS-2;57;72;0;72;;0;18.75;26.09;22.42;0.00;85;85;95;112;189;29;0.34;0.00;0.34;1.70;2.30;2.00;850;VI;6;SU-76;62000;"";NULL;1
203;57 mm ZiS-4;57;76;78;77;;0;17.60;26.10;21.85;0.00;85;85;95;112;189;29;0.34;0.00;0.34;2.30;0.00;2.30;740;V;5;T-34;41000;"";NULL;1
204;57 mm ZiS-8;57;76;78;77;;0;20.69;0.00;20.69;0.00;75;75;95;75;112;29;0.45;0.46;0.46;2.30;0.00;2.30;400;IV;4;T-28;22000;"";NULL;1
205;57 mm ZiS-8S;57;60;80;70;;0;19.35;23.08;21.22;0.00;75;75;95;75;112;29;0.41;0.43;0.42;1.70;2.30;2.00;400;IV;4;AT-1;22000;"";NULL;1
206;57 mm Gun Type 97;57;120;0;120;;0;20.00;0.00;20.00;0.00;75;75;95;30;55;28;0.46;0.00;0.46;2.30;0.00;2.30;150;II;2;Type 2597 Chi-Ha;3000;;NULL;4
207;6-pdr AT Gun Mk. IV;;70;0;70;;0;21.43;0.00;21.43;0.00;75;75;0;110;180;0;0.39;0.00;0.39;2.00;0.00;2.00;450;IV;4;Renault UE 57;25000;"";NULL;6
208;7,5 cm A18 KwK;75;60;0;60;;0;14.00;0.00;14.00;0.00;110;110;175;116;167;38;0.41;0.00;0.41;2.50;0.00;2.50;1;V;5;T-25;0;"";NULL;2
209;7,5 cm KwK 37 L/24;75;70;80;75;;0;14.00;17.60;15.80;0.00;110;110;175;43;87;38;0.55;0.00;0.55;1.70;2.30;2.00;780;IV;4;Pz.Kpfw. IV;10000;"";NULL;2
210;7,5 cm KwK 40 L/43;75;78;92;85;;0;13.95;16.22;15.09;0.00;110;110;175;103;139;38;0.41;0.00;0.41;1.70;2.30;2.00;1;IV;4;Pz.Kpfw. IV;25000;"";NULL;2
211;7,5 cm KwK 40 L/48;75;87;92;89;;0;13.95;14.00;13.98;0.00;110;110;175;110;158;38;0.39;0.00;0.39;1.70;2.30;2.00;1;V;5;Pz.Kpfw. IV Hydraulic;0;"";NULL;2
212;7,5 cm KwK 40 L/48;75;54;92;73;;0;13.95;16.22;15.09;0.00;110;110;175;110;158;38;0.39;0.00;0.39;1.70;2.30;2.00;1;V;5;Pz.Kpfw. IV;27000;"";NULL;2
213;7,5 cm KwK 42 L/70;75;36;110;73;;0;10.53;13.33;11.93;0.00;135;135;175;150;194;38;0.35;0.00;0.35;2.30;0.00;2.30;1;VI;6;Pz.Kpfw. VI Tiger;53000;"";NULL;2
214;7,5 cm KwK 42 L/70;75;82;0;82;;0;13.33;0.00;13.33;0.00;135;135;175;150;194;38;0.35;0.00;0.35;2.30;0.00;2.30;955;VI;6;Panther/M10;0;"";NULL;2
215;7,5 cm KwK 44/1 L/70;75;60;0;60;;0;13.04;0.00;13.04;0.00;135;135;175;150;194;38;0.35;0.00;0.35;2.30;0.00;2.30;955;VI;6;Pz.Kpfw. IV Schmalturm;0;"";NULL;2
216;7,5 cm KwK 45 L/100;75;80;90;85;;0;12.50;13.33;12.92;0.00;135;135;175;198;244;38;0.30;0.32;0.31;2.30;0.00;2.30;2;VIII;8;Pz.Kpfw. V Panther;128000;"";NULL;2
217;7,5 cm PaK 39 L/48;75;40;79;59;;0;15.38;17.14;16.26;0.00;110;110;175;110;158;38;0.37;0.00;0.37;1.70;0.00;1.70;1;V;5;Hetzer;27000;"";NULL;2
218;7,5 cm PaK 40/2 L/46;75;37;0;37;;0;12.50;17.65;15.08;0.00;110;110;175;108;154;38;0.38;0.40;0.39;1.70;2.50;2.10;470;V;5;Marder II;30000;"";NULL;2
219;7,5 cm StuK 40 L/43;75;40;44;42;;0;15.38;0.00;15.38;0.00;110;110;175;103;139;38;0.39;0.00;0.39;1.70;0.00;1.70;1;IV;4;Hetzer;25000;"";NULL;2
220;7,5 cm StuK 42 L/70;75;36;68;52;;0;13.33;15.79;14.56;0.00;135;135;175;150;194;38;0.33;0.00;0.33;1.70;0.00;1.70;1;VI;6;StuG III;53000;"";NULL;2
221;7,5 cm StuK 42 L/70;75;60;0;60;;0;20.00;0.00;20.00;0.00;135;135;175;150;194;38;0.30;0.00;0.30;1.50;0.00;1.50;955;VI;6;E-25;0;"";NULL;2
222;7,5/5,5 cm Waffe 0725;;68;0;68;;0;12.00;15.00;13.50;0.00;135;135;0;157;221;0;0.34;0.00;0.34;2.30;0.00;2.30;720;VII;7;VK 36.01 (H);18000;;NULL;2
223;7,62 cm PaK 36 (r);76.2;36;0;36;;0;12.00;16.67;14.34;0.00;115;115;165;96;166;38;0.42;0.44;0.43;1.90;2.70;2.30;460;IV;4;Marder II;28000;;NULL;2
224;7,92 mm Mauser E.W. 141;79.2;255;0;255;;0;253.52;0.00;253.52;0.00;8;8;0;33;43;0;0.45;0.00;0.45;1.30;0.00;1.30;30;II;2;Pz.Kpfw. I Ausf. C;3000;"";NULL;2
225;75 mm AC SA44;75;40;160;100;;0;15.79;17.14;16.47;0.00;110;110;175;100;129;38;0.41;0.00;0.41;1.70;0.00;1.70;1;V;5;Somua SAu 40;27000;"";NULL;6
226;75 mm APX mle. 1938;75;40;200;120;;0;15.79;17.14;16.47;0.00;110;110;175;68;100;38;0.45;0.00;0.45;1.70;0.00;1.70;1;III;3;Somua SAu 40;22000;"";NULL;6
227;75 mm AT Gun M3;75;46;0;46;;0;14.29;0.00;14.29;0.00;110;110;175;92;127;38;0.43;0.00;0.43;1.70;1.90;1.80;1;IV;4;M8A1;30000;"";NULL;7
228;75 mm AT Gun Mk. V;75;120;0;120;;0;26.09;0.00;26.09;0.00;110;110;175;91;144;38;0.39;0.00;0.39;1.70;0.00;1.70;500;V;5;AT 8;45000;"";NULL;5
229;75 mm AT Howitzer M3;75;46;0;46;;0;16.22;0.00;16.22;0.00;175;110;0;38;91;0;0.53;0.00;0.53;1.90;0.00;1.90;138;III;3;M8A1;5000;"";NULL;7
230;75 mm Blockhaus Schneider;75;24;0;24;;0;7.69;0.00;7.69;0.00;165;110;0;38;100;0;0.77;0.00;0.77;4.50;0.00;4.50;210;II;2;Renault FT 75 BS;2000;"";NULL;6
231;75 mm Gun M2;75;50;71;60;;0;15.79;16.67;16.23;0.00;110;110;175;90;125;38;0.47;0.00;0.47;1.70;1.80;1.75;1;IV;4;M3 Lee;23000;"";NULL;7
232;75 mm Gun M3;75;50;104;77;;0;15.79;20.00;17.90;0.00;110;110;175;92;127;38;0.41;0.46;0.44;2.00;2.10;2.05;1;IV;4;M3 Lee;30000;"";NULL;7
233;75 mm Gun M3;75;90;0;90;;0;15.75;0.00;15.75;0.00;110;110;175;92;127;38;0.46;0.00;0.46;2.10;0.00;2.10;1;IV;4;M4A2E4 Sherman;0;"";NULL;7
234;75 mm Gun M6;75;48;60;54;;0;15.00;15.79;15.40;0.00;110;110;175;96;143;38;0.40;0.00;0.40;1.50;2.10;1.80;1;V;5;M24 Chaffee;33000;"";NULL;7
235;75 mm Gun Mk. V;75;44;84;64;;0;9.09;20.00;14.55;0.00;110;110;175;91;144;38;0.39;0.42;0.41;1.50;2.50;2.00;500;V;5;Valentine;45000;"";NULL;5
236;75 mm Gun Mk. V;75;64;0;64;;0;15.79;0.00;15.79;0.00;110;110;175;91;144;38;0.42;0.00;0.42;2.30;0.00;2.30;500;V;5;Excelsior;0;"";NULL;5
237;75 mm Howitzer M1A1;75;42;98;70;;0;12.50;16.22;14.36;0.00;175;110;0;38;91;0;0.53;0.00;0.53;1.70;2.30;2.00;138;IV;4;T18;26000;"";NULL;7
238;75 mm Howitzer M3;75;40;46;43;;0;13.04;14.63;13.84;0.00;175;110;0;38;91;0;0.55;0.00;0.55;2.30;0.00;2.30;138;III;3;M2 Medium Tank;5000;"";NULL;7
239;75 mm PaK 40/2;75;40;0;40;;0;15.92;0.00;15.92;0.00;110;110;175;98;126;38;0.37;0.00;0.37;1.50;0.00;1.50;1;IV;4;FCM 36 Pak 40;0;"";NULL;6
240;75 mm SA32;75;60;74;67;;0;9.68;15.79;12.74;0.00;110;110;175;74;100;38;0.46;0.00;0.46;2.30;2.50;2.40;1;IV;4;AMX 40;10000;"";NULL;6
241;75 mm SA44;75;48;74;61;;0;13.95;15.79;14.87;0.00;110;110;175;100;129;38;0.43;0.00;0.43;2.30;0.00;2.30;1;V;5;ELC AMX;27000;"";NULL;6
242;75 mm SA49 L48;75;36;42;39;;0;15.59;17.70;16.65;0.00;110;110;175;108;148;38;0.42;0.00;0.42;2.30;2.50;2.40;1;V;5;amx 12t;35000;"";NULL;6
243;75 mm SA50;75;30;48;39;;0;11.57;13.85;12.71;0.00;135;135;175;144;202;38;0.36;0.00;0.36;2.30;2.50;2.40;1;VI;6;amx 12t;64000;"";NULL;6
244;75 mm Vickers HV;75;61;84;72;;0;12.50;15.38;13.94;0.00;135;135;175;145;202;38;0.34;0.36;0.35;2.30;0.00;2.30;591;VI;6;Churchill I;50000;"";NULL;5
245;76 mm 54-76T;76;45;0;45;;0;16.22;17.65;16.94;0.00;115;115;165;85;106;38;0.36;0.00;0.36;2.30;0.00;2.30;550;V;5;59-16;49000;"";NULL;4
246;76 mm 54-76T (Autoloader);76;45;60;52;;0;19.57;21.38;20.48;0.00;115;115;165;85;106;38;0.36;0.00;0.36;2.30;0.00;2.30;1;VI;6;59-16;69000;"";NULL;4
247;76 mm AT Gun M1918;76;98;0;98;;0;16.22;0.00;16.22;0.00;110;130;170;90;100;42;0.43;0.00;0.43;1.70;0.00;1.70;900;IV;4;T40;27000;"";NULL;7
248;76 mm AT Gun M1A1;76;45;68;56;;0;16.22;18.75;17.49;0.00;115;110;185;128;177;38;0.39;0.41;0.40;1.70;0.00;1.70;1;VI;6;T40;50000;"";NULL;7
249;76 mm AT Gun M1A2;76;45;54;49;;0;18.18;19.35;18.77;0.00;115;110;185;128;177;38;0.35;0.38;0.37;1.70;0.00;1.70;1;VI;6;M10 Wolverine;62000;"";NULL;7
250;76 mm F-32;76;69;0;69;;0;15.38;0.00;15.38;0.00;110;110;156;67;100;38;0.51;0.00;0.51;2.90;0.00;2.90;770;IV;4;T-28;27000;"";NULL;1
251;76 mm F-34;76;70;77;73;;0;11.80;16.20;14.00;0.00;110;110;156;86;102;38;0.46;0.00;0.46;2.30;0.00;2.30;1;IV;4;T-34;30000;"";NULL;1
252;76 mm Gun M1A1;76;68;104;86;;0;14.29;16.67;15.48;0.00;115;110;185;128;177;38;0.43;0.00;0.43;2.30;0.00;2.30;1;VI;6;M4 Sherman;50000;"";NULL;7
253;76 mm Gun M1A1;76;70;0;70;0;1;15.79;0.00;15.79;0.00;115;110;185;128;177;38;0.43;0.00;0.43;2.30;0.00;2.30;1;VI;6;ARL 44;50000;"";NULL;6
254;76 mm Gun M1A2;76;60;126;93;;0;16.36;18.18;17.27;0.00;115;110;185;128;177;38;0.40;0.00;0.40;2.30;0.00;2.30;1;VI;6;M6;62000;"";NULL;7
255;76 mm Gun M1A2;76;45;0;45;0;1;18.18;0.00;18.18;0.00;115;110;185;128;177;38;0.40;0.00;0.40;2.10;0.00;2.10;587;VI;6;Type 64;0;"";NULL;4
256;76 mm Gun mod. 1902/30 30 clb;76;48;0;48;;0;9.10;10.00;9.55;0.00;110;164;110;70;42;75;0.73;0.00;0.73;4.50;0.00;4.50;389;II;2;SU-5;4000;"";NULL;1
257;76 mm Gun mod. 1902/30 40 clb;76;48;0;48;;0;9.10;10.00;9.55;0.00;110;164;110;80;42;75;0.71;0.00;0.71;4.50;0.00;4.50;389;III;3;SU-5;8000;"";NULL;1
258;76 mm Gun T185;76;60;0;60;;0;12.00;12.90;12.45;0.00;150;150;185;175;220;38;0.38;0.39;0.39;2.30;0.00;2.30;646;VI;6;T71;63000;"";NULL;7
259;76 mm Gun T94;76;60;0;60;;0;18.18;0.00;18.18;0.00;115;110;185;137;185;38;0.39;0.00;0.39;1.70;0.00;1.70;1;VI;6;M24 Chaffee;64000;"";NULL;7
260;76 mm KT-28;76;69;0;69;;0;13.04;0.00;13.04;0.00;105;110;164;37;100;38;0.60;0.00;0.60;2.30;0.00;2.30;540;II;2;T-28;3000;"";NULL;1
261;76 mm L-10;76;60;69;64;;0;13.04;0.00;13.04;0.00;105;110;164;66;100;38;0.57;0.00;0.57;2.90;0.00;2.90;641;III;3;T-46;10000;"";NULL;1
262;76 mm L-10S;76;40;0;40;;0;12.50;0.00;12.50;0.00;105;110;164;66;100;38;0.55;0.00;0.55;2.90;0.00;2.90;641;III;3;AT-1;10000;"";NULL;1
263;76 mm L-10U;76;72;0;72;;0;13.13;0.00;13.13;0.00;105;110;164;66;100;38;0.53;0.00;0.53;2.30;0.00;2.30;641;III;3;A-32;0;"";NULL;1
264;76 mm L-11;76;50;77;63;;0;10.00;16.22;13.11;0.00;110;110;156;68;100;38;0.51;0.00;0.51;2.90;0.00;2.90;660;IV;4;A-20;25000;"";NULL;1
265;76 mm Regimental Gun mod. 1927;76;24;48;36;;0;7.50;8.33;7.92;0.00;164;110;0;42;75;0;0.75;0.76;0.76;4.50;0.00;4.50;230;II;2;SU-18;2000;"";NULL;1
266;76 mm S-54;76;68;114;91;;0;10.53;16.67;13.60;0.00;115;110;165;109;156;39;0.41;0.00;0.41;2.30;2.90;2.60;1;V;5;T-34;40000;"";NULL;1
267;76 mm S-54S;76;52;0;52;;0;14.63;0.00;14.63;0.00;115;110;165;109;156;39;0.39;0.00;0.39;2.30;0.00;2.30;1;V;5;SU-85;39000;"";NULL;1
268;76 mm ZiS-3;76;60;64;62;;0;14.63;17.65;16.14;0.00;110;110;156;78;120;38;0.43;0.00;0.43;2.30;0.00;2.30;1;V;5;SU-76;34000;"";NULL;1
269;76 mm ZiS-5;76;120;0;120;;0;14.00;0.00;14.00;0.00;110;110;156;99;121;38;0.46;0.00;0.46;2.30;0.00;2.30;1;V;5;KV-220 Beta-Test;0;"";NULL;1
270;76 mm ZiS-5;76;68;121;94;;0;13.95;16.67;15.31;0.00;110;110;156;86;102;38;0.46;0.00;0.46;2.30;0.00;2.30;1;V;5;KV-1;33000;"";NULL;1
271;76 mm ZiS-96;76;60;0;60;;0;16.15;0.00;16.15;0.00;110;110;156;86;102;38;0.41;0.00;0.41;1.70;0.00;1.70;1;V;5;Matilda IV;0;"";NULL;1
272;76mm F-34;76;100;0;100;;0;15.79;0.00;15.79;0.00;110;110;156;86;102;38;0.46;0.00;0.46;2.30;0.00;2.30;538;IV;4;Type T-34;30000;"";NULL;4
273;8,8 cm KwK 36 L/56;88;50;92;71;;0;8.11;9.23;8.67;0.00;220;220;270;132;171;44;0.38;0.00;0.38;2.30;0.00;2.30;2;VII;7;Pz.Kpfw. VI Tiger;66000;"";NULL;2
274;8,8 cm KwK 43 L/71;88;60;92;76;;0;6.59;8.22;7.41;0.00;240;240;295;203;237;44;0.34;0.00;0.34;2.90;0.00;2.90;2;VIII;8;Pz.Kpfw. VI Tiger;112000;"";NULL;2
275;8,8 cm KwK 46 L/100;88;66;74;70;;0;8.70;9.09;8.90;0.00;240;240;295;223;261;44;0.30;0.00;0.30;2.90;0.00;2.90;3;IX;9;E-50;174000;"";NULL;2
276;8,8 cm PaK 36 L/56;88;50;60;55;;0;10.53;11.11;10.82;0.00;220;220;270;132;171;44;0.35;0.00;0.35;1.70;0.00;1.70;2;VII;7;JagdPz IV;66000;"";NULL;2
277;8,8 cm PaK 43 L/71;88;50;57;53;;0;9.84;10.00;9.92;0.00;240;240;295;203;237;44;0.32;0.00;0.32;2.30;0.00;2.30;2;VIII;8;Jagdpanther;112000;"";NULL;2
278;8.8 cm PaK 43 L/71 Ausf. A;88;68;0;68;;0;11.11;0.00;11.11;0.00;240;240;295;203;237;44;0.31;0.00;0.31;2.00;0.00;2.00;2;VIII;8;88 cm PaK 43 Jagdtiger;0;"";NULL;2
279;85 mm 56-85JT;85;47;60;53;;0;10.53;13.33;11.93;0.00;160;160;280;128;172;43;0.38;0.00;0.38;2.30;2.90;2.60;1;VI;6;Type 58;72000;"";NULL;4
280;85 mm 62-85T;85;47;0;47;;0;10.53;0.00;10.53;0.00;180;180;300;145;250;43;0.37;0.00;0.37;2.30;0.00;2.30;1;VII;7;WZ-131;75000;"";NULL;4
281;85 mm 64-85T;85;47;0;47;;0;10.53;10.59;10.56;0.00;200;200;320;159;260;43;0.36;0.00;0.36;2.30;0.00;2.30;1;VIII;8;WZ-131;89000;"";NULL;4
282;85 mm 64-85TG;85;47;0;47;;0;10.53;10.91;10.72;0.00;200;200;320;172;260;43;0.34;0.00;0.34;2.30;0.00;2.30;1;VIII;8;WZ-132;89000;"";NULL;4
283;85 mm D-5S;85;48;62;55;;0;13.33;13.64;13.49;0.00;160;160;280;120;161;43;0.43;0.00;0.43;2.30;0.00;2.30;1;VI;6;SU-85;61000;"";NULL;1
284;85 mm D-5S-85A;85;43;0;43;;0;13.33;0.00;13.33;0.00;160;160;280;117;161;43;0.42;0.00;0.42;2.30;0.00;2.30;1;VI;6;SU-85B;59000;"";NULL;1
285;85 mm D-5S-85A;85;58;0;58;;0;13.95;0.00;13.95;0.00;160;160;280;117;161;43;0.41;0.00;0.41;1.70;0.00;1.70;1;VI;6;SU-85I;0;"";NULL;1
286;85 mm D5S-85BM;85;38;50;44;;0;10.00;10.53;10.27;0.00;180;180;300;144;194;44;0.34;0.00;0.34;2.30;0.00;2.30;1;VII;7;SU-85;73000;"";NULL;1
287;85 mm D-5T;85;68;76;72;;0;12.00;12.24;12.12;0.00;160;160;280;120;161;43;0.46;0.00;0.46;2.90;0.00;2.90;1;VI;6;KV-1S;61000;"";NULL;1
288;85 mm D5T-85BM;85;48;68;58;;0;10.00;11.11;10.56;0.00;180;180;300;144;194;44;0.37;0.00;0.37;2.30;2.90;2.60;1;VII;7;T-34-85;73000;"";NULL;1
289;85 mm F-30;85;76;91;83;;0;11.76;12.00;11.88;0.00;160;160;280;120;161;43;0.42;0.00;0.42;2.90;3.40;3.15;1;VI;6;KV-1;48000;"";NULL;1
290;85 mm LB-2S;85;43;0;43;;0;13.33;0.00;13.33;0.00;160;160;280;130;170;44;0.38;0.00;0.38;2.30;0.00;2.30;1;VI;6;SU-85B;62000;"";NULL;1
291;85 mm S-31;85;70;91;80;;0;11.76;12.50;12.13;0.00;160;160;280;119;159;43;0.42;0.00;0.42;2.90;3.40;3.15;1;VI;6;T-150;49000;"";NULL;1
292;85 mm S-53;85;50;60;55;;0;12.00;13.33;12.67;0.00;160;160;280;120;161;43;0.42;0.00;0.42;2.30;2.90;2.60;1;VI;6;Type 58;61000;"";NULL;4
293;85 mm ZiS S-53;85;56;70;63;;0;11.54;12.77;12.16;0.00;160;160;280;120;161;43;0.42;0.00;0.42;2.30;2.90;2.60;1;VI;6;T-34-85;62000;"";NULL;1
294;8-inch Howitzer M1;85;20;0;20;;0;1.23;0.00;1.23;0.00;1850;1450;1850;102;241;102;0.86;0.00;0.86;7.50;0.00;7.50;4;VIII;8;M40/M43;150000;"";NULL;7
295;8-inch Howitzer M47;85;20;0;20;;0;1.33;0.00;1.33;0.00;1850;1450;1850;102;241;102;0.84;0.00;0.84;7.00;0.00;7.00;2;IX;9;M53/M55;240000;"";NULL;7
296;9 cm KwK 54;90;61;90;75;;0;8.00;10.00;9.00;0.00;240;240;320;212;259;45;0.32;0.34;0.33;2.30;2.90;2.60;1;VIII;8;Indien-Panzer;118000;"";NULL;2
297;90 mm AC canon DCA 30;90;65;100;82;;0;7.14;9.52;8.33;0.00;240;240;320;135;175;45;0.38;0.40;0.39;1.70;2.30;2.00;2;VII;7;S 35 CA;64000;"";NULL;6
298;90 mm AC DCA 45;90;80;0;80;;0;6.67;9.52;8.10;0.00;240;240;320;212;259;45;0.34;0.36;0.35;1.70;2.90;2.30;2;VIII;8;AMX AC Mle. 1946;121000;"";NULL;6
299;90 mm AT Gun M3;90;30;56;43;;0;7.50;8.22;7.86;0.00;240;240;320;160;243;45;0.35;0.36;0.36;1.70;0.00;1.70;2;VII;7;M36 Jackson;81000;"";NULL;7
300;90 mm AT Gun T15E2;90;47;72;59;;0;7.79;8.70;8.25;0.00;240;240;320;170;258;45;0.35;0.36;0.36;1.70;0.00;1.70;2;VIII;8;T25 AT;111000;"";NULL;7
301;90 mm D 914;90;36;0;36;;0;5.00;0.00;5.00;0.00;240;240;320;170;248;45;0.38;0.00;0.38;2.90;0.00;2.90;1;VI;6;ELC AMX;61000;"";NULL;6
302;90 mm DCA 30;90;48;74;61;;0;6.32;8.22;7.27;0.00;240;240;320;135;175;45;0.40;0.00;0.40;2.30;2.50;2.40;2;VII;7;BDR G1B;64000;"";NULL;6
303;90 mm DCA 45;90;50;74;62;;0;7.40;16.19;11.80;0.00;240;240;320;212;259;45;0.36;0.38;0.37;2.90;3.40;3.15;2;VIII;8;ARL 44;121000;"";NULL;6
304;90 mm DCA 45;90;91;0;91;;0;8.00;0.00;8.00;0.00;240;240;320;212;259;45;0.36;0.00;0.36;2.30;0.00;2.30;2;VIII;8;FCM 50 t;0;"";NULL;6
305;90 mm F3;90;36;74;55;;0;6.47;18.26;12.37;0.00;240;240;320;170;248;45;0.38;0.39;0.39;2.30;3.00;2.65;2;VII;7;ARL 44;87000;"";NULL;6
306;90 mm Gun M3;90;48;73;60;;0;6.38;7.89;7.14;0.00;240;240;320;160;243;45;0.38;0.00;0.38;2.30;0.00;2.30;2;VII;7;M6;81000;"";NULL;7
307;90 mm Gun M36;90;70;71;70;;0;7.89;0.00;7.89;0.00;240;240;320;172;262;45;0.38;0.00;0.38;2.30;0.00;2.30;2;VII;7;M46 Patton;88000;"";NULL;7
308;90 mm Gun M41;90;60;0;60;;0;9.52;0.00;9.52;0.00;240;240;320;173;263;45;0.36;0.00;0.36;2.00;0.00;2.00;2;VIII;8;M48A1 Patton;95000;"";NULL;7
309;90 mm Gun T15E1;90;54;0;54;;0;7.32;0.00;7.32;0.00;240;240;320;170;258;45;0.38;0.00;0.38;2.30;0.00;2.30;2;VIII;8;T26E4 Super Pershing;0;"";NULL;7
310;90 mm Gun T15E2;90;54;0;54;;0;7.89;0.00;7.89;0.00;240;240;320;170;258;45;0.38;0.00;0.38;2.30;0.00;2.30;2;VIII;8;T32;111000;"";NULL;7
311;90 mm Gun T15E2M2;90;70;71;70;;0;7.32;7.89;7.61;0.00;240;240;320;180;268;45;0.37;0.00;0.37;2.30;0.00;2.30;2;VIII;8;M26 Pershing;128000;"";NULL;7
312;90 mm Gun T178;90;40;45;42;;0;7.27;9.10;8.19;0.00;240;240;320;173;300;45;0.38;0.00;0.38;2.60;2.90;2.75;1;VIII;8;T69;121000;"";NULL;7
313;B.L. 5.5-in. Gun;;32;76;54;;0;2.14;2.50;2.32;0.00;900;900;0;70;75;0;0.70;0.72;0.71;6.00;6.50;6.25;1;VII;7;Crusader 5.5-in. SP;88000;"";NULL;5
314;B.L. 7.2-in. Howitzer Mk. 6;;48;0;48;;0;1.46;0.00;1.46;0.00;1750;1750;0;92;97;0;0.82;0.00;0.82;7.00;0.00;7.00;7;IX;9;FV3805;230000;"";NULL;5
315;B.L. 9.2-in. Howitzer Mk. II;;24;0;24;;0;1.03;0.00;1.03;0.00;2200;2200;0;117;117;0;1.10;0.00;1.10;8.50;0.00;8.50;2;X;10;Conqueror Gun Carriage;340000;"";NULL;5
316;Browning MG caliber .50 HB, M2;;255;0;255;;0;116.58;0.00;116.58;0.00;8;0;0;22;0;0;0.53;0.00;0.53;1.70;0.00;1.70;38;I;1;T7 Combat Car;0;"";NULL;7
317;Browning MG caliber .50 HB, M2;;255;0;255;;0;85.41;107.62;96.52;0.00;8;0;0;22;0;0;0.57;0.00;0.57;1.70;0.00;1.70;70;I;1;M2 Light Tank;2000;"";NULL;7
318;Canon de 155 mm;155;36;0;36;;0;1.93;2.45;2.19;0.00;1250;1250;720;95;95;185;0.68;0.70;0.69;5.50;0.00;5.50;4;IX;9;Bat.-Ch;225000;"";NULL;6
319;Canon de 155 mm de 33 calibres;155;20;28;24;;0;1.96;2.01;1.99;0.00;950;720;0;90;185;0;0.78;0.00;0.78;7.00;0.00;7.00;2;VI;6;AMX 13 F3 AM;65000;"";NULL;6
320;Canon de 155 mm mle. 1917 G.P.F.;155;28;0;28;;0;1.82;1.93;1.88;0.00;1250;1250;720;95;95;185;0.70;0.74;0.72;6.00;0.00;6.00;3;VIII;8;Lorraine 155 mle. 51;125000;"";NULL;6
321;Obusier de 155 mm C mle. 1917;155;24;0;24;;0;2.46;0.00;2.46;0.00;720;720;0;77;185;0;0.82;0.00;0.82;7.00;0.00;7.00;1;V;5;AMX 13 F3 AM;44000;"";NULL;6
322;Obusier de 155 mm mle. 1950;155;28;0;28;;0;2.01;2.25;2.13;0.00;950;950;720;90;90;185;0.76;0.00;0.76;6.50;0.00;6.50;2;VII;7;Lorraine 155 mle. 50;96000;"";NULL;6
323;OQF 17-pdr AT Gun MK. VII;;60;0;60;;0;13.95;15.79;14.87;0.00;150;150;190;171;239;38;0.32;0.00;0.32;1.70;0.00;1.70;826;VII;7;AT 8;65000;"";NULL;5
324;OQF 17-pdr Gun Mk. VII;;70;84;77;;0;12.00;14.29;13.15;0.00;150;150;190;171;239;38;0.34;0.00;0.34;1.90;2.30;2.10;826;VII;7;Black Prince;60000;"";NULL;5
325;OQF 17-pdr Gun MK. VII;;144;0;144;;0;12.00;0.00;12.00;0.00;150;150;190;171;239;38;0.34;0.00;0.34;2.30;0.00;2.30;826;VII;7;TOG II*;0;"";NULL;5
326;OQF 17-pdr Gun MK. VII AT;;70;0;70;;0;13.95;0.00;13.95;0.00;150;150;190;171;239;38;0.32;0.00;0.32;1.90;0.00;1.90;826;VII;7;AT 15A;0;"";NULL;5
327;OQF 20-pdr AT Gun Type A Barrel;;50;60;55;;0;10.34;11.11;10.73;0.00;230;230;280;226;258;42;0.31;0.00;0.31;1.90;2.10;2.00;1;VIII;8;AT 7;120000;"";NULL;5
328;OQF 20-pdr AT Gun Type B Barrel;;60;70;65;;0;12.00;13.95;12.98;0.00;230;230;280;226;258;42;0.30;0.00;0.30;1.50;1.70;1.60;1;IX;9;AT 15;180000;"";NULL;5
329;OQF 20-pdr Type A Barrel;;60;72;66;;0;7.50;10.00;8.75;0.00;230;230;280;226;258;42;0.33;0.00;0.33;1.90;2.30;2.10;1;VIII;8;Centurion Mk. I;120000;"";NULL;5
330;OQF 20-pdr Type B Barrel;;60;72;66;;0;7.69;10.53;9.11;0.00;230;230;280;226;258;42;0.32;0.00;0.32;1.70;1.90;1.80;1;IX;9;Caernarvon;180000;"";NULL;5
331;OQF 25-pdr AT Gun-Howitzer Mark III;;60;0;60;;0;10.53;0.00;10.53;0.00;180;180;280;71;92;44;0.46;0.00;0.46;2.10;0.00;2.10;510;V;5;Alecto;40000;"";NULL;5
332;OQF 32-pdr AT Gun;;46;60;53;;0;7.06;12.00;9.53;0.00;250;250;330;214;246;47;0.33;0.34;0.34;1.70;2.90;2.30;2;VIII;8;Churchill Gun Carrier;105000;"";NULL;5
333;OQF 3-inch Howitzer Mk. I;;35;115;75;;0;13.95;16.67;15.31;0.00;175;110;0;38;100;0;0.51;0.55;0.53;1.90;2.30;2.10;116;IV;4;Covenanter;30000;"";NULL;5
334;OQF 3-pdr Gun Mk. I;;90;111;100;;0;12.00;16.67;14.34;0.00;50;50;65;38;66;23;0.45;0.00;0.45;2.30;2.90;2.60;240;I;1;Vickers Medium Mk. I;0;"";NULL;5
335;OQF 3-pdr Gun Mk. II;;111;0;111;;0;16.67;22.22;19.45;0.00;50;50;65;43;72;23;0.41;0.43;0.42;1.70;2.30;2.00;250;II;2;Vickers Medium Mk. II;3000;"";NULL;5
336;OQF 77 mm AT Gun Mk. II;77;84;0;84;;0;15.79;18.18;16.99;0.00;140;140;190;148;208;38;0.32;0.00;0.32;1.70;0.00;1.70;681;VII;7;AT 8;62000;"";NULL;5
337;OQF 77 mm Gun Mk. II;77;61;140;100;;0;13.95;15.38;14.67;0.00;140;140;190;148;208;38;0.34;0.36;0.35;1.90;2.30;2.10;681;VII;7;Churchill VII;50000;"";NULL;5
338;Q.F. 13-Pr. Mk. III;;24;0;24;;0;6.67;0.00;6.67;0.00;165;0;0;42;0;0;0.80;0.00;0.80;5.00;0.00;5.00;305;II;2;Loyd Gun Carriage;2000;"";NULL;5
339;Q.F. 18-Pr.;;112;150;131;;0;5.45;6.82;6.14;0.00;260;170;0;42;65;0;0.74;0.78;0.76;5.00;5.50;5.25;457;III;3;Sexton II;10000;"";NULL;5
340;Q.F. 25-Pr. Gun/How.;;32;150;91;;0;5.00;6.98;5.99;0.00;280;180;180;44;92;71;0.66;0.76;0.71;4.50;5.50;5.00;510;IV;4;Sexton II;28000;"";NULL;5
341;Q.F. 25-Pr. Gun/How. Mk. II;;112;0;112;;0;5.00;0.00;5.00;0.00;280;180;180;44;92;71;0.76;0.00;0.76;5.50;0.00;5.50;510;IV;4;Sexton I;0;"";NULL;5
342;Q.F. 4.5-in. Howitzer;;32;64;48;;0;4.65;5.00;4.83;0.00;450;0;0;57;0;0;0.70;0.72;0.71;4.50;0.00;4.50;463;V;5;Bishop;43000;"";NULL;5
343;Q.F. 6-in. Gun Mk. V;;48;76;62;;0;1.82;1.94;1.88;0.00;1250;750;1250;90;258;90;0.70;0.72;0.71;6.00;6.50;6.25;6;VIII;8;FV3805;130000;"";NULL;5
344;QF 2-pdr AT Gun Mk. IX;;112;0;112;;0;26.09;0.00;26.09;0.00;45;45;60;64;121;23;0.38;0.00;0.38;1.70;0.00;1.70;130;II;2;Universal Carrier 2-pdr;2000;"";NULL;5
345;QF 2-pdr Mk. IX;;87;130;108;;0;24.00;28.57;26.29;0.00;45;45;60;64;121;23;0.36;0.40;0.38;1.70;2.30;2.00;130;III;3;Cruiser Mk. I;6000;"";NULL;5
346;QF 2-pdr Mk. X;;60;180;120;;0;28.57;0.00;28.57;0.00;50;50;60;78;121;23;0.36;0.00;0.36;1.50;1.70;1.60;130;IV;4;Covenanter;3000;"";NULL;5
347;QF 2-pdr Mk. X-B;;92;0;92;;0;28.57;0.00;28.57;0.00;55;55;0;121;145;0;0.36;0.00;0.36;1.90;0.00;1.90;175;IV;4;Matilda;28000;"";NULL;5
348;QF 2-pdr Mk.IX;;80;0;80;;0;28.57;0.00;28.57;0.00;45;45;60;64;121;23;0.38;0.00;0.38;1.70;0.00;1.70;130;IV;4;T18;17000;;NULL;7
349;QF 2-pdr Mk.IX-A;;50;0;50;;0;21.00;0.00;21.00;0.00;45;45;60;64;121;23;0.40;0.00;0.40;2.30;0.00;2.30;130;IV;4;Tetrarch;0;;NULL;1
350;QF 3.7-inch AT Gun;;46;0;46;;0;8.57;0.00;8.57;0.00;230;230;300;151;189;47;0.35;0.00;0.35;2.30;0.00;2.30;1;VII;7;Churchill Gun Carrier;72000;"";NULL;5
351;QF 40 mm Mk. VI Bofors;40;120;0;120;;0;32.00;35.82;33.91;0.00;50;50;60;63;101;23;0.39;0.41;0.40;1.90;0.00;1.90;470;IV;4;Cruiser Mk. IV;24000;"";NULL;5
352;QF 6-pdr 8 cwt AT Gun Mk. I;;64;0;64;;0;18.75;0.00;18.75;0.00;70;70;95;57;72;29;0.46;0.00;0.46;1.70;0.00;1.70;450;IV;4;Universal Carrier 2-pdr;25000;"";NULL;5
353;QF 6-pdr 8 cwt AT Gun Mk. II;;64;0;64;;0;18.75;0.00;18.75;0.00;70;70;95;45;57;29;0.50;0.00;0.50;1.70;0.00;1.70;300;II;2;Universal Carrier 2-pdr;3000;"";NULL;5
354;QF 6-pdr 8 cwt Mk. I;;80;0;80;;0;15.79;20.00;17.90;0.00;70;70;95;57;72;29;0.44;0.48;0.46;1.70;2.30;2.00;450;IV;4;Vickers Medium Mk. II;25000;"";NULL;5
355;QF 6-pdr 8 cwt Mk. II;;60;80;70;;0;13.33;15.79;14.56;0.00;70;70;95;45;57;29;0.52;0.00;0.52;1.90;2.30;2.10;300;II;2;Vickers Medium Mk. I;3000;"";NULL;5
356;QF 6-pdr AT Gun Mk. II;;102;120;111;;0;21.43;0.00;21.43;0.00;75;75;100;105;170;30;0.41;0.00;0.41;2.00;0.00;2.00;400;IV;4;Valentine AT;25000;"";NULL;5
357;QF 6-pdr AT Gun Mk. III;;96;0;96;;0;26.09;0.00;26.09;0.00;75;75;100;105;170;30;0.41;0.00;0.41;1.70;0.00;1.70;400;IV;4;AT 2;27000;"";NULL;5
358;QF 6-pdr AT Gun Mk. IV;;102;120;111;;0;21.43;0.00;21.43;0.00;75;75;100;110;180;30;0.37;0.00;0.37;2.00;0.00;2.00;450;IV;4;Valentine AT;27000;"";NULL;5
359;QF 6-pdr AT Gun Mk. V;;96;120;108;;0;26.09;27.50;26.80;0.00;75;75;100;110;180;30;0.37;0.00;0.37;1.70;0.00;1.70;450;V;5;AT 2;35000;"";NULL;5
360;QF 6-pdr Gun Mk. V;;44;84;64;;0;13.33;27.27;20.30;0.00;75;75;100;110;180;30;0.39;0.41;0.40;1.90;2.50;2.20;450;V;5;Valentine;35000;"";NULL;5
361;QF 6-pdr Mk. III;;130;155;142;;0;26.09;28.60;27.35;0.00;75;75;0;105;170;0;0.43;0.00;0.43;2.10;2.30;2.20;450;IV;4;M7;30000;"";NULL;7
362;QF 6-pdr Mk. III;;44;84;64;;0;13.33;27.27;20.30;0.00;75;75;100;105;170;30;0.41;0.43;0.42;1.90;2.30;2.10;400;IV;4;Valentine;27000;"";NULL;5
363;QF 6-pdr Mk. V;;140;0;140;;0;26.25;0.00;26.25;0.00;75;75;0;110;180;0;0.43;0.00;0.43;2.30;0.00;2.30;450;IV;4;Churchill III;0;"";NULL;1
364;QF 6-pdr Mk. V A;;55;0;55;;0;26.09;0.00;26.09;0.00;75;75;100;110;180;30;0.41;0.00;0.41;2.30;0.00;2.30;450;V;5;Matilda Black Prince;0;"";NULL;5
365;QF 6-pounder Mk. IIIA;;92;0;92;;0;26.20;0.00;26.20;0.00;75;75;0;105;170;0;0.43;0.00;0.43;2.30;0.00;2.30;450;IV;4;Ram II;0;"";NULL;7
366;Type 62-85TS;;47;0;47;;0;10.53;0.00;10.53;0.00;180;180;300;145;250;43;0.37;0.00;0.37;2.30;0.00;2.30;1;VI;6;Type 62;0;"";NULL;4
367;85 mm D-10-85;85;NULL;NULL;NULL;1;1;11.76;11.76;11.76;5.10;180;180;300;170;216;44;0.37;0.36;0.36;0.36;2.10;2.10;1850;VII;7;LTTB;76600;credit;15500;1
368;100 mm S-34;100;NULL;NULL;NULL;0;1;7.89;7.89;7.89;7.60;250;250;330;170;210;50;NULL;NULL;NULL;NULL;NULL;NULL;NULL;VII;7;KV-85;75300;credit;NULL;1
369;37 mm dual automatic cannon;37;700;700;700;1;10;36.65;36.65;36.65;15.20;40;40;50;45;61;19;0.48;0.48;0.48;1.71;1.71;1.71;358;V;5;MTLS-1G14;29350;NULL;0;4
370;2 cm Kw.K. 38;20;NULL;NULL;NULL;1;10;0.13;0.13;0.13;4.00;11;11;0;23;46;0;0.57;0.57;0.57;1.70;1.70;1.70;0;I;1;Leichttraktor, Pz.Kpfw. II Luchs, Pz.Kpfw. I Ausf. C, Pz.Kpfw. II, Pz.Kpfw. I, Pz.Kpfw. II Ausf. G, Pz.Kpfw. III Ausf. A;1920;credit;35;2
371;2 cm Kw.K. 30;20;NULL;NULL;NULL;1;10;0.21;0.21;0.21;4.30;11;11;0;23;46;0;0.59;0.59;0.59;1.70;1.70;1.70;0;I;1;Pz.Kpfw. 35 (t), Pz.Kpfw. I, Pz.Kpfw. II;1910;credit;35;2
372;2 cm Flak 38;20;NULL;NULL;NULL;1;10;0.13;0.13;0.13;4.30;11;11;0;39;51;0;0.45;0.45;0.45;1.60;1.60;1.60;0;II;2;Pz.Kpfw. III, Pz.Kpfw. II, VK 16.02 Leopard, Pz.Kpfw. I Ausf. C, Pz.Kpfw. 38 (t), Pz.Kpfw. 35 (t), Pz.Kpfw. II Ausf. G, Pz.Kpfw. II Luchs, Pz.Kpfw. III Ausf. A, Pz.Kpfw. 38 (t) n.A.;3160;redit;160;2
373;4,7 cm Kw.K. (t) L/43;47;NULL;NULL;NULL;0;1;26.09;26.09;26.09;2.29;60;60;75;62;115;24;0.37;0.37;0.37;1.70;1.70;1.70;0;II;2;Pz.Kpfw. 38 (t), Pz.Kpfw. 38 (t) n.A.;3460;credit;130;2
374;10,5 cm Kw.K. L/28;105;NULL;NULL;NULL;NULL;NULL;7.50;7.50;7.50;NULL;350;350;410;64;104;53;NULL;NULL;NULL;NULL;NULL;NULL;NULL;NULL;NULL;NULL;28000;credit;NULL;2
376;90 mm Rheinmetall DM1;90;NULL;NULL;NULL;0;1;9.68;9.68;9.68;6.20;240;240;320;190;250;102;0.36;0.36;0.36;2.10;2.10;2.10;1;VIII;8;Sphpanzer Ru 251;115000;credit;NULL;2
377;7,5 cm koda A18;75;NULL;NULL;NULL;0;1;14.00;14.00;14.00;4.28;110;110;175;116;167;38;0.41;0.41;0.41;2.50;2.50;2.50;2;V;5;T-25;0;credit;0;2
378;7,5 cm Kw.K. L/100;75;NULL;NULL;NULL;0;1;13.04;13.04;13.04;4.60;135;135;175;198;244;38;0.32;0.32;0.32;2.50;2.50;2.50;2;VIII;8;Panther, Panther II, E 50;128570;credit;16100;2
379;9 cm Bordkanone;90;NULL;NULL;NULL;0;1;8.33;10.00;8.33;7.20;240;240;320;212;259;45;0.32;0.34;0.31;2.30;2.70;2.30;2;VIII;8;Indien-Panzer, Leopard Prototyp A;118000;credit;18300;2
380;8,8 cm Kw.K. L/100;88;NULL;NULL;NULL;NULL;NULL;8.22;NULL;8.22;7.30;240;240;295;203;237;44;NULL;NULL;NULL;NULL;NULL;NULL;NULL;NULL;NULL;NULL;174550;credit;NULL;2
381;10,5 cm Kw.K. L/52 Ausf. B;105;NULL;NULL;NULL;NULL;NULL;6.25;NULL;6.25;9.60;390;390;510;220;270;60;NULL;NULL;NULL;NULL;NULL;NULL;NULL;NULL;NULL;NULL;225000;credit;NULL;2
382;10,5 cm Kw.K. L/52 Ausf. K;105;NULL;NULL;NULL;0;1;6.25;NULL;6.25;NULL;390;390;510;270;330;60;NULL;NULL;NULL;NULL;NULL;NULL;NULL;NULL;NULL;NULL;225000;credit;NULL;2
383;10,5 cm Kw.K. L/52;105;NULL;NULL;NULL;NULL;NULL;5.77;NULL;5.77;NULL;320;320;420;200;244;60;NULL;NULL;NULL;NULL;NULL;NULL;NULL;VIII;8;NULL;116490;credit;NULL;2
384;10,5 cm Kw.K. L/68;105;NULL;NULL;NULL;NULL;NULL;5.50;NULL;5.50;NULL;320;320;420;225;280;60;NULL;NULL;NULL;NULL;NULL;NULL;NULL;NULL;NULL;NULL;178500;credit;NULL;2
385;10,5 cm Kw.K. L/70;105;NULL;NULL;NULL;0;1;5.00;NULL;5.00;12.00;320;320;420;234;294;420;0.33;NULL;0.33;2.90;NULL;2.90;4;IX;9;Lwe;0;or;0;2
386;15 cm Kw.K. L/38;150;NULL;NULL;NULL;0;1;3.00;NULL;3.00;20.00;750;750;950;235;334;85;0.40;NULL;0.40;2.90;NULL;2.90;4;X;10;E 100;340000;credit;NULL;2
387;7,5 cm Kanone L/24;75;NULL;NULL;NULL;0;1;15.00;NULL;15.00;3.90;110;110;175;43;87;38;0.55;0.55;0.55;1.70;1.70;1.70;1;IV;4;StuG III Ausf. B;10450;credit;NULL;2
388;7,5 cm Pak 40/3 L/46;75;NULL;NULL;NULL;NULL;NULL;18.50;NULL;18.50;3.24;110;110;175;108;154;38;NULL;NULL;NULL;NULL;NULL;NULL;NULL;NULL;NULL;NULL;34000;credit;NULL;2
389;7,5 cm Pak 42 L/70;75;NULL;NULL;NULL;NULL;NULL;13.33;NULL;13.33;4.50;135;135;175;150;194;38;NULL;NULL;NULL;NULL;NULL;NULL;NULL;NULL;NULL;StuG III Ausf. G ;53000;credit;NULL;2
390;7,5 cm Flak L/60;75;NULL;NULL;NULL;NULL;NULL;15.00;NULL;15.00;NULL;135;135;175;139;174;38;NULL;NULL;NULL;NULL;NULL;NULL;NULL;NULL;NULL;NULL;53000;credit;NULL;NULL
391;8,8 cm Flak 37 L/56;88;NULL;NULL;NULL;NULL;NULL;8.82;NULL;8.82;6.80;220;220;270;132;171;44;NULL;NULL;NULL;NULL;NULL;NULL;NULL;VII;7;NULL;66000;credit;NULL;2
392;8,8 cm Flak 41 L/74;88;NULL;NULL;NULL;NULL;NULL;8.00;NULL;8.00;7.50;240;240;295;194;235;44;0.00;NULL;NULL;NULL;NULL;NULL;NULL;VIII;8;Pz.Sfl. IVc ;112180;credit;NULL;2
393;8,8 cm Pak L/56;88;NULL;NULL;NULL;NULL;NULL;11.11;NULL;11.11;5.40;220;220;270;132;171;44;NULL;NULL;NULL;NULL;NULL;NULL;NULL;VII;7;Jagdpanzer IV;66000;credit;NULL;2
394;10,5 cm Pak L/52;105;NULL;NULL;NULL;NULL;NULL;7.32;NULL;7.32;8.20;320;320;420;200;240;60;NULL;NULL;NULL;NULL;NULL;NULL;NULL;VIII;8;Jagdpanther;112180;credit;NULL;2
395;10,5 cm Kanone 18;105;NULL;NULL;NULL;NULL;NULL;7.50;NULL;7.50;8.00;300;300;380;169;227;53;NULL;NULL;NULL;NULL;NULL;NULL;NULL;VIII;8;Sturer Emil ;116490;credit;NULL;2
396;12,8 cm Kanone 40;128;NULL;NULL;NULL;NULL;NULL;4.35;NULL;4.35;NULL;490;630;NULL;231;65;NULL;NULL;NULL;NULL;NULL;NULL;NULL;NULL;IX;9;Sturer Emil ;235000;credit;NULL;2
397;12,8 cm Kanone L/61;128;NULL;NULL;NULL;NULL;NULL;4.55;NULL;4.55;NULL;560;560;700;276;365;65;NULL;NULL;NULL;NULL;NULL;NULL;NULL;X;10;NULL;339000;credit;NULL;2
398;15 cm Pak L/38;150;NULL;NULL;NULL;NULL;NULL;4.07;NULL;4.07;NULL;750;750;950;235;334;85;NULL;NULL;NULL;NULL;NULL;NULL;NULL;X;10;Waffentrger auf E 100 ;340000;credit;NULL;2
399;12,8 cm Kanone 44 L/55;128;NULL;NULL;NULL;NULL;NULL;5.66;NULL;5.66;NULL;490;490;630;246;311;65;NULL;NULL;NULL;NULL;NULL;NULL;NULL;X;10;Waffentrger auf Pz. IV ;310000;credit;NULL;2
400;15 cm Pak L/29.5;150;NULL;NULL;NULL;NULL;NULL;3.53;NULL;3.53;NULL;750;750;950;215;334;85;NULL;NULL;NULL;NULL;NULL;NULL;NULL;X;10;Waffentrger auf Pz. IV ;330000;credit;NULL;2
401;12,8 cm Pak L/66;128;NULL;NULL;NULL;NULL;NULL;5.26;NULL;5.26;NULL;560;560;700;246;311;65;NULL;NULL;NULL;NULL;NULL;NULL;NULL;X;10;Jagdtiger;339000;credit;NULL;2
402;13 mm Autocannon Type Ho;13;;;;;;;;;;;;;;;;;;;;;;;;;;;;;
403;37 mm Sogekihou;;;;;;;;;;;;;;;;;;;;;;;;;;;;;;
404;37 mm Infantry Gun Type 11;;;;;;;;;;;;;;;;;;;;;;;;;;;;;;
405;37 mm Gun Type 94;;;;;;;;;;;;;;;;;;;;;;;;;;;;;;
406;37 mm Gun Type 98;;;;;;;;;;;;;;;;;;;;;;;;;;;;;;
407;5.7 cm Gun Type 97;;;;;;;;;;;;;;;;;;;;;;;;;;;;;;
408;37 mm Gun Type 100;;;;;;;;;;;;;;;;;;;;;;;;;;;;;;
409;37 mm Gun Type 1;;;;;;;;;;;;;;;;;;;;;;;;;;;;;;
410;Experimental 57 mm Tank Gun Shin;;;;;;;;;;;;;;;;;;;;;;;;;;;;;;
411;7.5 cm Tank Gun Type 99;;;;;;;;;;;;;;;;;;;;;;;;;;;;;;
412;7.5 cm Tank Gun Type 3;;;;;;;;;;;;;;;;;;;;;;;;;;;;;;
413;7.5 cm Tank Gun Type 5;;;;;;;;;;;;;;;;;;;;;;;;;;;;;;
414;7.5 cm Tank Gun Type 5 Model I;;;;;;;;;;;;;;;;;;;;;;;;;;;;;;
415;7.5 cm Autoloading Tank Gun Type 5;;;;;;;;;;;;;;;;;;;;;;;;;;;;;;
416;90 mm Gun M3A1;;;;;;;;;;;;;;;;;;;;;;;;;;;;;;
417;90 mm Rifled Gun;;;;;;;;;;;;;;;;;;;;;;;;;;;;;;
418;90 mm Gun Type 61;;;;;;;;;;;;;;;;;;;;;;;;;;;;;;
419;105 mm Rifled Gun;;;;;;;;;;;;;;;;;;;;;;;;X;;;;;;
