-- phpMyAdmin SQL Dump
-- version 4.1.14
-- http://www.phpmyadmin.net
--
-- Client :  127.0.0.1
-- Généré le :  Ven 19 Décembre 2014 à 18:39
-- Version du serveur :  5.6.17
-- Version de PHP :  5.5.12

SET SQL_MODE = "NO_AUTO_VALUE_ON_ZERO";
SET time_zone = "+00:00";


/*!40101 SET @OLD_CHARACTER_SET_CLIENT=@@CHARACTER_SET_CLIENT */;
/*!40101 SET @OLD_CHARACTER_SET_RESULTS=@@CHARACTER_SET_RESULTS */;
/*!40101 SET @OLD_COLLATION_CONNECTION=@@COLLATION_CONNECTION */;
/*!40101 SET NAMES utf8 */;

--
-- Base de données :  `wot`
--
DROP DATABASE `wot`;
CREATE DATABASE IF NOT EXISTS `wot` DEFAULT CHARACTER SET utf8 COLLATE utf8_general_ci;
USE `wot`;

-- --------------------------------------------------------

--
-- Structure de la table `acces_char`
--

DROP TABLE IF EXISTS `acces_char`;
CREATE TABLE IF NOT EXISTS `acces_char` (
  `id` tinyint(3) unsigned NOT NULL AUTO_INCREMENT,
  `type` varchar(8) DEFAULT NULL,
  PRIMARY KEY (`id`),
  UNIQUE KEY `id` (`type`)
) ENGINE=InnoDB  DEFAULT CHARSET=utf8 AUTO_INCREMENT=5 ;

--
-- Contenu de la table `acces_char`
--

INSERT INTO `acces_char` (`id`, `type`) VALUES
(2, 'Boutique'),
(3, 'Event'),
(1, 'Normal'),
(4, 'Pack spe');

-- --------------------------------------------------------

--
-- Structure de la table `canon`
--

DROP TABLE IF EXISTS `canon`;
CREATE TABLE IF NOT EXISTS `canon` (
  `id` smallint(5) unsigned NOT NULL AUTO_INCREMENT,
  `nom` varchar(100) NOT NULL,
  `calibre` varchar(4) DEFAULT NULL,
  `nombre_total_obus_min` smallint(4) unsigned DEFAULT NULL,
  `nombre_total_obus_max` smallint(4) unsigned DEFAULT NULL,
  `nombre_total_obus_moy` smallint(4) unsigned DEFAULT NULL,
  `ratelier` char(1) DEFAULT NULL,
  `nombre_obus_ratelier` tinyint(3) unsigned DEFAULT NULL,
  `cadence_tir_min` decimal(5,2) unsigned DEFAULT NULL,
  `cadence_tir_max` decimal(5,2) unsigned DEFAULT NULL,
  `cadence_tir_moy` decimal(5,2) unsigned DEFAULT NULL,
  `temps_chargement_total` decimal(5,2) unsigned DEFAULT NULL,
  `degat_moyen1` smallint(5) unsigned DEFAULT NULL,
  `degat_moyen2` smallint(5) unsigned DEFAULT NULL,
  `degat_moyen3` smallint(5) unsigned DEFAULT NULL,
  `penetration1` smallint(5) unsigned DEFAULT NULL,
  `penetration2` smallint(5) unsigned DEFAULT NULL,
  `penetration3` smallint(5) unsigned DEFAULT NULL,
  `dispersion_min` decimal(4,2) unsigned DEFAULT NULL,
  `dispersion_max` decimal(4,2) unsigned DEFAULT NULL,
  `dispersion_moyenne` decimal(4,2) unsigned DEFAULT NULL,
  `vitesse_vise_min` decimal(4,2) unsigned DEFAULT NULL,
  `vitesse_vise_max` decimal(4,2) unsigned DEFAULT NULL,
  `vitesse_vise_moy` decimal(4,2) unsigned DEFAULT NULL,
  `poids` smallint(5) unsigned DEFAULT NULL,
  `tier_latin` varchar(4) DEFAULT NULL,
  `tier_id` tinyint(3) unsigned DEFAULT NULL,
  `compatibilite` varchar(250) DEFAULT NULL,
  `prix` mediumint(8) unsigned DEFAULT NULL,
  `type_credit` varchar(6) DEFAULT NULL,
  `experience` mediumint(8) unsigned DEFAULT NULL,
  `pays_id` tinyint(3) unsigned DEFAULT NULL,
  PRIMARY KEY (`id`),
  KEY `fk_canon_pays_id` (`pays_id`),
  KEY `fk_canon_tier_id` (`tier_id`)
) ENGINE=InnoDB  DEFAULT CHARSET=utf8 AUTO_INCREMENT=422 ;

--
-- Contenu de la table `canon`
--

INSERT INTO `canon` (`id`, `nom`, `calibre`, `nombre_total_obus_min`, `nombre_total_obus_max`, `nombre_total_obus_moy`, `ratelier`, `nombre_obus_ratelier`, `cadence_tir_min`, `cadence_tir_max`, `cadence_tir_moy`, `temps_chargement_total`, `degat_moyen1`, `degat_moyen2`, `degat_moyen3`, `penetration1`, `penetration2`, `penetration3`, `dispersion_min`, `dispersion_max`, `dispersion_moyenne`, `vitesse_vise_min`, `vitesse_vise_max`, `vitesse_vise_moy`, `poids`, `tier_latin`, `tier_id`, `compatibilite`, `prix`, `type_credit`, `experience`, `pays_id`) VALUES
(1, '10,5 cm Bordkanone L7A3', '105', 60, 0, 60, '', 0, '6.67', '6.67', '6.00', '0.00', 390, 390, 480, 268, 330, 53, '0.30', '0.00', '0.30', '1.90', '0.00', '1.90', 1, 'X', 10, 'Leopard 1', 290, '', NULL, 2),
(2, '10,5 cm K 18 L/52', '105', 26, 0, 26, '', 0, '6.45', '0.00', '6.45', '0.00', 300, 300, 380, 169, 227, 53, '0.36', '0.00', '0.36', '2.30', '0.00', '2.30', 3, 'VIII', 8, 'Dicker Max', 0, '\r', NULL, 2),
(3, '10,5 cm KwK 42 L/28', '105', 28, 60, 44, '', 0, '6.12', '7.50', '6.81', '0.00', 350, 350, 410, 64, 104, 53, '0.54', '0.55', '0.55', '1.70', '2.30', '2.00', 2, 'V', 5, 'Pz.Kpfw. IV', 28, '\r', NULL, 2),
(4, '10,5 cm KwK 45 L/52', '105', 42, 56, 49, '', 0, '5.50', '6.74', '6.12', '0.00', 320, 320, 420, 200, 244, 60, '0.37', '0.00', '0.37', '2.30', '0.00', '2.30', 3, 'VIII', 8, 'VK 45.02 (P) Ausf. A', 116, '\r', NULL, 2),
(5, '10,5 cm KwK 45 L/52 Ausf. B', '105', 48, 0, 48, '', 0, '6.00', '0.00', '6.00', '0.00', 390, 390, 510, 220, 270, 60, '0.32', '0.00', '0.32', '2.30', '0.00', '2.30', 3, 'IX', 9, 'E-50', 225, '\r', NULL, 2),
(6, '10,5 cm KwK 45 L/52 Ausf. K', '105', 48, 0, 48, '', 0, '6.25', '0.00', '6.25', '0.00', 390, 390, 510, 270, 350, 60, '0.30', '0.00', '0.30', '2.10', '0.00', '2.10', 3, 'X', 10, 'E-50 Ausf. M', 225, '\r', NULL, 2),
(7, '10,5 cm KwK 46 L/68', '105', 36, 42, 39, '', 0, '4.76', '6.59', '5.68', '0.00', 320, 320, 420, 225, 285, 60, '0.34', '0.00', '0.34', '2.30', '0.00', '2.30', 3, 'IX', 9, 'Pz.Kpfw. Tiger II', 178, '\r', NULL, 2),
(8, '10,5 cm KwK46 L/70', '105', 40, 0, 40, '', 0, '5.00', '0.00', '5.00', '0.00', 320, 320, 420, 234, 294, 60, '0.33', '0.00', '0.33', '2.90', '0.00', '2.90', 3, 'IX', 9, 'Lowe', 0, '\r', NULL, 2),
(9, '10,5 cm L7A1', '105', 58, 0, 58, '', 0, '4.29', '5.00', '4.65', '0.00', 390, 390, 480, 268, 330, 53, '0.32', '0.36', '0.34', '2.30', '2.90', '2.60', 1, 'X', 10, 'Leopard prototyp A', 290, '\r', NULL, 2),
(10, '10,5 cm le.F.H. 16 L/22', '105', 15, 60, 37, '', 0, '2.22', '3.87', '3.05', '0.00', 410, 350, 0, 53, 104, 0, '0.76', '0.84', '0.80', '5.50', '6.50', '6.00', 490, 'III', 3, 'Wespe', 13, '\r', NULL, 2),
(11, '10,5 cm le.F.H. 18 L/28', '105', 38, 0, 38, '', 0, '3.00', '3.87', '3.44', '0.00', 410, 350, 350, 53, 104, 64, '0.72', '0.76', '0.74', '5.50', '6.00', '5.75', 585, 'IV', 4, 'Wespe', 34, '\r', NULL, 2),
(12, '10,5 cm le.F.H. 18 L/28', '105', 42, 0, 42, '', 0, '6.45', '0.00', '6.45', '0.00', 410, 350, 350, 53, 104, 64, '0.49', '0.00', '0.49', '5.10', '0.00', '5.10', 2, 'V', 5, '105 leFH18B2', 0, '\r', NULL, 6),
(13, '10,5 cm PaK 45 L/52', '105', 40, 0, 40, '', 0, '7.32', '7.50', '7.41', '0.00', 320, 320, 420, 200, 244, 60, '0.34', '0.00', '0.34', '1.70', '0.00', '1.70', 3, 'VIII', 8, 'Jagdpanther', 116, '', NULL, 2),
(14, '10,5 cm StuH 42 L/28', '105', 20, 40, 30, '', 0, '6.98', '8.33', '7.66', '0.00', 350, 350, 410, 64, 104, 53, '0.53', '0.00', '0.53', '1.70', '0.00', '1.70', 2, 'V', 5, 'Hetzer', 28, '\r', NULL, 2),
(15, '100 mm 44-100JT', '100', 34, 45, 39, '', 0, '6.45', '6.59', '6.52', '0.00', 250, 250, 330, 175, 235, 50, '0.42', '0.00', '0.42', '2.90', '0.00', '2.90', 2, 'VII', 7, 'IS-2', 79, '\r', NULL, 4),
(16, '100 mm 59-100T', '100', 34, 45, 39, '', 0, '6.45', '7.89', '7.17', '0.00', 250, 250, 330, 181, 241, 50, '0.39', '0.00', '0.39', '2.70', '2.90', '2.80', 2, 'VIII', 8, 'WZ-131', 102, '\r', NULL, 4),
(17, '100 mm 60-100T', '100', 34, 45, 39, '', 0, '7.06', '8.33', '7.70', '0.00', 250, 250, 330, 189, 244, 50, '0.36', '0.00', '0.36', '2.30', '2.50', '2.40', 2, 'IX', 9, 'WZ-132', 180, '\r', NULL, 4),
(18, '100 mm 62-100T', '100', 40, 50, 45, '', 0, '6.00', '7.32', '6.66', '0.00', 320, 320, 420, 215, 265, 50, '0.38', '0.00', '0.38', '2.30', '2.90', '2.60', 2, 'IX', 9, 'WZ-120', 221, '\r', NULL, 4),
(19, '100 mm AC SA47', '100', 72, 0, 72, '', 0, '6.00', '7.50', '6.75', '0.00', 300, 300, 400, 232, 263, 50, '0.34', '0.00', '0.34', '2.30', '2.90', '2.60', 3, 'VIII', 8, 'AMX AC Mle. 1946', 127, '\r', NULL, 6),
(20, '100 mm D10S', '100', 44, 0, 44, '', 0, '8.45', '0.00', '8.45', '0.00', 230, 230, 330, 175, 235, 50, '0.40', '0.00', '0.40', '2.30', '0.00', '2.30', 2, 'VII', 7, 'SU-100', 78, '\r', NULL, 1),
(21, '100 mm D-10S mod. 1944', '100', 36, 44, 40, '', 0, '8.96', '10.53', '9.75', '0.00', 230, 230, 330, 175, 235, 50, '0.35', '0.37', '0.36', '1.70', '2.00', '1.85', 2, 'VII', 7, 'SU-100M1', 83, '\r', NULL, 1),
(22, '100 mm D10T', '100', 36, 56, 46, '', 0, '6.98', '7.41', '7.20', '0.00', 230, 230, 330, 175, 235, 50, '0.42', '0.00', '0.42', '2.90', '0.00', '2.90', 2, 'VII', 7, 'KV-3', 78, '\r', NULL, 1),
(23, '100 mm D10T mod. 1945', '100', 50, 0, 50, '', 0, '7.41', '7.69', '7.55', '0.00', 230, 230, 330, 175, 235, 50, '0.39', '0.00', '0.39', '2.90', '0.00', '2.90', 2, 'VII', 7, 'T-54', 93, '\r', NULL, 1),
(24, '100 mm D-10T2C', '100', 50, 0, 50, '', 0, '7.69', '0.00', '7.69', '0.00', 320, 320, 420, 201, 330, 50, '0.35', '0.00', '0.35', '2.30', '0.00', '2.30', 2, 'IX', 9, 'T-54', 221, '\r', NULL, 1),
(25, '100 mm D-54', '100', 50, 0, 50, '', 0, '7.32', '0.00', '7.32', '0.00', 320, 320, 420, 219, 330, 50, '0.39', '0.00', '0.39', '2.90', '0.00', '2.90', 2, 'IX', 9, 'T-54', 221, '\r', NULL, 1),
(26, '100 mm D-54S', '100', 36, 45, 40, '', 0, '8.45', '8.82', '8.64', '0.00', 320, 320, 420, 219, 350, 50, '0.36', '0.00', '0.36', '1.90', '2.10', '2.00', 2, 'IX', 9, 'SU-101', 140, '\r', NULL, 1),
(27, '100 mm LB-1', '100', 50, 56, 53, '', 0, '7.59', '8.70', '8.15', '0.00', 230, 230, 330, 175, 235, 50, '0.35', '0.00', '0.35', '2.30', '0.00', '2.30', 2, 'VII', 7, 'T-44', 130, '\r', NULL, 1),
(28, '100 mm LB-1C', '100', 44, 0, 44, '', 0, '9.52', '0.00', '9.52', '0.00', 230, 230, 330, 175, 235, 50, '0.33', '0.00', '0.33', '1.70', '0.00', '1.70', 2, 'VII', 7, 'SU-100M1', 130, '\r', NULL, 1),
(29, '100 mm M-63', '100', 35, 0, 35, '', 0, '6.90', '7.50', '7.20', '0.00', 320, 320, 420, 0, 201, 330, '0.37', '0.00', '0.37', '2.30', '0.00', '2.30', 2, 'IX', 9, 'Object 416', 210, '\r', NULL, 1),
(30, '100 mm SA47', '100', 30, 60, 45, '', 0, '5.66', '7.40', '6.53', '0.00', 300, 300, 400, 232, 263, 50, '0.36', '0.00', '0.36', '2.70', '3.00', '2.85', 3, 'VIII', 8, 'AMX 50 100', 127, '\r', NULL, 6),
(31, '100 mm Type 59', '100', 34, 0, 34, '', 0, '6.90', '0.00', '6.90', '0.00', 250, 250, 330, 181, 241, 50, '0.39', '0.00', '0.39', '2.90', '0.00', '2.90', 2, 'VII', 7, 'Type 59', 0, '\r', NULL, 4),
(32, '100 mm U-8TS', '100', 50, 0, 50, '', 0, '9.09', '0.00', '9.09', '0.00', 320, 320, 420, 264, 350, 50, '0.34', '0.00', '0.34', '2.00', '0.00', '2.00', 2, 'X', 10, 'T-62A', 242, '\r', NULL, 1),
(33, '105 mm AC court mle. 1934 S', '105', 30, 0, 30, '', 0, '7.06', '0.00', '7.06', '0.00', 410, 350, 0, 53, 104, 0, '0.53', '0.00', '0.53', '2.30', '0.00', '2.30', 1, 'V', 5, 'Somua SAu 40', 40, '\r', NULL, 6),
(34, '105 mm AC mle. 1930 S', '105', 42, 80, 61, '', 0, '5.00', '6.25', '5.63', '0.00', 300, 330, 360, 165, 223, 54, '0.39', '0.41', '0.40', '2.30', '2.90', '2.60', 2, 'VI', 6, 'S 35 CA', 60, '\r', NULL, 6),
(35, '105 mm AT Gun T5E1', '105', 40, 63, 51, '', 0, '6.59', '8.11', '7.35', '0.00', 320, 320, 420, 198, 245, 53, '0.38', '0.39', '0.39', '1.70', '0.00', '1.70', 2, 'VIII', 8, 'T25 AT', 118, '\r', NULL, 7),
(36, '105 mm AT Howitzer M3', '105', 23, 50, 36, '', 0, '5.00', '7.50', '6.25', '0.00', 410, 350, 0, 53, 150, 0, '0.55', '0.00', '0.55', '1.70', '2.30', '2.00', 2, 'V', 5, 'T82', 40, '\r', NULL, 7),
(37, '105 mm AT M4', '105', 30, 0, 30, '', 0, '7.59', '7.69', '7.64', '0.00', 410, 350, 0, 53, 101, 0, '0.53', '0.00', '0.53', '1.70', '0.00', '1.70', 2, 'V', 5, 'M10 Wolverine', 40, '\r', NULL, 7),
(38, '105 mm Canon 13TR', '105', 40, 60, 50, '', 0, '5.61', '6.25', '5.93', '0.00', 300, 330, 360, 165, 223, 54, '0.41', '0.00', '0.41', '2.90', '3.40', '3.15', 2, 'VII', 7, 'ARL 44', 94, '\r', NULL, 6),
(39, '105 mm court mle. 1934 S', '105', 24, 34, 29, '', 0, '2.93', '4.65', '3.79', '0.00', 410, 350, 0, 53, 104, 0, '0.74', '0.80', '0.77', '5.00', '5.50', '5.25', 450, 'IV', 4, 'Lorraine 39L AM', 37, '\r', NULL, 6),
(40, '105 mm court mle. 1935 B', '105', 24, 0, 24, '', 0, '2.93', '0.00', '2.93', '0.00', 410, 350, 0, 53, 104, 0, '0.84', '0.00', '0.84', '5.50', '0.00', '5.50', 355, 'III', 3, 'Lorraine 39L AM', 15, '\r', NULL, 6),
(41, '105 mm D.E.F.A. 4767 modifi', '105', 34, 0, 34, '', 0, '4.00', '0.00', '4.00', '0.00', 410, 350, 0, 53, 104, 0, '0.77', '0.00', '0.77', '5.50', '0.00', '5.50', 490, 'IV', 4, 'AMX 105 AM mle. 47', 28, '\r', NULL, 6),
(42, '105 mm Gun M68', '105', 57, 0, 57, '', 0, '6.82', '0.00', '6.82', '0.00', 390, 390, 480, 268, 330, 53, '0.36', '0.00', '0.36', '2.00', '0.00', '2.00', 2, 'X', 10, 'M48A1 Patton', 325, '\r', NULL, 7),
(43, '105 mm Gun M68', '105', 57, 0, 57, '', 0, '6.82', '0.00', '6.82', '0.00', 390, 390, 480, 268, 330, 53, '0.35', '0.00', '0.35', '1.80', '0.00', '1.80', 2, 'X', 10, 'M60', 0, '\r', NULL, 7),
(44, '105 mm Gun T140E2', '105', 35, 0, 35, '', 0, '5.63', '0.00', '5.63', '0.00', 390, 390, 0, 210, 255, 0, '0.40', '0.00', '0.40', '2.90', '0.00', '2.90', 2, 'IX', 9, 'T54E1', 170, '\r', NULL, 7),
(45, '105 mm Gun T5E1', '105', 43, 63, 53, '', 0, '4.38', '6.12', '5.25', '0.00', 320, 320, 420, 198, 245, 53, '0.40', '0.42', '0.41', '2.30', '0.00', '2.30', 2, 'VIII', 8, 'T29', 118, '\r', NULL, 7),
(46, '105 mm Gun T5E1E', '105', 60, 0, 60, '', 0, '5.05', '0.00', '5.05', '0.00', 320, 320, 420, 198, 245, 53, '0.42', '0.00', '0.42', '2.30', '0.00', '2.30', 2, 'VIII', 8, 'M6A2E1', 0, '\r', NULL, 7),
(47, '105 mm Gun T5E1M2', '105', 54, 57, 55, '', 0, '6.00', '6.82', '6.41', '0.00', 390, 390, 480, 218, 265, 53, '0.40', '0.42', '0.41', '2.00', '2.30', '2.15', 2, 'IX', 9, 'M46 Patton', 219, '\r', NULL, 7),
(48, '105 mm Howitzer M2A1', '105', 69, 0, 69, '', 0, '3.00', '0.00', '3.00', '0.00', 410, 350, 0, 53, 101, 0, '0.82', '0.00', '0.82', '5.50', '0.00', '5.50', 490, 'IV', 4, 'M7 Priest', 32, '\r', NULL, 7),
(49, '105 mm Howitzer M3', '105', 69, 126, 97, '', 0, '3.00', '4.00', '3.50', '0.00', 410, 350, 0, 53, 101, 0, '0.82', '0.84', '0.83', '5.50', '0.00', '5.50', 433, 'III', 3, 'M7 Priest', 12, '\r', NULL, 7),
(50, '105 mm Howitzer M4', '105', 126, 0, 126, '', 0, '4.00', '0.00', '4.00', '0.00', 410, 350, 0, 53, 101, 0, '0.80', '0.00', '0.80', '5.00', '0.00', '5.00', 517, 'V', 5, 'M37', 40, '\r', NULL, 7),
(51, '105 mm M4', '105', 36, 70, 53, '', 0, '7.50', '0.00', '7.50', '0.00', 410, 350, 0, 53, 101, 0, '0.55', '0.00', '0.55', '2.30', '0.00', '2.30', 2, 'V', 5, 'M4 Sherman', 40, '\r', NULL, 7),
(52, '105 mm mle. 57 (D. 1504)', '105', 30, 0, 30, '', 0, '5.89', '0.00', '5.89', '0.00', 390, 390, 480, 259, 360, 53, '0.38', '0.00', '0.38', '2.70', '0.00', '2.70', 3, 'X', 10, 'Bat.-Ch', 325, '\r', NULL, 6),
(53, '105 mm obusier mle. 1950', '105', 34, 0, 34, '', 0, '3.75', '4.29', '4.02', '0.00', 445, 330, 0, 60, 223, 0, '0.70', '0.74', '0.72', '5.00', '5.50', '5.25', 550, 'V', 5, 'AMX 13 105 AM mle. 50', 52, '\r', NULL, 6),
(54, '105 mm Royal Ordnance L7A1', '105', 72, 0, 72, '', 0, '5.00', '6.45', '5.73', '0.00', 390, 480, 480, 268, 210, 105, '0.32', '0.00', '0.32', '2.10', '2.30', '2.20', 1, 'X', 10, 'Centurion Mk. 7/1', 290, '\r', NULL, 5),
(55, '107 mm ZiS-24', '107', 50, 0, 50, '', 0, '5.26', '5.41', '5.34', '0.00', 320, 320, 420, 227, 289, 62, '0.38', '0.00', '0.38', '3.40', '0.00', '3.40', 2, 'IX', 9, 'KV-4', 180, '\r', NULL, 1),
(56, '107 mm ZiS-6', '107', 50, 61, 55, '', 0, '5.71', '6.67', '6.19', '0.00', 300, 300, 360, 167, 219, 54, '0.45', '0.00', '0.45', '2.90', '3.40', '3.15', 2, 'VII', 7, 'T-150', 68, '\r', NULL, 1),
(57, '107 mm ZiS-6M', '107', 60, 0, 60, '', 0, '7.00', '0.00', '7.00', '0.00', 300, 300, 360, 167, 219, 54, '0.43', '0.00', '0.43', '2.90', '0.00', '2.90', 2, 'VII', 7, 'KV-5', 0, '\r', NULL, 1),
(58, '12,8 cm KwK 44 L/55', '128', 36, 68, 52, '', 0, '3.82', '4.20', '4.01', '0.00', 490, 490, 630, 246, 311, 65, '0.38', '0.00', '0.38', '2.90', '0.00', '2.90', 3, 'X', 10, 'E-75', 310, '\r', NULL, 2),
(59, '12,8 cm PaK 44 L/55', '128', 30, 40, 35, '', 0, '5.00', '5.50', '5.25', '0.00', 490, 490, 630, 246, 311, 65, '0.35', '0.00', '0.35', '2.30', '0.00', '2.30', 3, 'X', 10, 'Jagdpanther II', 310, '\r', NULL, 2),
(60, '12,8 cm PaK 44/2 L/61', '128', 36, 0, 36, '', 0, '5.26', '0.00', '5.26', '0.00', 560, 560, 700, 276, 352, 65, '0.33', '0.00', '0.33', '2.30', '0.00', '2.30', 3, 'X', 10, 'Jagdtiger', 339, '\r', NULL, 2),
(61, '12.7 mm DShK', '12.7', 255, 0, 255, '', 0, '95.85', '0.00', '95.85', '0.00', 8, 0, 0, 22, 0, 0, '0.57', '0.00', '0.57', '1.50', '0.00', '1.50', 34, 'I', 1, 'T-60', 2, '\r', NULL, 1),
(62, '120 mm AC SA46', '120', 64, 0, 64, '', 0, '6.45', '0.00', '6.45', '0.00', 400, 400, 515, 257, 325, 65, '0.33', '0.00', '0.33', '2.30', '2.90', '2.60', 3, 'X', 10, 'AMX 50 Foch', 339, '\r', NULL, 6),
(63, '120 mm AT Gun L1A1', '120', 50, 0, 50, '', 0, '8.45', '0.00', '8.45', '0.00', 400, 400, 515, 269, 352, 120, '0.31', '0.00', '0.31', '1.70', '0.00', '1.70', 2, 'X', 10, 'Tortoise', 320, '\r', NULL, 5),
(64, '120 mm AT Gun T53', '120', 34, 42, 38, '', 0, '5.94', '6.90', '6.42', '0.00', 400, 400, 515, 248, 297, 60, '0.38', '0.39', '0.39', '2.10', '2.30', '2.20', 2, 'X', 10, 'T28', 250, '\r', NULL, 7),
(65, '120 mm Gun L1A1', '120', 35, 0, 35, '', 0, '5.71', '6.90', '6.31', '0.00', 400, 400, 515, 269, 352, 120, '0.32', '0.33', '0.33', '1.70', '1.90', '1.80', 2, 'X', 10, 'Conqueror', 300, '\r', NULL, 5),
(66, '120 mm Gun M58', '120', 33, 42, 37, '', 0, '5.36', '6.00', '5.68', '0.00', 400, 400, 515, 269, 381, 60, '0.35', '0.37', '0.36', '2.00', '2.30', '2.15', 3, 'X', 10, 'M103', 310, '\r', NULL, 7),
(67, '120 mm Gun T122', '120', 33, 0, 33, '', 0, '5.26', '0.00', '5.26', '0.00', 400, 400, 515, 242, 330, 60, '0.40', '0.00', '0.40', '2.60', '0.00', '2.60', 2, 'IX', 9, 'M103', 230, '\r', NULL, 7),
(68, '120 mm Gun T179', '120', 36, 0, 36, '', 0, '7.74', '0.00', '7.74', '0.00', 400, 400, 515, 269, 381, 60, '0.35', '0.00', '0.35', '2.70', '0.00', '2.70', 2, 'X', 10, 'T57 Heavy Tank', 310, '\r', NULL, 7),
(69, '120 mm Gun T53A1', '120', 34, 0, 34, '', 0, '4.00', '0.00', '4.00', '0.00', 400, 400, 515, 248, 297, 60, '0.35', '0.00', '0.35', '3.40', '0.00', '3.40', 2, 'IX', 9, 'T34', 0, '\r', NULL, 7),
(70, '120 mm SA 46', '120', 40, 56, 48, '', 0, '5.33', '6.40', '5.87', '0.00', 400, 400, 515, 267, 351, 65, '0.35', '0.00', '0.35', '3.00', '0.00', '3.00', 3, 'X', 10, 'AMX 50 120', 339, '\r', NULL, 6),
(71, '122 mm 37-122JT', '122', 28, 40, 34, '', 0, '4.00', '4.62', '4.31', '0.00', 390, 390, 465, 175, 300, 61, '0.48', '0.00', '0.48', '3.40', '0.00', '3.40', 2, 'VIII', 8, 'IS-2', 120, '\r', NULL, 4),
(72, '122 mm 60-122T', '122', 34, 40, 37, '', 0, '5.00', '5.50', '5.25', '0.00', 440, 440, 530, 257, 400, 68, '0.36', '0.38', '0.37', '2.70', '3.40', '3.05', 2, 'X', 10, 'WZ-120', 300, '\r', NULL, 4),
(73, '122 mm 60-122TG', '122', 40, 0, 40, '', 0, '6.25', '0.00', '6.25', '0.00', 440, 440, 530, 268, 400, 68, '0.35', '0.00', '0.35', '2.70', '0.00', '2.70', 2, 'X', 10, '121', 185, '\r', NULL, 4),
(74, '122 mm A-19 mod. 1937', '122', 28, 0, 28, '', 0, '6.67', '0.00', '6.67', '0.00', 390, 390, 465, 175, 217, 61, '0.43', '0.00', '0.43', '2.90', '0.00', '2.90', 2, 'VII', 7, 'SU-152', 94, '\r', NULL, 1),
(75, '122 mm BL-9', '122', 28, 40, 34, '', 0, '4.51', '4.88', '4.70', '0.00', 390, 390, 465, 225, 265, 68, '0.40', '0.00', '0.40', '2.90', '3.40', '3.15', 2, 'IX', 9, 'IS-3', 178, '\r', NULL, 1),
(76, '122 mm BL-9S', '122', 32, 0, 32, '', 0, '6.90', '0.00', '6.90', '0.00', 390, 390, 465, 225, 265, 68, '0.38', '0.00', '0.38', '2.90', '0.00', '2.90', 2, 'IX', 9, 'ISU-152', 178, '\r', NULL, 1),
(77, '122 mm D-25 mod. 1944', '122', 28, 32, 30, '', 0, '7.69', '8.11', '7.90', '0.00', 390, 390, 465, 175, 217, 64, '0.41', '0.00', '0.41', '2.90', '0.00', '2.90', 2, 'VIII', 8, 'SU-152', 106, '\r', NULL, 1),
(78, '122 mm D-25-44', '122', 26, 0, 26, '', 0, '3.13', '0.00', '3.13', '0.00', 390, 390, 465, 175, 217, 61, '0.43', '0.00', '0.43', '3.40', '0.00', '3.40', 2, 'VIII', 8, 'T-44', 106, '\r', NULL, 1),
(79, '122 mm D-25S', '122', 35, 0, 35, '', 0, '7.50', '0.00', '7.50', '0.00', 390, 390, 465, 175, 217, 64, '0.41', '0.00', '0.41', '2.90', '0.00', '2.90', 2, 'VIII', 8, 'SU-122-44', 0, '\r', NULL, 1),
(80, '122 mm D-2-5S', '122', 36, 0, 36, '', 0, '4.69', '0.00', '4.69', '0.00', 390, 390, 465, 175, 217, 61, '0.43', '0.00', '0.43', '2.90', '0.00', '2.90', 2, 'VII', 7, 'SU-100', 84, '\r', NULL, 1),
(81, '122 mm D-25T', '122', 26, 50, 38, '', 0, '4.88', '5.45', '5.17', '0.00', 390, 390, 465, 175, 217, 61, '0.46', '0.00', '0.46', '2.90', '3.40', '3.15', 2, 'VIII', 8, 'KV-3', 125, '\r', NULL, 1),
(82, '122 mm D-25T', '122', 28, 45, 36, '', 0, '4.80', '5.31', '5.06', '0.00', 390, 390, 465, 175, 300, 61, '0.46', '0.00', '0.46', '2.90', '3.40', '3.15', 2, 'VIII', 8, 'IS-2', 135, '\r', NULL, 4),
(83, '122 mm D-2-5T', '122', 26, 50, 38, '', 0, '3.75', '4.17', '3.96', '0.00', 390, 390, 465, 175, 217, 61, '0.46', '0.00', '0.46', '3.40', '0.00', '3.40', 2, 'VII', 7, 'KV-1S', 84, '\r', NULL, 1),
(84, '122 mm D-25TA', '122', 40, 45, 42, '', 0, '4.17', '4.55', '4.36', '0.00', 390, 390, 465, 175, 250, 61, '0.46', '0.00', '0.46', '3.40', '0.00', '3.40', 2, 'VIII', 8, 'T-34-3', 0, '\r', NULL, 4),
(85, '122 mm D-30', '122', 30, 0, 30, '', 0, '5.13', '0.00', '5.13', '0.00', 390, 390, 465, 175, 217, 61, '0.46', '0.00', '0.46', '3.40', '0.00', '3.40', 2, 'VIII', 8, 'IS-6', 0, '\r', NULL, 1),
(86, '122 mm D-49', '122', 35, 0, 35, '', 0, '8.11', '0.00', '8.11', '0.00', 390, 390, 465, 175, 217, 61, '0.39', '0.00', '0.39', '2.50', '0.00', '2.50', 2, 'VIII', 8, 'SU-122-54', 135, '\r', NULL, 1),
(87, '122 mm howitzer A-19', '122', 26, 0, 26, '', 0, '4.00', '0.00', '4.00', '0.00', 465, 390, 0, 65, 217, 0, '0.84', '0.00', '0.84', '6.00', '0.00', '6.00', 2, 'VI', 6, 'SU-8', 60, '\r', NULL, 1),
(88, '122 mm Howitzer M-30', '122', 20, 0, 20, '', 0, '3.64', '0.00', '3.64', '0.00', 465, 390, 0, 65, 200, 0, '0.86', '0.00', '0.86', '7.00', '0.00', '7.00', 725, 'V', 5, 'SU-122A', 45, '\r', NULL, 1),
(89, '122 mm Howitzer mod. 1910/1930', '122', 28, 0, 28, '', 0, '3.87', '0.00', '3.87', '0.00', 300, 420, 270, 61, 61, 140, '0.84', '0.00', '0.84', '6.50', '0.00', '6.50', 425, 'IV', 4, 'SU-5', 35, '\r', NULL, 1),
(90, '122 mm M-30S', '122', 32, 0, 32, '', 0, '5.26', '0.00', '5.26', '0.00', 450, 370, 0, 61, 160, 0, '0.55', '0.00', '0.55', '2.30', '0.00', '2.30', 1, 'V', 5, 'SU-85', 42, '\r', NULL, 1),
(91, '122 mm M62-C2', '122', 35, 0, 35, '', 0, '6.00', '0.00', '6.00', '0.00', 440, 440, 530, 268, 400, 68, '0.36', '0.00', '0.36', '2.50', '0.00', '2.50', 3, 'X', 10, 'SU-122-54', 295, '\r', NULL, 1),
(92, '122 mm M62-T2', '122', 30, 40, 35, '', 0, '4.51', '5.00', '4.76', '0.00', 440, 440, 530, 268, 400, 68, '0.38', '0.00', '0.38', '2.90', '3.40', '3.15', 3, 'X', 10, 'IS-8', 335, '\r', NULL, 1),
(93, '122 mm U-11', '122', 36, 80, 58, '', 0, '5.08', '5.45', '5.27', '0.00', 450, 370, 0, 61, 140, 0, '0.57', '0.00', '0.57', '2.90', '0.00', '2.90', 1, 'V', 5, 'KV-1', 45, '\r', NULL, 1),
(94, '13,2 mm Hotchkiss mle. 1930', '13.2', 255, 0, 255, '', 0, '136.36', '0.00', '136.36', '0.00', 8, 8, 0, 23, 36, 0, '0.58', '0.00', '0.58', '2.00', '0.00', '2.00', 38, 'I', 1, 'Renault NC-31', 1, '\r', NULL, 4),
(96, '130 mm 59-130T', '130', 40, 0, 40, '', 0, '4.29', '0.00', '4.29', '0.00', 490, 490, 640, 244, 340, 65, '0.40', '0.00', '0.40', '2.90', '0.00', '2.90', 3, 'X', 10, 'WZ-111 1-4', 330, '\r', NULL, 4),
(97, '130 mm B-13-S2', '130', 26, 0, 26, '', 0, '3.75', '0.00', '3.75', '0.00', 440, 510, 580, 196, 171, 65, '0.38', '0.00', '0.38', '2.90', '0.00', '2.90', 5, 'VIII', 8, 'SU-100Y', 0, '\r', NULL, 1),
(98, '130 mm S-70', '130', 30, 0, 30, '', 0, '4.38', '0.00', '4.38', '0.00', 490, 490, 640, 260, 303, 68, '0.40', '0.00', '0.40', '3.40', '0.00', '3.40', 2, 'X', 10, 'IS-7', 297, '\r', NULL, 1),
(99, '130 mm S-70A', '130', 42, 0, 42, '', 0, '5.45', '0.00', '5.45', '0.00', 550, 550, 750, 290, 330, 75, '0.32', '0.00', '0.32', '2.50', '0.00', '2.50', 2, 'X', 10, 'Object 263', 295, '\r', NULL, 1),
(100, '15 cm KwK 44 L/38', '150', 28, 0, 28, '', 0, '3.00', '0.00', '3.00', '0.00', 750, 750, 950, 235, 334, 85, '0.40', '0.00', '0.40', '2.90', '0.00', '2.90', 3, 'X', 10, 'E-100', 340, '\r', NULL, 2),
(101, '15 cm s.F.H. 13 L/17', '150', 18, 22, 20, '', 0, '2.55', '2.61', '2.58', '0.00', 680, 680, 0, 75, 185, 0, '0.78', '0.00', '0.78', '6.00', '0.00', '6.00', 1, 'V', 5, 'Grille', 44, '\r', NULL, 2),
(102, '15 cm s.F.H. 18 L/29.5', '150', 18, 30, 24, '', 0, '1.92', '2.11', '2.02', '0.00', 950, 750, 0, 85, 185, 0, '0.74', '0.76', '0.75', '7.00', '0.00', '7.00', 1, 'VI', 6, 'Hummel', 61, '', NULL, 2),
(103, '15 cm s.F.H. 43', '150', 30, 0, 30, '', 0, '1.74', '0.00', '1.74', '0.00', 1200, 900, 1200, 88, 240, 88, '0.70', '0.00', '0.70', '7.00', '0.00', '7.00', 2, 'VII', 7, 'G.W. Panther', 102, '\r', NULL, 2),
(104, '15 cm s.I.G. 33 L/11', '150', 20, 30, 25, '', 0, '2.63', '3.75', '3.19', '0.00', 350, 450, 300, 75, 75, 185, '0.84', '0.86', '0.85', '6.50', '0.00', '6.50', 760, 'III', 3, 'Sturmpanzer I Bison', 8, '\r', NULL, 2),
(105, '15 mm Machine Gun BESA', '15', 255, 255, 255, '', 0, '76.09', '102.38', '89.24', '0.00', 9, 0, 0, 25, 0, 0, '0.53', '0.56', '0.55', '1.70', '2.00', '1.85', 70, 'I', 1, 'Vickers Medium Mk. I', 1, '\r', NULL, 5),
(106, '152 mm BL-10', '152', 20, 30, 25, '', 0, '3.41', '3.51', '3.46', '0.00', 750, 750, 950, 286, 329, 90, '0.39', '0.41', '0.40', '2.90', '3.40', '3.15', 6, 'X', 10, 'ISU-152', 320, '\r', NULL, 1),
(107, '152 mm BR-2', '152', 16, 47, 31, '', 0, '2.15', '2.78', '2.47', '0.00', 950, 750, 950, 88, 246, 90, '0.72', '0.76', '0.74', '6.50', '7.00', '6.75', 5, 'VII', 7, 'S-51', 92, '\r', NULL, 1),
(108, '152 mm Howitzer D-1', '152', 15, 0, 15, '', 0, '1.90', '0.00', '1.90', '0.00', 910, 700, 0, 88, 250, 0, '0.86', '0.00', '0.86', '7.00', '0.00', '7.00', 1, 'VI', 6, 'SU-122A', 61, '\r', NULL, 1),
(109, '152 mm howitzer ML-20 mod.31', '152', 26, 0, 26, '', 0, '2.18', '2.31', '2.25', '0.00', 910, 700, 0, 88, 250, 0, '0.80', '0.84', '0.82', '7.00', '0.00', '7.00', 2, 'VI', 6, 'SU-8', 64, '\r', NULL, 1),
(110, '152 mm M-10', '152', 36, 0, 36, '', 0, '2.50', '0.00', '2.50', '0.00', 700, 700, 910, 110, 206, 86, '0.60', '0.00', '0.60', '4.00', '0.00', '4.00', 2, 'VI', 6, 'KV-2', 60, '\r', NULL, 1),
(111, '152 mm M64', '152', 35, 0, 35, '', 0, '3.53', '0.00', '3.53', '0.00', 850, 850, 1100, 303, 450, 90, '0.33', '0.00', '0.33', '2.70', '0.00', '2.70', 6, 'X', 10, 'Object 268', 300, '\r', NULL, 1),
(112, '152 mm ML-20 mod. 1931/37', '152', 26, 0, 26, '', 0, '3.39', '0.00', '3.39', '0.00', 700, 700, 910, 135, 250, 86, '0.50', '0.00', '0.50', '3.40', '0.00', '3.40', 2, 'VI', 6, 'SU-152', 49, '\r', NULL, 1),
(113, '152 mm ML-20S', '152', 26, 0, 26, '', 0, '3.51', '0.00', '3.51', '0.00', 700, 700, 910, 135, 250, 86, '0.48', '0.00', '0.48', '3.40', '0.00', '3.40', 2, 'VI', 6, 'ISU-152', 53, '\r', NULL, 1),
(114, '152 mm ML-20SM mod. 1944', '152', 34, 0, 34, '', 0, '3.51', '0.00', '3.51', '0.00', 700, 700, 910, 135, 250, 86, '0.46', '0.00', '0.46', '2.70', '0.00', '2.70', 2, 'VII', 7, 'Object 704', 78, '\r', NULL, 1),
(115, '152 mm mortar NM mod. 1931.', '152', 14, 0, 14, '', 0, '3.53', '0.00', '3.53', '0.00', 360, 0, 0, 75, 0, 0, '0.88', '0.00', '0.88', '6.50', '0.00', '6.50', 425, 'V', 5, 'SU-5', 48, '\r', NULL, 1),
(116, '155 mm AC SA58', '155', 30, 0, 30, '', 0, '3.00', '0.00', '3.00', '0.00', 850, 850, 1100, 293, 408, 90, '0.36', '0.00', '0.36', '3.00', '0.00', '3.00', 5, 'X', 10, 'AMX 50 Foch (155)', 375, '\r', NULL, 6),
(117, '155 mm AT Gun T7', '155', 30, 34, 32, '', 0, '2.86', '3.28', '3.07', '0.00', 750, 750, 950, 276, 320, 90, '0.38', '0.39', '0.39', '2.50', '2.90', '2.70', 3, 'X', 10, 'T95', 335, '\r', NULL, 7),
(118, '155 mm AT Gun T7E2', '155', 27, 0, 27, '', 0, '2.86', '3.28', '3.07', '0.00', 850, 850, 1100, 295, 375, 90, '0.36', '0.37', '0.37', '2.50', '2.90', '2.70', 3, 'X', 10, 'T110E4', 335, '\r', NULL, 7),
(119, '155 mm Gun M1918M1', '155', 20, 0, 20, '', 0, '2.11', '0.00', '2.11', '0.00', 950, 950, 0, 85, 90, 0, '0.76', '0.00', '0.76', '7.00', '0.00', '7.00', 3, 'VI', 6, 'M12', 61, '\r', NULL, 7),
(120, '155 mm Gun M1A1', '155', 20, 30, 25, '', 0, '1.60', '1.82', '1.71', '0.00', 1250, 1250, 0, 88, 90, 0, '0.72', '0.00', '0.72', '6.50', '7.50', '7.00', 4, 'VII', 7, 'M40/M43', 96, '\r', NULL, 7),
(121, '155 mm Gun M46', '155', 40, 0, 40, '', 0, '1.97', '0.00', '1.97', '0.00', 1250, 1250, 0, 88, 90, 0, '0.68', '0.00', '0.68', '6.00', '0.00', '6.00', 3, 'VIII', 8, 'M53/M55', 125, '\r', NULL, 7),
(122, '155 mm Howitzer M1', '155', 22, 36, 29, '', 0, '2.40', '2.67', '2.54', '0.00', 700, 700, 0, 78, 240, 0, '0.82', '0.00', '0.82', '6.50', '7.00', '6.75', 1, 'V', 5, 'M41', 45, '\r', NULL, 7),
(123, '155 mm Howitzer M45', '155', 36, 0, 36, '', 0, '2.73', '0.00', '2.73', '0.00', 700, 700, 0, 78, 240, 0, '0.80', '0.00', '0.80', '6.00', '0.00', '6.00', 1, 'VI', 6, 'M44', 68, '\r', NULL, 7),
(124, '17 cm Kanone 72', '170', 21, 0, 21, '', 0, '1.69', '1.82', '1.76', '0.00', 1400, 1400, 0, 88, 95, 0, '0.72', '0.74', '0.73', '7.00', '0.00', '7.00', 6, 'VII', 7, 'G.W. Tiger', 140, '\r', NULL, 2),
(125, '17 cm PaK', '170', 24, 0, 24, '', 0, '2.33', '0.00', '2.33', '0.00', 1050, 1050, 1400, 299, 420, 85, '0.35', '0.00', '0.35', '2.70', '0.00', '2.70', 7, 'X', 10, 'JagdPz E-100', 365, '', NULL, 2),
(126, '17-pdr AT Gun Mk. II', '', 86, 0, 86, '', 0, '11.11', '0.00', '11.11', '0.00', 150, 150, 190, 171, 239, 38, '0.36', '0.00', '0.36', '2.30', '0.00', '2.30', 1, 'VI', 6, 'S 35 CA', 45, '\r', NULL, 6),
(127, '180 mm B-1-P', '180', 18, 0, 18, '', 0, '1.71', '0.00', '1.71', '0.00', 1700, 1100, 1700, 102, 360, 102, '0.66', '0.00', '0.66', '6.50', '0.00', '6.50', 17, 'IX', 9, 'Object 261', 230, '\r', NULL, 1),
(128, '183 mm L4', '183', 12, 0, 12, '', 0, '2.00', '0.00', '2.00', '0.00', 1150, 1750, 1750, 310, 275, 92, '0.40', '0.00', '0.40', '3.40', '0.00', '3.40', 5, 'X', 10, 'FV215b (183)', 335, '\r', NULL, 5),
(129, '2 cm Breda (i)', '20', 255, 255, 255, '1', 12, '97.96', '117.07', '107.52', '4.60', 11, 11, 0, 30, 47, 0, '0.53', '0.53', '0.53', '1.80', '1.80', '1.80', 70, 'I', 1, 'Leichttraktor', 1, 'credit', 35, 2),
(130, '2 cm Flak 38 L/112', '20', 255, 255, 255, '', 0, '109.09', '178.22', '143.66', '0.00', 11, 11, 0, 39, 51, 0, '0.45', '0.00', '0.45', '1.30', '1.60', '1.45', 110, 'II', 2, 'Pz.Kpfw. 35 (t)', 3, '\r', NULL, 2),
(131, '2 cm KwK 30 L/55', '20', 240, 255, 255, '', 0, '96.33', '120.69', '108.51', '0.00', 11, 11, 0, 23, 46, 0, '0.59', '0.00', '0.59', '1.70', '0.00', '1.70', 70, 'I', 1, 'Pz.Kpfw. 35 (t)', 2, '\r', NULL, 2),
(132, '2 cm KwK 38 L/55', '20', 240, 255, 255, '', 0, '109.09', '130.43', '119.76', '0.00', 11, 11, 0, 23, 46, 0, '0.57', '0.00', '0.57', '1.40', '1.70', '1.55', 70, 'I', 1, 'Leichttraktor', 1, '\r', NULL, 2),
(133, '2 cm KwK 38 L/55J', '20', 255, 0, 255, '', 0, '138.46', '0.00', '138.46', '0.00', 11, 11, 0, 23, 46, 0, '0.57', '0.00', '0.57', '1.40', '0.00', '1.40', 70, 'I', 1, 'Pz.Kpfw. II Ausf. J', 0, '\r', NULL, 2),
(134, '20 mm Hispano Suiza Birgikt Gun M1', '20', 255, 0, 255, '', 0, '99.34', '0.00', '99.34', '0.00', 12, 12, 0, 30, 41, 0, '0.50', '0.00', '0.50', '1.70', '0.00', '1.70', 68, 'II', 2, 'T2 Light Tank', 0, '\r', NULL, 7),
(135, '20 mm Hispano-Suiza Birgikt Gun', '20', 255, 255, 255, '', 0, '73.17', '108.43', '90.80', '0.00', 12, 12, 0, 30, 41, 0, '0.50', '0.00', '0.50', '1.50', '1.90', '1.70', 68, 'II', 2, 'M3 Stuart', 2, '\r', NULL, 7),
(136, '20 mm TNSh', '20', 255, 255, 255, '', 0, '90.23', '114.29', '102.26', '0.00', 10, 10, 0, 28, 39, 0, '0.53', '0.00', '0.53', '1.70', '1.90', '1.80', 68, 'I', 1, 'MS-1', 2, '\r', NULL, 1),
(137, '203 mm B-4', '203', 0, 40, 40, '', 0, '1.06', '1.38', '1.22', '0.00', 1850, 1450, 1850, 102, 260, 102, '0.84', '0.90', '0.87', '7.50', '8.00', '7.75', 5, 'IX', 9, 'S-51', 235, '\r', NULL, 1),
(138, '21 cm Morser 18/1', '210', 15, 0, 15, '', 0, '1.16', '1.25', '1.21', '0.00', 2000, 1550, 2000, 105, 303, 105, '0.86', '0.90', '0.88', '7.50', '0.00', '7.50', 5, 'IX', 9, 'G.W. Tiger', 245, '\r', NULL, 2),
(139, '21 cm Morser 18/2', '210', 30, 0, 30, '', 0, '1.41', '0.00', '1.41', '0.00', 2000, 1550, 2000, 105, 303, 105, '0.84', '0.00', '0.84', '7.00', '0.00', '7.00', 5, 'X', 10, 'G.W. E 100', 340, '\r', NULL, 2),
(140, '23 mm PT-23TB', '23', 255, 0, 255, '', 0, '61.54', '0.00', '61.54', '0.00', 12, 12, 0, 28, 39, 0, '0.55', '0.00', '0.55', '1.70', '0.00', '1.70', 70, 'I', 1, 'T-60', 2, '\r', NULL, 1),
(141, '23 mm VJa', '23', 225, 255, 255, '', 0, '81.82', '114.29', '98.06', '0.00', 12, 12, 0, 30, 42, 0, '0.54', '0.00', '0.54', '1.60', '1.90', '1.75', 71, 'II', 2, 'MS-1', 2, '\r', NULL, 1),
(142, '240 mm Howitzer M1', '40', 16, 0, 16, '', 0, '1.13', '0.00', '1.13', '0.00', 2250, 1800, 2250, 120, 370, 120, '0.92', '0.00', '0.92', '8.00', '0.00', '8.00', 11, 'X', 10, 'T92', 350, '\r', NULL, 7),
(143, '25 mm AC SA-L mle. 1934', '25', 255, 0, 255, '', 0, '35.29', '0.00', '35.29', '0.00', 20, 20, 0, 50, 75, 0, '0.43', '0.00', '0.43', '1.50', '0.00', '1.50', 70, 'I', 1, 'Renault FT AC', 3, '\r', NULL, 6),
(144, '25 mm AC SA-L mle. 1937', '25', 255, 0, 255, '', 0, '35.29', '0.00', '35.29', '0.00', 20, 20, 0, 50, 75, 0, '0.41', '0.00', '0.41', '1.50', '0.00', '1.50', 70, 'II', 2, 'Renault FT AC', 3, '\r', NULL, 6),
(145, '25 mm automatique mle. 1936', '25', 255, 0, 255, '', 0, '62.59', '0.00', '62.59', '0.00', 20, 20, 0, 50, 75, 0, '0.43', '0.00', '0.43', '1.70', '0.00', '1.70', 70, 'II', 2, 'Renault FT AC', 6, '\r', NULL, 6),
(146, '25 mm Canon Raccourci mle. 1934', '25', 160, 255, 255, '', 0, '28.57', '35.29', '31.93', '0.00', 27, 27, 0, 46, 68, 0, '0.45', '0.00', '0.45', '1.50', '1.70', '1.60', 71, 'II', 2, 'Renault FT', 2, '\r', NULL, 6),
(147, '3 cm M.K. 103', '30', 180, 255, 255, '', 0, '23.20', '39.50', '31.35', '0.00', 30, 30, 40, 95, 110, 15, '0.46', '0.50', '0.48', '1.70', '2.30', '2.00', 141, 'V', 5, 'VK 16.02 Leopard', 2, '\r', NULL, 2),
(148, '3,7 cm KwK 34 (t) L/40', '37', 72, 0, 72, '', 0, '26.09', '0.00', '26.09', '0.00', 40, 40, 45, 40, 69, 18, '0.48', '0.00', '0.48', '1.70', '0.00', '1.70', 70, 'I', 1, 'Pz.Kpfw. 35 (t)', 2, '\r', NULL, 2),
(149, '3,7 cm KwK 36 L/46.5', '37', 64, 156, 110, '', 0, '26.09', '0.00', '26.09', '0.00', 36, 36, 42, 40, 74, 18, '0.46', '0.00', '0.46', '1.70', '0.00', '1.70', 100, 'I', 1, 'Leichttraktor', 0, '\r', NULL, 2),
(150, '3,7 cm KwK 38 (t) L/47', '37', 72, 90, 81, '', 0, '26.09', '0.00', '26.09', '0.00', 40, 40, 45, 42, 74, 18, '0.41', '0.00', '0.41', '1.70', '0.00', '1.70', 100, 'II', 2, 'Pz.Kpfw. 35 (t)', 2, '\r', NULL, 2),
(151, '3,7 cm KwK 38 (t) L/47', '37', 78, 0, 78, '', 0, '26.25', '0.00', '26.25', '0.00', 40, 40, 45, 42, 74, 18, '0.41', '0.00', '0.41', '1.70', '0.00', '1.70', 100, 'II', 2, 'T-15', 0, '\r', NULL, 2),
(152, '3,7 cm PaK (t) L/47', '37', 96, 0, 96, '0', 0, '28.57', '0.00', '28.57', '0.00', 40, 40, 45, 42, 74, 18, '0.39', '0.00', '0.39', '1.50', '0.00', '1.50', 100, 'II', 2, 'Panzerjager I', 2730, 'credit', NULL, 2),
(153, '3,7 cm SA 38 L/34', '37', 100, 0, 100, '', 0, '26.25', '0.00', '26.25', '0.00', 40, 40, 45, 41, 64, 18, '0.40', '0.00', '0.40', '1.70', '0.00', '1.70', 70, 'I', 1, 'Pz.Kpfw. 38H 735 (f)', 0, '\r', NULL, 2),
(154, '3.7-inch AT Howitzer', '', 42, 48, 45, '', 0, '7.50', '0.00', '7.50', '0.00', 370, 280, 0, 47, 110, 0, '0.49', '0.00', '0.49', '2.50', '0.00', '2.50', 393, 'V', 5, 'Valentine AT', 35, '\r', NULL, 5),
(155, '3.7-inch Howitzer', '', 30, 50, 40, '', 0, '5.00', '8.57', '6.79', '0.00', 370, 280, 0, 47, 110, 0, '0.51', '0.58', '0.55', '2.30', '3.40', '2.85', 393, 'V', 5, 'Cruiser Mk. II', 35, '\r', NULL, 5),
(156, '37 mm APX SA18', '37', 100, 237, 168, '', 0, '24.00', '26.09', '25.05', '0.00', 30, 30, 36, 29, 46, 18, '0.54', '0.00', '0.54', '2.00', '2.50', '2.25', 100, 'I', 1, 'Renault FT', 0, '\r', NULL, 6),
(157, '37 mm AT Gun M3', '37', 110, 0, 110, '', 0, '28.57', '0.00', '28.57', '0.00', 40, 40, 50, 56, 78, 19, '0.40', '0.00', '0.40', '1.50', '0.00', '1.50', 82, 'II', 2, 'T18', 8, '\r', NULL, 7),
(158, '37 mm automatic SH-37', '37', 120, 180, 150, '', 0, '6.37', '129.81', '68.09', '0.00', 40, 40, 50, 46, 62, 19, '0.45', '0.00', '0.45', '2.30', '0.00', '2.30', 200, 'V', 5, 'A-20', 26, '\r', NULL, 1),
(159, '37 mm B-3', '37', 67, 160, 113, '', 0, '24.00', '26.09', '25.05', '0.00', 36, 36, 40, 40, 64, 19, '0.46', '0.00', '0.46', '2.30', '2.50', '2.40', 77, 'I', 1, 'MS-1', 1, '\r', NULL, 1),
(160, '37 mm Browning Semiautomatic Gun', '37', 100, 110, 105, '', 0, '30.00', '38.96', '34.48', '0.00', 30, 30, 36, 39, 63, 19, '0.47', '0.00', '0.47', '1.70', '2.50', '2.10', 65, 'II', 2, 'T1 Cunningham', 2, '\r', NULL, 7),
(161, '37 mm Gun APX SA18', '37', 237, 0, 237, '', 0, '24.00', '0.00', '24.00', '0.00', 30, 30, 36, 29, 46, 18, '0.54', '0.00', '0.54', '2.00', '2.30', '2.15', 110, 'I', 1, 'Renault NC-31', 0, '\r', NULL, 4),
(162, '37 mm KwK 36 L/46.5', '37', 100, 160, 130, '', 0, '26.09', '28.57', '27.33', '0.00', 36, 36, 42, 40, 74, 18, '0.46', '0.00', '0.46', '1.70', '2.00', '1.85', 100, 'I', 1, 'Renault NC-31', 1, '', NULL, 4),
(163, '37 mm Gun M1916', '37', 104, 0, 104, '', 0, '24.00', '0.00', '24.00', '0.00', 30, 30, 36, 28, 45, 19, '0.54', '0.00', '0.54', '2.50', '0.00', '2.50', 104, 'I', 1, 'T1 Cunningham', 0, '\r', NULL, 7),
(164, '37 mm Gun M5', '37', 103, 120, 111, '', 0, '24.00', '26.09', '25.05', '0.00', 40, 40, 50, 48, 70, 19, '0.46', '0.00', '0.46', '1.70', '2.10', '1.90', 78, 'II', 2, 'M2 Light Tank', 2, '\r', NULL, 7),
(165, '37 mm Gun M6', '37', 50, 0, 50, '', 0, '26.20', '0.00', '26.20', '0.00', 40, 40, 50, 56, 78, 19, '0.41', '0.00', '0.41', '1.70', '0.00', '1.70', 82, 'III', 3, 'M22 Locust', 0, '\r', NULL, 7),
(166, '37 mm Gun M6', '37', 103, 210, 156, '', 0, '26.09', '0.00', '26.09', '0.00', 40, 40, 50, 56, 78, 19, '0.41', '0.42', '0.42', '1.70', '0.00', '1.70', 82, 'III', 3, 'M2 Medium Tank', 8, '\r', NULL, 7),
(167, '37 mm Hotchkiss', '37', 92, 104, 98, '', 0, '24.00', '26.09', '25.05', '0.00', 30, 30, 36, 34, 44, 19, '0.54', '0.00', '0.54', '2.30', '2.50', '2.40', 104, 'I', 1, 'MS-1', 0, '\r', NULL, 1),
(168, '37 mm M5', '37', 103, 0, 103, '', 0, '24.00', '0.00', '24.00', '0.00', 40, 40, 50, 48, 70, 19, '0.46', '0.00', '0.46', '1.90', '0.00', '1.90', 78, 'II', 2, 'M3 Light', 0, '', NULL, 1),
(169, '37 mm M6', '37', 123, 147, 135, '', 0, '26.09', '0.00', '26.09', '0.00', 40, 40, 50, 56, 78, 19, '0.42', '0.00', '0.42', '1.70', '0.00', '1.70', 84, 'III', 3, 'M5A1 Stuart', 8, '\r', NULL, 4),
(170, '37 mm SA38', '37', 100, 162, 131, '', 0, '19.35', '25.00', '22.18', '0.00', 40, 40, 45, 34, 67, 24, '0.48', '0.00', '0.48', '2.00', '0.00', '2.00', 70, 'II', 2, 'Hotchkiss H35', 1, '\r', NULL, 6),
(171, '37 mm Semiautomatic Gun M1924', '37', 100, 110, 105, '', 0, '30.00', '38.96', '34.48', '0.00', 30, 30, 36, 33, 53, 19, '0.51', '0.00', '0.51', '1.70', '2.50', '2.10', 65, 'I', 1, 'T1 Cunningham', 1, '\r', NULL, 7),
(172, '37 mm Semiautomatic Gun M1924A1', '37', 80, 0, 80, '', 0, '40.00', '0.00', '40.00', '0.00', 30, 30, 36, 33, 53, 19, '0.51', '0.00', '0.51', '1.90', '0.00', '1.90', 65, 'I', 1, 'T1E6', 0, '\r', NULL, 7),
(173, '37 mm ZiS-19', '37', 80, 150, 115, '', 0, '22.20', '28.60', '25.40', '0.00', 40, 40, 50, 58, 92, 19, '0.39', '0.00', '0.39', '1.90', '2.30', '2.10', 200, 'III', 3, 'BT-7', 4, '\r', NULL, 1),
(174, '37 mm ZiS-19S', '37', 78, 0, 78, '', 0, '28.57', '0.00', '28.57', '0.00', 40, 40, 50, 58, 92, 19, '0.35', '0.00', '0.35', '1.70', '0.00', '1.70', 200, 'III', 3, 'AT-1', 2, '\r', NULL, 1),
(175, '3-inch 20 cwt AT Gun Mk. III', '', 85, 0, 85, '', 0, '15.00', '0.00', '15.00', '0.00', 140, 140, 190, 112, 140, 38, '0.36', '0.00', '0.36', '1.70', '0.00', '1.70', 1, 'VI', 6, 'Churchill Gun Carrier', 62, '\r', NULL, 5),
(176, '3-inch AT Gun M7', '', 45, 54, 49, '', 0, '14.29', '15.79', '15.04', '0.00', 110, 110, 175, 101, 157, 38, '0.41', '0.43', '0.42', '1.70', '0.00', '1.70', 1, 'V', 5, 'M8A1', 33, '\r', NULL, 7),
(177, '3-inch Gun M7', '', 75, 0, 75, '', 0, '13.95', '0.00', '13.95', '0.00', 110, 110, 175, 101, 157, 38, '0.46', '0.00', '0.46', '2.30', '0.00', '2.30', 1, 'V', 5, 'T1 Heavy Tank', 33, '\r', NULL, 7),
(178, '3-inch Gun T9', '', 40, 0, 40, '', 0, '6.80', '0.00', '6.80', '0.00', 170, 130, 0, 42, 100, 0, '0.80', '0.00', '0.80', '5.50', '0.00', '5.50', 903, 'II', 2, 'T57', 2, '\r', NULL, 7),
(179, '4,7 cm PaK (t) L/43', '47', 56, 86, 71, '', 0, '24.00', '26.09', '25.05', '0.00', 60, 60, 75, 62, 115, 24, '0.37', '0.00', '0.37', '1.30', '2.00', '1.65', 100, 'II', 2, 'Panzerjager I', 3, '', NULL, 2),
(180, '4,7 cm SA 35 L/34', '47', 112, 0, 112, '', 0, '27.63', '0.00', '27.63', '0.00', 52, 52, 62, 55, 90, 24, '0.39', '0.00', '0.39', '1.10', '0.00', '1.10', 100, 'II', 2, 'Pz.Kpfw. S35 739 (f)', 0, '\r', NULL, 2),
(181, '40 mm Pom Pom', '40', 120, 200, 160, '', 0, '24.30', '36.92', '30.61', '0.00', 45, 45, 60, 49, 71, 23, '0.41', '0.48', '0.45', '1.70', '2.30', '2.00', 160, 'IV', 4, 'Cruiser Mk. I', 20, '\r', NULL, 5),
(182, '40 mm Pom Pom', '40', 160, 0, 160, '', 0, '24.30', '0.00', '24.30', '0.00', 45, 45, 60, 49, 71, 23, '0.48', '0.00', '0.48', '2.30', '0.00', '2.30', 160, 'IV', 4, 'Vickers Mk. E Type B', 20, '\r', NULL, 4),
(183, '44-caliber Automatic Cannon', '', 255, 0, 255, '', 0, '36.75', '0.00', '36.75', '0.00', 40, 40, 50, 45, 61, 19, '0.48', '0.00', '0.48', '1.70', '0.00', '1.70', 358, 'V', 5, 'MTLS-1G14', 0, '\r', NULL, 7),
(184, '45 mm 20K', '45', 80, 150, 115, '', 0, '26.09', '0.00', '26.09', '0.00', 47, 47, 62, 51, 88, 23, '0.46', '0.00', '0.46', '1.90', '2.30', '2.10', 250, 'II', 2, 'BT-7', 2, '\r', NULL, 1),
(185, '45 mm 20K', '45', 120, 136, 128, '', 0, '26.09', '0.00', '26.09', '0.00', 47, 47, 62, 51, 88, 23, '0.46', '0.00', '0.46', '1.70', '2.30', '2.00', 313, 'II', 2, 'Vickers Mk. E Type B', 2, '\r', NULL, 4),
(186, '45 mm 20KL', '45', 61, 150, 105, '', 0, '26.25', '0.00', '26.25', '0.00', 47, 47, 62, 51, 84, 23, '0.41', '0.43', '0.42', '1.70', '2.10', '1.90', 250, 'II', 2, 'T-127', 0, '\r', NULL, 1),
(187, '45 mm 20KS', '45', 80, 0, 80, '', 0, '28.57', '0.00', '28.57', '0.00', 47, 47, 62, 51, 84, 23, '0.43', '0.00', '0.43', '1.70', '0.00', '1.70', 250, 'II', 2, 'AT-1', 2, '\r', NULL, 1),
(188, '45 mm mod. 1932', '45', 54, 0, 54, '', 0, '20.69', '0.00', '20.69', '0.00', 47, 47, 62, 51, 88, 23, '0.46', '0.00', '0.46', '2.50', '0.00', '2.50', 240, 'II', 2, 'MS-1', 2, '\r', NULL, 1),
(189, '45 mm VT-42', '45', 77, 140, 108, '', 0, '26.09', '0.00', '26.09', '0.00', 49, 49, 63, 75, 95, 23, '0.37', '0.00', '0.37', '1.90', '2.30', '2.10', 322, 'IV', 4, 'A-20', 20, '\r', NULL, 1),
(190, '45 mm VT-43', '45', 100, 0, 100, '', 0, '28.57', '0.00', '28.57', '0.00', 55, 55, 65, 75, 110, 23, '0.34', '0.00', '0.34', '1.70', '2.00', '1.85', 312, 'IV', 4, 'T-50', 22, '\r', NULL, 1),
(191, '47 mm SA34', '47', 112, 156, 134, '', 0, '18.75', '27.27', '23.01', '0.00', 50, 50, 62, 25, 46, 24, '0.52', '0.53', '0.53', '1.50', '2.30', '1.90', 90, 'II', 2, 'D1', 2, '\r', NULL, 6),
(192, '47 mm SA35', '47', 112, 156, 134, '', 0, '18.75', '27.27', '23.01', '0.00', 55, 55, 70, 45, 79, 24, '0.46', '0.47', '0.47', '1.50', '2.50', '2.00', 100, 'III', 3, 'AMX 38', 3, '\r', NULL, 6),
(193, '47 mm SA37', '47', 112, 120, 116, '', 0, '23.08', '26.09', '24.59', '0.00', 55, 55, 70, 66, 98, 24, '0.39', '0.00', '0.39', '1.70', '2.30', '2.00', 100, 'III', 3, 'D2', 4, '\r', NULL, 6),
(194, '47 mm SA-L Mle.37', '47', 110, 150, 130, '', 0, '26.09', '27.27', '26.68', '0.00', 55, 55, 70, 66, 98, 24, '0.35', '0.37', '0.36', '1.70', '2.00', '1.85', 100, 'III', 3, 'Renault FT AC', 8, '\r', NULL, 6),
(195, '47 mm Gun Type 1', '47', 61, 104, 82, '', 0, '20.00', '24.00', '22.00', '0.00', 70, 70, 90, 81, 131, 25, '0.42', '0.44', '0.43', '2.30', '0.00', '2.30', 350, 'IV', 4, 'Type 2597 Chi-Ha', 21, '', NULL, 4),
(196, '47 mm Vickers QF', '47', 50, 96, 73, '', 0, '16.67', '18.18', '17.43', '0.00', 50, 50, 65, 45, 70, 23, '0.48', '0.00', '0.48', '2.30', '2.90', '2.60', 100, 'II', 2, 'Vickers Mk. E Type B', 1, '\r', NULL, 4),
(197, '5 cm KwK 38 L/42', '50', 50, 93, 71, '', 0, '24.00', '0.00', '24.00', '0.00', 70, 70, 90, 60, 96, 25, '0.48', '0.00', '0.48', '2.30', '0.00', '2.30', 700, 'III', 3, 'Pz.Kpfw. III', 8, '\r', NULL, 2),
(198, '5 cm KwK 39 L/60', '50', 60, 120, 90, '', 0, '24.00', '28.57', '26.29', '0.00', 70, 70, 90, 67, 130, 25, '0.39', '0.40', '0.40', '1.70', '2.30', '2.00', 700, 'III', 3, 'Pz.Kpfw. IV', 9, '\r', NULL, 2),
(199, '57 mm 55-57FG', '57', 70, 100, 85, '', 0, '20.00', '26.09', '23.05', '0.00', 85, 85, 95, 112, 189, 29, '0.34', '0.00', '0.34', '2.30', '0.00', '2.30', 448, 'V', 5, 'Type T-34', 48, '\r', NULL, 4),
(200, '57 mm Gun M1', '57', 66, 126, 96, '', 0, '21.43', '26.09', '23.76', '0.00', 75, 75, 95, 110, 180, 29, '0.39', '0.00', '0.39', '1.70', '2.00', '1.85', 400, 'V', 5, 'T82', 33, '\r', NULL, 7),
(201, '57 mm project 413', '57', 166, 184, 175, '', 0, '26.09', '0.00', '26.09', '0.00', 85, 85, 95, 112, 189, 29, '0.34', '0.00', '0.34', '2.30', '0.00', '2.30', 740, 'V', 5, 'KV-1', 38, '\r', NULL, 1),
(202, '57 mm ZiS-2', '57', 72, 0, 72, '', 0, '18.75', '26.09', '22.42', '0.00', 85, 85, 95, 112, 189, 29, '0.34', '0.00', '0.34', '1.70', '2.30', '2.00', 850, 'VI', 6, 'SU-76', 62, '\r', NULL, 1),
(203, '57 mm ZiS-4', '57', 76, 78, 77, '', 0, '17.60', '26.10', '21.85', '0.00', 85, 85, 95, 112, 189, 29, '0.34', '0.00', '0.34', '2.30', '0.00', '2.30', 740, 'V', 5, 'T-34', 41, '\r', NULL, 1),
(204, '57 mm ZiS-8', '57', 76, 78, 77, '', 0, '20.69', '0.00', '20.69', '0.00', 75, 75, 95, 75, 112, 29, '0.45', '0.46', '0.46', '2.30', '0.00', '2.30', 400, 'IV', 4, 'T-28', 22, '\r', NULL, 1),
(205, '57 mm ZiS-8S', '57', 60, 80, 70, '', 0, '19.35', '23.08', '21.22', '0.00', 75, 75, 95, 75, 112, 29, '0.41', '0.43', '0.42', '1.70', '2.30', '2.00', 400, 'IV', 4, 'AT-1', 22, '\r', NULL, 1),
(206, '57 mm Gun Type 97', '57', 120, 0, 120, '', 0, '20.00', '0.00', '20.00', '0.00', 75, 75, 95, 30, 55, 28, '0.46', '0.00', '0.46', '2.30', '0.00', '2.30', 150, 'II', 2, 'Type 2597 Chi-Ha', 3, '', NULL, 4),
(207, '6-pdr AT Gun Mk. IV', '', 70, 0, 70, '', 0, '21.43', '0.00', '21.43', '0.00', 75, 75, 0, 110, 180, 0, '0.39', '0.00', '0.39', '2.00', '0.00', '2.00', 450, 'IV', 4, 'Renault UE 57', 25, '\r', NULL, 6),
(208, '7,5 cm A18 KwK', '75', 60, 0, 60, '', 0, '14.00', '0.00', '14.00', '0.00', 110, 110, 175, 116, 167, 38, '0.41', '0.00', '0.41', '2.50', '0.00', '2.50', 1, 'V', 5, 'T-25', 0, '\r', NULL, 2),
(209, '7,5 cm KwK 37 L/24', '75', 70, 80, 75, '', 0, '14.00', '17.60', '15.80', '0.00', 110, 110, 175, 43, 87, 38, '0.55', '0.00', '0.55', '1.70', '2.30', '2.00', 780, 'IV', 4, 'Pz.Kpfw. IV', 10, '\r', NULL, 2),
(210, '7,5 cm KwK 40 L/43', '75', 78, 92, 85, '', 0, '13.95', '16.22', '15.09', '0.00', 110, 110, 175, 103, 139, 38, '0.41', '0.00', '0.41', '1.70', '2.30', '2.00', 1, 'IV', 4, 'Pz.Kpfw. IV', 25, '\r', NULL, 2),
(211, '7,5 cm KwK 40 L/48', '75', 87, 92, 89, '', 0, '13.95', '14.00', '13.98', '0.00', 110, 110, 175, 110, 158, 38, '0.39', '0.00', '0.39', '1.70', '2.30', '2.00', 1, 'V', 5, 'Pz.Kpfw. IV Hydraulic', 0, '\r', NULL, 2),
(212, '7,5 cm KwK 40 L/48', '75', 54, 92, 73, '', 0, '13.95', '16.22', '15.09', '0.00', 110, 110, 175, 110, 158, 38, '0.39', '0.00', '0.39', '1.70', '2.30', '2.00', 1, 'V', 5, 'Pz.Kpfw. IV', 27, '\r', NULL, 2),
(213, '7,5 cm KwK 42 L/70', '75', 36, 110, 73, '', 0, '10.53', '13.33', '11.93', '0.00', 135, 135, 175, 150, 194, 38, '0.35', '0.00', '0.35', '2.30', '0.00', '2.30', 1, 'VI', 6, 'Pz.Kpfw. VI Tiger', 53, '\r', NULL, 2),
(214, '7,5 cm KwK 42 L/70', '75', 82, 0, 82, '', 0, '13.33', '0.00', '13.33', '0.00', 135, 135, 175, 150, 194, 38, '0.35', '0.00', '0.35', '2.30', '0.00', '2.30', 955, 'VI', 6, 'Panther/M10', 0, '\r', NULL, 2),
(215, '7,5 cm KwK 44/1 L/70', '75', 60, 0, 60, '', 0, '13.04', '0.00', '13.04', '0.00', 135, 135, 175, 150, 194, 38, '0.35', '0.00', '0.35', '2.30', '0.00', '2.30', 955, 'VI', 6, 'Pz.Kpfw. IV Schmalturm', 0, '\r', NULL, 2),
(216, '7,5 cm KwK 45 L/100', '75', 80, 90, 85, '', 0, '12.50', '13.33', '12.92', '0.00', 135, 135, 175, 198, 244, 38, '0.30', '0.32', '0.31', '2.30', '0.00', '2.30', 2, 'VIII', 8, 'Pz.Kpfw. V Panther', 128, '\r', NULL, 2),
(217, '7,5 cm PaK 39 L/48', '75', 40, 79, 59, '', 0, '15.38', '17.14', '16.26', '0.00', 110, 110, 175, 110, 158, 38, '0.37', '0.00', '0.37', '1.70', '0.00', '1.70', 1, 'V', 5, 'Hetzer', 27, '\r', NULL, 2),
(218, '7,5 cm PaK 40/2 L/46', '75', 37, 0, 37, '', 0, '12.50', '17.65', '15.08', '0.00', 110, 110, 175, 108, 154, 38, '0.38', '0.40', '0.39', '1.70', '2.50', '2.10', 470, 'V', 5, 'Marder II', 30, '\r', NULL, 2),
(219, '7,5 cm StuK 40 L/43', '75', 40, 44, 42, '', 0, '15.38', '0.00', '15.38', '0.00', 110, 110, 175, 103, 139, 38, '0.39', '0.00', '0.39', '1.70', '0.00', '1.70', 1, 'IV', 4, 'Hetzer', 25, '\r', NULL, 2),
(220, '7,5 cm StuK 42 L/70', '75', 36, 68, 52, '', 0, '13.33', '15.79', '14.56', '0.00', 135, 135, 175, 150, 194, 38, '0.33', '0.00', '0.33', '1.70', '0.00', '1.70', 1, 'VI', 6, 'StuG III', 53, '\r', NULL, 2),
(221, '7,5 cm StuK 42 L/70', '75', 60, 0, 60, '', 0, '20.00', '0.00', '20.00', '0.00', 135, 135, 175, 150, 194, 38, '0.30', '0.00', '0.30', '1.50', '0.00', '1.50', 955, 'VI', 6, 'E-25', 0, '\r', NULL, 2),
(222, '7,5/5,5 cm Waffe 0725', '50', 68, 0, 68, '', 0, '12.00', '15.00', '13.50', '0.00', 135, 135, 0, 157, 221, 0, '0.34', '0.00', '0.34', '2.30', '0.00', '2.30', 720, 'VII', 7, 'VK 36.01 (H)', 18, '', NULL, 2),
(223, '7,62 cm PaK 36 (r)', '76', 36, 0, 36, '', 0, '12.00', '16.67', '14.34', '0.00', 115, 115, 165, 96, 166, 38, '0.42', '0.44', '0.43', '1.90', '2.70', '2.30', 460, 'IV', 4, 'Marder II', 28, '', NULL, 2),
(224, '7,92 mm Mauser E.W. 141', '7.92', 255, 0, 255, '', 0, '253.52', '0.00', '253.52', '0.00', 8, 8, 0, 33, 43, 0, '0.45', '0.00', '0.45', '1.30', '0.00', '1.30', 30, 'II', 2, 'Pz.Kpfw. I Ausf. C', 3, '\r', NULL, 2),
(225, '75 mm AC SA44', '75', 40, 160, 100, '', 0, '15.79', '17.14', '16.47', '0.00', 110, 110, 175, 100, 129, 38, '0.41', '0.00', '0.41', '1.70', '0.00', '1.70', 1, 'V', 5, 'Somua SAu 40', 27, '\r', NULL, 6),
(226, '75 mm APX mle. 1938', '75', 40, 200, 120, '', 0, '15.79', '17.14', '16.47', '0.00', 110, 110, 175, 68, 100, 38, '0.45', '0.00', '0.45', '1.70', '0.00', '1.70', 1, 'III', 3, 'Somua SAu 40', 22, '\r', NULL, 6),
(227, '75 mm AT Gun M3', '75', 46, 0, 46, '', 0, '14.29', '0.00', '14.29', '0.00', 110, 110, 175, 92, 127, 38, '0.43', '0.00', '0.43', '1.70', '1.90', '1.80', 1, 'IV', 4, 'M8A1', 30, '\r', NULL, 7),
(228, '75 mm AT Gun Mk. V', '75', 120, 0, 120, '', 0, '26.09', '0.00', '26.09', '0.00', 110, 110, 175, 91, 144, 38, '0.39', '0.00', '0.39', '1.70', '0.00', '1.70', 500, 'V', 5, 'AT 8', 45, '\r', NULL, 5),
(229, '75 mm AT Howitzer M3', '75', 46, 0, 46, '', 0, '16.22', '0.00', '16.22', '0.00', 175, 110, 0, 38, 91, 0, '0.53', '0.00', '0.53', '1.90', '0.00', '1.90', 138, 'III', 3, 'M8A1', 5, '\r', NULL, 7),
(230, '75 mm Blockhaus Schneider', '75', 24, 0, 24, '', 0, '7.69', '0.00', '7.69', '0.00', 165, 110, 0, 38, 100, 0, '0.77', '0.00', '0.77', '4.50', '0.00', '4.50', 210, 'II', 2, 'Renault FT 75 BS', 2, '\r', NULL, 6),
(231, '75 mm Gun M2', '75', 50, 71, 60, '', 0, '15.79', '16.67', '16.23', '0.00', 110, 110, 175, 90, 125, 38, '0.47', '0.00', '0.47', '1.70', '1.80', '1.75', 1, 'IV', 4, 'M3 Lee', 23, '\r', NULL, 7),
(232, '75 mm Gun M3', '75', 50, 104, 77, '', 0, '15.79', '20.00', '17.90', '0.00', 110, 110, 175, 92, 127, 38, '0.41', '0.46', '0.44', '2.00', '2.10', '2.05', 1, 'IV', 4, 'M3 Lee', 30, '\r', NULL, 7),
(233, '75 mm Gun M3', '75', 90, 0, 90, '', 0, '15.75', '0.00', '15.75', '0.00', 110, 110, 175, 92, 127, 38, '0.46', '0.00', '0.46', '2.10', '0.00', '2.10', 1, 'IV', 4, 'M4A2E4 Sherman', 0, '\r', NULL, 7),
(234, '75 mm Gun M6', '75', 48, 60, 54, '', 0, '15.00', '15.79', '15.40', '0.00', 110, 110, 175, 96, 143, 38, '0.40', '0.00', '0.40', '1.50', '2.10', '1.80', 1, 'V', 5, 'M24 Chaffee', 33, '\r', NULL, 7),
(235, '75 mm Gun Mk. V', '75', 44, 84, 64, '', 0, '9.09', '20.00', '14.55', '0.00', 110, 110, 175, 91, 144, 38, '0.39', '0.42', '0.41', '1.50', '2.50', '2.00', 500, 'V', 5, 'Valentine', 45, '\r', NULL, 5),
(236, '75 mm Gun Mk. V', '75', 64, 0, 64, '', 0, '15.79', '0.00', '15.79', '0.00', 110, 110, 175, 91, 144, 38, '0.42', '0.00', '0.42', '2.30', '0.00', '2.30', 500, 'V', 5, 'Excelsior', 0, '\r', NULL, 5),
(237, '75 mm Howitzer M1A1', '75', 42, 98, 70, '', 0, '12.50', '16.22', '14.36', '0.00', 175, 110, 0, 38, 91, 0, '0.53', '0.00', '0.53', '1.70', '2.30', '2.00', 138, 'IV', 4, 'T18', 26, '\r', NULL, 7),
(238, '75 mm Howitzer M3', '75', 40, 46, 43, '', 0, '13.04', '14.63', '13.84', '0.00', 175, 110, 0, 38, 91, 0, '0.55', '0.00', '0.55', '2.30', '0.00', '2.30', 138, 'III', 3, 'M2 Medium Tank', 5, '\r', NULL, 7),
(239, '75 mm PaK 40/2', '75', 40, 0, 40, '', 0, '15.92', '0.00', '15.92', '0.00', 110, 110, 175, 98, 126, 38, '0.37', '0.00', '0.37', '1.50', '0.00', '1.50', 1, 'IV', 4, 'FCM 36 Pak 40', 0, '\r', NULL, 6),
(240, '75 mm SA32', '75', 60, 74, 67, '', 0, '9.68', '15.79', '12.74', '0.00', 110, 110, 175, 74, 100, 38, '0.46', '0.00', '0.46', '2.30', '2.50', '2.40', 1, 'IV', 4, 'AMX 40', 10, '\r', NULL, 6),
(241, '75 mm SA44', '75', 48, 74, 61, '', 0, '13.95', '15.79', '14.87', '0.00', 110, 110, 175, 100, 129, 38, '0.43', '0.00', '0.43', '2.30', '0.00', '2.30', 1, 'V', 5, 'ELC AMX', 27, '\r', NULL, 6),
(242, '75 mm SA49 L48', '75', 36, 42, 39, '', 0, '15.59', '17.70', '16.65', '0.00', 110, 110, 175, 108, 148, 38, '0.42', '0.00', '0.42', '2.30', '2.50', '2.40', 1, 'V', 5, 'amx 12t', 35, '\r', NULL, 6),
(243, '75 mm SA50', '75', 30, 48, 39, '', 0, '11.57', '13.85', '12.71', '0.00', 135, 135, 175, 144, 202, 38, '0.36', '0.00', '0.36', '2.30', '2.50', '2.40', 1, 'VI', 6, 'amx 12t', 64, '\r', NULL, 6),
(244, '75 mm Vickers HV', '75', 61, 84, 72, '', 0, '12.50', '15.38', '13.94', '0.00', 135, 135, 175, 145, 202, 38, '0.34', '0.36', '0.35', '2.30', '0.00', '2.30', 591, 'VI', 6, 'Churchill I', 50, '\r', NULL, 5);
INSERT INTO `canon` (`id`, `nom`, `calibre`, `nombre_total_obus_min`, `nombre_total_obus_max`, `nombre_total_obus_moy`, `ratelier`, `nombre_obus_ratelier`, `cadence_tir_min`, `cadence_tir_max`, `cadence_tir_moy`, `temps_chargement_total`, `degat_moyen1`, `degat_moyen2`, `degat_moyen3`, `penetration1`, `penetration2`, `penetration3`, `dispersion_min`, `dispersion_max`, `dispersion_moyenne`, `vitesse_vise_min`, `vitesse_vise_max`, `vitesse_vise_moy`, `poids`, `tier_latin`, `tier_id`, `compatibilite`, `prix`, `type_credit`, `experience`, `pays_id`) VALUES
(245, '76 mm 54-76T', '76', 45, 0, 45, '', 0, '16.22', '17.65', '16.94', '0.00', 115, 115, 165, 85, 106, 38, '0.36', '0.00', '0.36', '2.30', '0.00', '2.30', 550, 'V', 5, '59-16', 49, '\r', NULL, 4),
(246, '76 mm 54-76T (Autoloader)', '76', 45, 60, 52, '', 0, '19.57', '21.38', '20.48', '0.00', 115, 115, 165, 85, 106, 38, '0.36', '0.00', '0.36', '2.30', '0.00', '2.30', 1, 'VI', 6, '59-16', 69, '\r', NULL, 4),
(247, '76 mm AT Gun M1918', '76', 98, 0, 98, '', 0, '16.22', '0.00', '16.22', '0.00', 110, 130, 170, 90, 100, 42, '0.43', '0.00', '0.43', '1.70', '0.00', '1.70', 900, 'IV', 4, 'T40', 27, '\r', NULL, 7),
(248, '76 mm AT Gun M1A1', '76', 45, 68, 56, '', 0, '16.22', '18.75', '17.49', '0.00', 115, 110, 185, 128, 177, 38, '0.39', '0.41', '0.40', '1.70', '0.00', '1.70', 1, 'VI', 6, 'T40', 50, '\r', NULL, 7),
(249, '76 mm AT Gun M1A2', '76', 45, 54, 49, '', 0, '18.18', '19.35', '18.77', '0.00', 115, 110, 185, 128, 177, 38, '0.35', '0.38', '0.37', '1.70', '0.00', '1.70', 1, 'VI', 6, 'M10 Wolverine', 62, '\r', NULL, 7),
(250, '76 mm F-32', '76', 69, 0, 69, '', 0, '15.38', '0.00', '15.38', '0.00', 110, 110, 156, 67, 100, 38, '0.51', '0.00', '0.51', '2.90', '0.00', '2.90', 770, 'IV', 4, 'T-28', 27, '\r', NULL, 1),
(251, '76 mm F-34', '76', 70, 77, 73, '', 0, '11.80', '16.20', '14.00', '0.00', 110, 110, 156, 86, 102, 38, '0.46', '0.00', '0.46', '2.30', '0.00', '2.30', 1, 'IV', 4, 'T-34', 30, '\r', NULL, 1),
(252, '76 mm Gun M1A1', '76', 68, 104, 86, '', 0, '14.29', '16.67', '15.48', '0.00', 115, 110, 185, 128, 177, 38, '0.43', '0.00', '0.43', '2.30', '0.00', '2.30', 1, 'VI', 6, 'M4 Sherman', 50, '\r', NULL, 7),
(253, '76 mm Gun M1A1', '76', 70, 0, 70, '0', 1, '15.79', '0.00', '15.79', '0.00', 115, 110, 185, 128, 177, 38, '0.43', '0.00', '0.43', '2.30', '0.00', '2.30', 1, 'VI', 6, 'ARL 44', 50, '\r', NULL, 6),
(254, '76 mm Gun M1A2', '76', 60, 126, 93, '', 0, '16.36', '18.18', '17.27', '0.00', 115, 110, 185, 128, 177, 38, '0.40', '0.00', '0.40', '2.30', '0.00', '2.30', 1, 'VI', 6, 'M6', 62, '\r', NULL, 7),
(255, '76 mm Gun M1A2', '76', 45, 0, 45, '0', 1, '18.18', '0.00', '18.18', '0.00', 115, 110, 185, 128, 177, 38, '0.40', '0.00', '0.40', '2.10', '0.00', '2.10', 587, 'VI', 6, 'Type 64', 0, '\r', NULL, 4),
(256, '76 mm Gun mod. 1902/30 30 clb', '76', 48, 0, 48, '', 0, '9.10', '10.00', '9.55', '0.00', 110, 164, 110, 70, 42, 75, '0.73', '0.00', '0.73', '4.50', '0.00', '4.50', 389, 'II', 2, 'SU-5', 4, '\r', NULL, 1),
(257, '76 mm Gun mod. 1902/30 40 clb', '76', 48, 0, 48, '', 0, '9.10', '10.00', '9.55', '0.00', 110, 164, 110, 80, 42, 75, '0.71', '0.00', '0.71', '4.50', '0.00', '4.50', 389, 'III', 3, 'SU-5', 8, '\r', NULL, 1),
(258, '76 mm Gun T185', '76', 60, 0, 60, '', 0, '12.00', '12.90', '12.45', '0.00', 150, 150, 185, 175, 220, 38, '0.38', '0.39', '0.39', '2.30', '0.00', '2.30', 646, 'VI', 6, 'T71', 63, '\r', NULL, 7),
(259, '76 mm Gun T94', '76', 60, 0, 60, '', 0, '18.18', '0.00', '18.18', '0.00', 115, 110, 185, 137, 185, 38, '0.39', '0.00', '0.39', '1.70', '0.00', '1.70', 1, 'VI', 6, 'M24 Chaffee', 64, '\r', NULL, 7),
(260, '76 mm KT-28', '76', 69, 0, 69, '', 0, '13.04', '0.00', '13.04', '0.00', 105, 110, 164, 37, 100, 38, '0.60', '0.00', '0.60', '2.30', '0.00', '2.30', 540, 'II', 2, 'T-28', 3, '\r', NULL, 1),
(261, '76 mm L-10', '76', 60, 69, 64, '', 0, '13.04', '0.00', '13.04', '0.00', 105, 110, 164, 66, 100, 38, '0.57', '0.00', '0.57', '2.90', '0.00', '2.90', 641, 'III', 3, 'T-46', 10, '\r', NULL, 1),
(262, '76 mm L-10S', '76', 40, 0, 40, '', 0, '12.50', '0.00', '12.50', '0.00', 105, 110, 164, 66, 100, 38, '0.55', '0.00', '0.55', '2.90', '0.00', '2.90', 641, 'III', 3, 'AT-1', 10, '\r', NULL, 1),
(263, '76 mm L-10U', '76', 72, 0, 72, '', 0, '13.13', '0.00', '13.13', '0.00', 105, 110, 164, 66, 100, 38, '0.53', '0.00', '0.53', '2.30', '0.00', '2.30', 641, 'III', 3, 'A-32', 0, '\r', NULL, 1),
(264, '76 mm L-11', '76', 50, 77, 63, '', 0, '10.00', '16.22', '13.11', '0.00', 110, 110, 156, 68, 100, 38, '0.51', '0.00', '0.51', '2.90', '0.00', '2.90', 660, 'IV', 4, 'A-20', 25, '\r', NULL, 1),
(265, '76 mm Regimental Gun mod. 1927', '76', 24, 48, 36, '', 0, '7.50', '8.33', '7.92', '0.00', 164, 110, 0, 42, 75, 0, '0.75', '0.76', '0.76', '4.50', '0.00', '4.50', 230, 'II', 2, 'SU-18', 2, '\r', NULL, 1),
(266, '76 mm S-54', '76', 68, 114, 91, '', 0, '10.53', '16.67', '13.60', '0.00', 115, 110, 165, 109, 156, 39, '0.41', '0.00', '0.41', '2.30', '2.90', '2.60', 1, 'V', 5, 'T-34', 40, '\r', NULL, 1),
(267, '76 mm S-54S', '76', 52, 0, 52, '', 0, '14.63', '0.00', '14.63', '0.00', 115, 110, 165, 109, 156, 39, '0.39', '0.00', '0.39', '2.30', '0.00', '2.30', 1, 'V', 5, 'SU-85', 39, '\r', NULL, 1),
(268, '76 mm ZiS-3', '76', 60, 64, 62, '', 0, '14.63', '17.65', '16.14', '0.00', 110, 110, 156, 78, 120, 38, '0.43', '0.00', '0.43', '2.30', '0.00', '2.30', 1, 'V', 5, 'SU-76', 34, '\r', NULL, 1),
(269, '76 mm ZiS-5', '76', 120, 0, 120, '', 0, '14.00', '0.00', '14.00', '0.00', 110, 110, 156, 99, 121, 38, '0.46', '0.00', '0.46', '2.30', '0.00', '2.30', 1, 'V', 5, 'KV-220 Beta-Test', 0, '\r', NULL, 1),
(270, '76 mm ZiS-5', '76', 68, 121, 94, '', 0, '13.95', '16.67', '15.31', '0.00', 110, 110, 156, 86, 102, 38, '0.46', '0.00', '0.46', '2.30', '0.00', '2.30', 1, 'V', 5, 'KV-1', 33, '\r', NULL, 1),
(271, '76 mm ZiS-96', '76', 60, 0, 60, '', 0, '16.15', '0.00', '16.15', '0.00', 110, 110, 156, 86, 102, 38, '0.41', '0.00', '0.41', '1.70', '0.00', '1.70', 1, 'V', 5, 'Matilda IV', 0, '\r', NULL, 1),
(272, '76mm F-34', '76', 100, 0, 100, '', 0, '15.79', '0.00', '15.79', '0.00', 110, 110, 156, 86, 102, 38, '0.46', '0.00', '0.46', '2.30', '0.00', '2.30', 538, 'IV', 4, 'Type T-34', 30, '\r', NULL, 4),
(273, '8,8 cm KwK 36 L/56', '88', 50, 92, 71, '', 0, '8.11', '9.23', '8.67', '0.00', 220, 220, 270, 132, 171, 44, '0.38', '0.00', '0.38', '2.30', '0.00', '2.30', 2, 'VII', 7, 'Pz.Kpfw. VI Tiger', 66, '\r', NULL, 2),
(274, '8,8 cm KwK 43 L/71', '88', 60, 92, 76, '', 0, '6.59', '8.22', '7.41', '0.00', 240, 240, 295, 203, 237, 44, '0.34', '0.00', '0.34', '2.90', '0.00', '2.90', 2, 'VIII', 8, 'Pz.Kpfw. VI Tiger', 112, '\r', NULL, 2),
(275, '8,8 cm KwK 46 L/100', '88', 66, 74, 70, '', 0, '8.70', '9.09', '8.90', '0.00', 240, 240, 295, 223, 261, 44, '0.30', '0.00', '0.30', '2.90', '0.00', '2.90', 3, 'IX', 9, 'E-50', 174, '\r', NULL, 2),
(276, '8,8 cm PaK 36 L/56', '88', 50, 60, 55, '', 0, '10.53', '11.11', '10.82', '0.00', 220, 220, 270, 132, 171, 44, '0.35', '0.00', '0.35', '1.70', '0.00', '1.70', 2, 'VII', 7, 'JagdPz IV', 66, '\r', NULL, 2),
(277, '8,8 cm PaK 43 L/71', '88', 50, 57, 53, '', 0, '9.84', '10.00', '9.92', '0.00', 240, 240, 295, 203, 237, 44, '0.32', '0.00', '0.32', '2.30', '0.00', '2.30', 2, 'VIII', 8, 'Jagdpanther', 112, '\r', NULL, 2),
(278, '8.8 cm PaK 43 L/71 Ausf. A', '88', 68, 0, 68, '', 0, '11.11', '0.00', '11.11', '0.00', 240, 240, 295, 203, 237, 44, '0.31', '0.00', '0.31', '2.00', '0.00', '2.00', 2, 'VIII', 8, '88 cm PaK 43 Jagdtiger', 0, '\r', NULL, 2),
(279, '85 mm 56-85JT', '85', 47, 60, 53, '', 0, '10.53', '13.33', '11.93', '0.00', 160, 160, 280, 128, 172, 43, '0.38', '0.00', '0.38', '2.30', '2.90', '2.60', 1, 'VI', 6, 'Type 58', 72, '\r', NULL, 4),
(280, '85 mm 62-85T', '85', 47, 0, 47, '', 0, '10.53', '0.00', '10.53', '0.00', 180, 180, 300, 145, 250, 43, '0.37', '0.00', '0.37', '2.30', '0.00', '2.30', 1, 'VII', 7, 'WZ-131', 75, '\r', NULL, 4),
(281, '85 mm 64-85T', '85', 47, 0, 47, '', 0, '10.53', '10.59', '10.56', '0.00', 200, 200, 320, 159, 260, 43, '0.36', '0.00', '0.36', '2.30', '0.00', '2.30', 1, 'VIII', 8, 'WZ-131', 89, '\r', NULL, 4),
(282, '85 mm 64-85TG', '85', 47, 0, 47, '', 0, '10.53', '10.91', '10.72', '0.00', 200, 200, 320, 172, 260, 43, '0.34', '0.00', '0.34', '2.30', '0.00', '2.30', 1, 'VIII', 8, 'WZ-132', 89, '\r', NULL, 4),
(283, '85 mm D-5S', '85', 48, 62, 55, '', 0, '13.33', '13.64', '13.49', '0.00', 160, 160, 280, 120, 161, 43, '0.43', '0.00', '0.43', '2.30', '0.00', '2.30', 1, 'VI', 6, 'SU-85', 61, '\r', NULL, 1),
(284, '85 mm D-5S-85A', '85', 43, 0, 43, '', 0, '13.33', '0.00', '13.33', '0.00', 160, 160, 280, 117, 161, 43, '0.42', '0.00', '0.42', '2.30', '0.00', '2.30', 1, 'VI', 6, 'SU-85B', 59, '\r', NULL, 1),
(285, '85 mm D-5S-85A', '85', 58, 0, 58, '', 0, '13.95', '0.00', '13.95', '0.00', 160, 160, 280, 117, 161, 43, '0.41', '0.00', '0.41', '1.70', '0.00', '1.70', 1, 'VI', 6, 'SU-85I', 0, '\r', NULL, 1),
(286, '85 mm D5S-85BM', '85', 38, 50, 44, '', 0, '10.00', '10.53', '10.27', '0.00', 180, 180, 300, 144, 194, 44, '0.34', '0.00', '0.34', '2.30', '0.00', '2.30', 1, 'VII', 7, 'SU-85', 73, '\r', NULL, 1),
(287, '85 mm D-5T', '85', 68, 76, 72, '', 0, '12.00', '12.24', '12.12', '0.00', 160, 160, 280, 120, 161, 43, '0.46', '0.00', '0.46', '2.90', '0.00', '2.90', 1, 'VI', 6, 'KV-1S', 61, '\r', NULL, 1),
(288, '85 mm D5T-85BM', '85', 48, 68, 58, '', 0, '10.00', '11.11', '10.56', '0.00', 180, 180, 300, 144, 194, 44, '0.37', '0.00', '0.37', '2.30', '2.90', '2.60', 1, 'VII', 7, 'T-34-85', 73, '\r', NULL, 1),
(289, '85 mm F-30', '85', 76, 91, 83, '', 0, '11.76', '12.00', '11.88', '0.00', 160, 160, 280, 120, 161, 43, '0.42', '0.00', '0.42', '2.90', '3.40', '3.15', 1, 'VI', 6, 'KV-1', 48, '\r', NULL, 1),
(290, '85 mm LB-2S', '85', 43, 0, 43, '', 0, '13.33', '0.00', '13.33', '0.00', 160, 160, 280, 130, 170, 44, '0.38', '0.00', '0.38', '2.30', '0.00', '2.30', 1, 'VI', 6, 'SU-85B', 62, '\r', NULL, 1),
(291, '85 mm S-31', '85', 70, 91, 80, '', 0, '11.76', '12.50', '12.13', '0.00', 160, 160, 280, 119, 159, 43, '0.42', '0.00', '0.42', '2.90', '3.40', '3.15', 1, 'VI', 6, 'T-150', 49, '\r', NULL, 1),
(292, '85 mm S-53', '85', 50, 60, 55, '', 0, '12.00', '13.33', '12.67', '0.00', 160, 160, 280, 120, 161, 43, '0.42', '0.00', '0.42', '2.30', '2.90', '2.60', 1, 'VI', 6, 'Type 58', 61, '\r', NULL, 4),
(293, '85 mm ZiS S-53', '85', 56, 70, 63, '', 0, '11.54', '12.77', '12.16', '0.00', 160, 160, 280, 120, 161, 43, '0.42', '0.00', '0.42', '2.30', '2.90', '2.60', 1, 'VI', 6, 'T-34-85', 62, '\r', NULL, 1),
(294, '8-inch Howitzer M1', '', 20, 0, 20, '', 0, '1.23', '0.00', '1.23', '0.00', 1850, 1450, 1850, 102, 241, 102, '0.86', '0.00', '0.86', '7.50', '0.00', '7.50', 4, 'VIII', 8, 'M40/M43', 150, '\r', NULL, 7),
(295, '8-inch Howitzer M47', '', 20, 0, 20, '', 0, '1.33', '0.00', '1.33', '0.00', 1850, 1450, 1850, 102, 241, 102, '0.84', '0.00', '0.84', '7.00', '0.00', '7.00', 2, 'IX', 9, 'M53/M55', 240, '\r', NULL, 7),
(296, '9 cm KwK 54', '90', 61, 90, 75, '', 0, '8.00', '10.00', '9.00', '0.00', 240, 240, 320, 212, 259, 45, '0.32', '0.34', '0.33', '2.30', '2.90', '2.60', 1, 'VIII', 8, 'Indien-Panzer', 118, '\r', NULL, 2),
(297, '90 mm AC canon DCA 30', '90', 65, 100, 82, '', 0, '7.14', '9.52', '8.33', '0.00', 240, 240, 320, 135, 175, 45, '0.38', '0.40', '0.39', '1.70', '2.30', '2.00', 2, 'VII', 7, 'S 35 CA', 64, '\r', NULL, 6),
(298, '90 mm AC DCA 45', '90', 80, 0, 80, '', 0, '6.67', '9.52', '8.10', '0.00', 240, 240, 320, 212, 259, 45, '0.34', '0.36', '0.35', '1.70', '2.90', '2.30', 2, 'VIII', 8, 'AMX AC Mle. 1946', 121, '\r', NULL, 6),
(299, '90 mm AT Gun M3', '90', 30, 56, 43, '', 0, '7.50', '8.22', '7.86', '0.00', 240, 240, 320, 160, 243, 45, '0.35', '0.36', '0.36', '1.70', '0.00', '1.70', 2, 'VII', 7, 'M36 Jackson', 81, '\r', NULL, 7),
(300, '90 mm AT Gun T15E2', '90', 47, 72, 59, '', 0, '7.79', '8.70', '8.25', '0.00', 240, 240, 320, 170, 258, 45, '0.35', '0.36', '0.36', '1.70', '0.00', '1.70', 2, 'VIII', 8, 'T25 AT', 111, '\r', NULL, 7),
(301, '90 mm D 914', '90', 36, 0, 36, '', 0, '5.00', '0.00', '5.00', '0.00', 240, 240, 320, 170, 248, 45, '0.38', '0.00', '0.38', '2.90', '0.00', '2.90', 1, 'VI', 6, 'ELC AMX', 61, '\r', NULL, 6),
(302, '90 mm DCA 30', '90', 48, 74, 61, '', 0, '6.32', '8.22', '7.27', '0.00', 240, 240, 320, 135, 175, 45, '0.40', '0.00', '0.40', '2.30', '2.50', '2.40', 2, 'VII', 7, 'BDR G1B', 64, '\r', NULL, 6),
(303, '90 mm DCA 45', '90', 50, 74, 62, '', 0, '7.40', '16.19', '11.80', '0.00', 240, 240, 320, 212, 259, 45, '0.36', '0.38', '0.37', '2.90', '3.40', '3.15', 2, 'VIII', 8, 'ARL 44', 121, '\r', NULL, 6),
(304, '90 mm DCA 45', '90', 91, 0, 91, '', 0, '8.00', '0.00', '8.00', '0.00', 240, 240, 320, 212, 259, 45, '0.36', '0.00', '0.36', '2.30', '0.00', '2.30', 2, 'VIII', 8, 'FCM 50 t', 0, '\r', NULL, 6),
(305, '90 mm F3', '90', 36, 74, 55, '', 0, '6.47', '18.26', '12.37', '0.00', 240, 240, 320, 170, 248, 45, '0.38', '0.39', '0.39', '2.30', '3.00', '2.65', 2, 'VII', 7, 'ARL 44', 87, '\r', NULL, 6),
(306, '90 mm Gun M3', '90', 48, 73, 60, '', 0, '6.38', '7.89', '7.14', '0.00', 240, 240, 320, 160, 243, 45, '0.38', '0.00', '0.38', '2.30', '0.00', '2.30', 2, 'VII', 7, 'M6', 81, '\r', NULL, 7),
(307, '90 mm Gun M36', '90', 70, 71, 70, '', 0, '7.89', '0.00', '7.89', '0.00', 240, 240, 320, 172, 262, 45, '0.38', '0.00', '0.38', '2.30', '0.00', '2.30', 2, 'VII', 7, 'M46 Patton', 88, '\r', NULL, 7),
(308, '90 mm Gun M41', '90', 60, 0, 60, '', 0, '9.52', '0.00', '9.52', '0.00', 240, 240, 320, 173, 263, 45, '0.36', '0.00', '0.36', '2.00', '0.00', '2.00', 2, 'VIII', 8, 'M48A1 Patton', 95, '\r', NULL, 7),
(309, '90 mm Gun T15E1', '90', 54, 0, 54, '', 0, '7.32', '0.00', '7.32', '0.00', 240, 240, 320, 170, 258, 45, '0.38', '0.00', '0.38', '2.30', '0.00', '2.30', 2, 'VIII', 8, 'T26E4 Super Pershing', 0, '\r', NULL, 7),
(310, '90 mm Gun T15E2', '90', 54, 0, 54, '', 0, '7.89', '0.00', '7.89', '0.00', 240, 240, 320, 170, 258, 45, '0.38', '0.00', '0.38', '2.30', '0.00', '2.30', 2, 'VIII', 8, 'T32', 111, '\r', NULL, 7),
(311, '90 mm Gun T15E2M2', '90', 70, 71, 70, '', 0, '7.32', '7.89', '7.61', '0.00', 240, 240, 320, 180, 268, 45, '0.37', '0.00', '0.37', '2.30', '0.00', '2.30', 2, 'VIII', 8, 'M26 Pershing', 128, '\r', NULL, 7),
(312, '90 mm Gun T178', '90', 40, 45, 42, '', 0, '7.27', '9.10', '8.19', '0.00', 240, 240, 320, 173, 300, 45, '0.38', '0.00', '0.38', '2.60', '2.90', '2.75', 1, 'VIII', 8, 'T69', 121, '\r', NULL, 7),
(313, 'B.L. 5.5-in. Gun', '', 32, 76, 54, '', 0, '2.14', '2.50', '2.32', '0.00', 900, 900, 0, 70, 75, 0, '0.70', '0.72', '0.71', '6.00', '6.50', '6.25', 1, 'VII', 7, 'Crusader 5.5-in. SP', 88, '\r', NULL, 5),
(314, 'B.L. 7.2-in. Howitzer Mk. 6', '', 48, 0, 48, '', 0, '1.46', '0.00', '1.46', '0.00', 1750, 1750, 0, 92, 97, 0, '0.82', '0.00', '0.82', '7.00', '0.00', '7.00', 7, 'IX', 9, 'FV3805', 230, '\r', NULL, 5),
(315, 'B.L. 9.2-in. Howitzer Mk. II', '', 24, 0, 24, '', 0, '1.03', '0.00', '1.03', '0.00', 2200, 2200, 0, 117, 117, 0, '1.10', '0.00', '1.10', '8.50', '0.00', '8.50', 2, 'X', 10, 'Conqueror Gun Carriage', 340, '\r', NULL, 5),
(316, 'Browning MG caliber .50 HB, M2', '', 255, 0, 255, '', 0, '116.58', '0.00', '116.58', '0.00', 8, 0, 0, 22, 0, 0, '0.53', '0.00', '0.53', '1.70', '0.00', '1.70', 38, 'I', 1, 'T7 Combat Car', 0, '\r', NULL, 7),
(317, 'Browning MG caliber .50 HB, M2', '', 255, 0, 255, '', 0, '85.41', '107.62', '96.52', '0.00', 8, 0, 0, 22, 0, 0, '0.57', '0.00', '0.57', '1.70', '0.00', '1.70', 70, 'I', 1, 'M2 Light Tank', 2, '\r', NULL, 7),
(318, 'Canon de 155 mm', '155', 36, 0, 36, '', 0, '1.93', '2.45', '2.19', '0.00', 1250, 1250, 720, 95, 95, 185, '0.68', '0.70', '0.69', '5.50', '0.00', '5.50', 4, 'IX', 9, 'Bat.-Ch', 225, '\r', NULL, 6),
(319, 'Canon de 155 mm de 33 calibres', '155', 20, 28, 24, '', 0, '1.96', '2.01', '1.99', '0.00', 950, 720, 0, 90, 185, 0, '0.78', '0.00', '0.78', '7.00', '0.00', '7.00', 2, 'VI', 6, 'AMX 13 F3 AM', 65, '\r', NULL, 6),
(320, 'Canon de 155 mm mle. 1917 G.P.F.', '155', 28, 0, 28, '', 0, '1.82', '1.93', '1.88', '0.00', 1250, 1250, 720, 95, 95, 185, '0.70', '0.74', '0.72', '6.00', '0.00', '6.00', 3, 'VIII', 8, 'Lorraine 155 mle. 51', 125, '\r', NULL, 6),
(321, 'Obusier de 155 mm C mle. 1917', '155', 24, 0, 24, '', 0, '2.46', '0.00', '2.46', '0.00', 720, 720, 0, 77, 185, 0, '0.82', '0.00', '0.82', '7.00', '0.00', '7.00', 1, 'V', 5, 'AMX 13 F3 AM', 44, '\r', NULL, 6),
(322, 'Obusier de 155 mm mle. 1950', '155', 28, 0, 28, '', 0, '2.01', '2.25', '2.13', '0.00', 950, 950, 720, 90, 90, 185, '0.76', '0.00', '0.76', '6.50', '0.00', '6.50', 2, 'VII', 7, 'Lorraine 155 mle. 50', 96, '\r', NULL, 6),
(323, 'OQF 17-pdr AT Gun MK. VII', '', 60, 0, 60, '', 0, '13.95', '15.79', '14.87', '0.00', 150, 150, 190, 171, 239, 38, '0.32', '0.00', '0.32', '1.70', '0.00', '1.70', 826, 'VII', 7, 'AT 8', 65, '\r', NULL, 5),
(324, 'OQF 17-pdr Gun Mk. VII', '', 70, 84, 77, '', 0, '12.00', '14.29', '13.15', '0.00', 150, 150, 190, 171, 239, 38, '0.34', '0.00', '0.34', '1.90', '2.30', '2.10', 826, 'VII', 7, 'Black Prince', 60, '\r', NULL, 5),
(325, 'OQF 17-pdr Gun MK. VII', '', 144, 0, 144, '', 0, '12.00', '0.00', '12.00', '0.00', 150, 150, 190, 171, 239, 38, '0.34', '0.00', '0.34', '2.30', '0.00', '2.30', 826, 'VII', 7, 'TOG II*', 0, '\r', NULL, 5),
(326, 'OQF 17-pdr Gun MK. VII AT', '', 70, 0, 70, '', 0, '13.95', '0.00', '13.95', '0.00', 150, 150, 190, 171, 239, 38, '0.32', '0.00', '0.32', '1.90', '0.00', '1.90', 826, 'VII', 7, 'AT 15A', 0, '\r', NULL, 5),
(327, 'OQF 20-pdr AT Gun Type A Barrel', '', 50, 60, 55, '', 0, '10.34', '11.11', '10.73', '0.00', 230, 230, 280, 226, 258, 42, '0.31', '0.00', '0.31', '1.90', '2.10', '2.00', 1, 'VIII', 8, 'AT 7', 120, '\r', NULL, 5),
(328, 'OQF 20-pdr AT Gun Type B Barrel', '', 60, 70, 65, '', 0, '12.00', '13.95', '12.98', '0.00', 230, 230, 280, 226, 258, 42, '0.30', '0.00', '0.30', '1.50', '1.70', '1.60', 1, 'IX', 9, 'AT 15', 180, '\r', NULL, 5),
(329, 'OQF 20-pdr Type A Barrel', '', 60, 72, 66, '', 0, '7.50', '10.00', '8.75', '0.00', 230, 230, 280, 226, 258, 42, '0.33', '0.00', '0.33', '1.90', '2.30', '2.10', 1, 'VIII', 8, 'Centurion Mk. I', 120, '\r', NULL, 5),
(330, 'OQF 20-pdr Type B Barrel', '', 60, 72, 66, '', 0, '7.69', '10.53', '9.11', '0.00', 230, 230, 280, 226, 258, 42, '0.32', '0.00', '0.32', '1.70', '1.90', '1.80', 1, 'IX', 9, 'Caernarvon', 180, '\r', NULL, 5),
(331, 'OQF 25-pdr AT Gun-Howitzer Mark III', '', 60, 0, 60, '', 0, '10.53', '0.00', '10.53', '0.00', 180, 180, 280, 71, 92, 44, '0.46', '0.00', '0.46', '2.10', '0.00', '2.10', 510, 'V', 5, 'Alecto', 40, '\r', NULL, 5),
(332, 'OQF 32-pdr AT Gun', '', 46, 60, 53, '', 0, '7.06', '12.00', '9.53', '0.00', 250, 250, 330, 214, 246, 47, '0.33', '0.34', '0.34', '1.70', '2.90', '2.30', 2, 'VIII', 8, 'Churchill Gun Carrier', 105, '\r', NULL, 5),
(333, 'OQF 3-inch Howitzer Mk. I', '', 35, 115, 75, '', 0, '13.95', '16.67', '15.31', '0.00', 175, 110, 0, 38, 100, 0, '0.51', '0.55', '0.53', '1.90', '2.30', '2.10', 116, 'IV', 4, 'Covenanter', 30, '\r', NULL, 5),
(334, 'OQF 3-pdr Gun Mk. I', '', 90, 111, 100, '', 0, '12.00', '16.67', '14.34', '0.00', 50, 50, 65, 38, 66, 23, '0.45', '0.00', '0.45', '2.30', '2.90', '2.60', 240, 'I', 1, 'Vickers Medium Mk. I', 0, '\r', NULL, 5),
(335, 'OQF 3-pdr Gun Mk. II', '', 111, 0, 111, '', 0, '16.67', '22.22', '19.45', '0.00', 50, 50, 65, 43, 72, 23, '0.41', '0.43', '0.42', '1.70', '2.30', '2.00', 250, 'II', 2, 'Vickers Medium Mk. II', 3, '\r', NULL, 5),
(336, 'OQF 77 mm AT Gun Mk. II', '77', 84, 0, 84, '', 0, '15.79', '18.18', '16.99', '0.00', 140, 140, 190, 148, 208, 38, '0.32', '0.00', '0.32', '1.70', '0.00', '1.70', 681, 'VII', 7, 'AT 8', 62, '\r', NULL, 5),
(337, 'OQF 77 mm Gun Mk. II', '77', 61, 140, 100, '', 0, '13.95', '15.38', '14.67', '0.00', 140, 140, 190, 148, 208, 38, '0.34', '0.36', '0.35', '1.90', '2.30', '2.10', 681, 'VII', 7, 'Churchill VII', 50, '\r', NULL, 5),
(338, 'Q.F. 13-Pr. Mk. III', '', 24, 0, 24, '', 0, '6.67', '0.00', '6.67', '0.00', 165, 0, 0, 42, 0, 0, '0.80', '0.00', '0.80', '5.00', '0.00', '5.00', 305, 'II', 2, 'Loyd Gun Carriage', 2, '\r', NULL, 5),
(339, 'Q.F. 18-Pr.', '', 112, 150, 131, '', 0, '5.45', '6.82', '6.14', '0.00', 260, 170, 0, 42, 65, 0, '0.74', '0.78', '0.76', '5.00', '5.50', '5.25', 457, 'III', 3, 'Sexton II', 10, '\r', NULL, 5),
(340, 'Q.F. 25-Pr. Gun/How.', '', 32, 150, 91, '', 0, '5.00', '6.98', '5.99', '0.00', 280, 180, 180, 44, 92, 71, '0.66', '0.76', '0.71', '4.50', '5.50', '5.00', 510, 'IV', 4, 'Sexton II', 28, '\r', NULL, 5),
(341, 'Q.F. 25-Pr. Gun/How. Mk. II', '', 112, 0, 112, '', 0, '5.00', '0.00', '5.00', '0.00', 280, 180, 180, 44, 92, 71, '0.76', '0.00', '0.76', '5.50', '0.00', '5.50', 510, 'IV', 4, 'Sexton I', 0, '\r', NULL, 5),
(342, 'Q.F. 4.5-in. Howitzer', '', 32, 64, 48, '', 0, '4.65', '5.00', '4.83', '0.00', 450, 0, 0, 57, 0, 0, '0.70', '0.72', '0.71', '4.50', '0.00', '4.50', 463, 'V', 5, 'Bishop', 43, '\r', NULL, 5),
(343, 'Q.F. 6-in. Gun Mk. V', '', 48, 76, 62, '', 0, '1.82', '1.94', '1.88', '0.00', 1250, 750, 1250, 90, 258, 90, '0.70', '0.72', '0.71', '6.00', '6.50', '6.25', 6, 'VIII', 8, 'FV3805', 130, '\r', NULL, 5),
(344, 'QF 2-pdr AT Gun Mk. IX', '', 112, 0, 112, '', 0, '26.09', '0.00', '26.09', '0.00', 45, 45, 60, 64, 121, 23, '0.38', '0.00', '0.38', '1.70', '0.00', '1.70', 130, 'II', 2, 'Universal Carrier 2-pdr', 2, '\r', NULL, 5),
(345, 'QF 2-pdr Mk. IX', '', 87, 130, 108, '', 0, '24.00', '28.57', '26.29', '0.00', 45, 45, 60, 64, 121, 23, '0.36', '0.40', '0.38', '1.70', '2.30', '2.00', 130, 'III', 3, 'Cruiser Mk. I', 6, '\r', NULL, 5),
(346, 'QF 2-pdr Mk. X', '', 60, 180, 120, '', 0, '28.57', '0.00', '28.57', '0.00', 50, 50, 60, 78, 121, 23, '0.36', '0.00', '0.36', '1.50', '1.70', '1.60', 130, 'IV', 4, 'Covenanter', 3, '\r', NULL, 5),
(347, 'QF 2-pdr Mk. X-B', '', 92, 0, 92, '', 0, '28.57', '0.00', '28.57', '0.00', 55, 55, 0, 121, 145, 0, '0.36', '0.00', '0.36', '1.90', '0.00', '1.90', 175, 'IV', 4, 'Matilda', 28, '\r', NULL, 5),
(348, 'QF 2-pdr Mk.IX', '', 80, 0, 80, '', 0, '28.57', '0.00', '28.57', '0.00', 45, 45, 60, 64, 121, 23, '0.38', '0.00', '0.38', '1.70', '0.00', '1.70', 130, 'IV', 4, 'T18', 17, '\r', NULL, 7),
(349, 'QF 2-pdr Mk.IX-A', '', 50, 0, 50, '', 0, '21.00', '0.00', '21.00', '0.00', 45, 45, 60, 64, 121, 23, '0.40', '0.00', '0.40', '2.30', '0.00', '2.30', 130, 'IV', 4, 'Tetrarch', 0, '\r', NULL, 1),
(350, 'QF 3.7-inch AT Gun', '', 46, 0, 46, '', 0, '8.57', '0.00', '8.57', '0.00', 230, 230, 300, 151, 189, 47, '0.35', '0.00', '0.35', '2.30', '0.00', '2.30', 1, 'VII', 7, 'Churchill Gun Carrier', 72, '\r', NULL, 5),
(351, 'QF 40 mm Mk. VI Bofors', '40', 120, 0, 120, '', 0, '32.00', '35.82', '33.91', '0.00', 50, 50, 60, 63, 101, 23, '0.39', '0.41', '0.40', '1.90', '0.00', '1.90', 470, 'IV', 4, 'Cruiser Mk. IV', 24, '\r', NULL, 5),
(352, 'QF 6-pdr 8 cwt AT Gun Mk. I', '', 64, 0, 64, '', 0, '18.75', '0.00', '18.75', '0.00', 70, 70, 95, 57, 72, 29, '0.46', '0.00', '0.46', '1.70', '0.00', '1.70', 450, 'IV', 4, 'Universal Carrier 2-pdr', 25, '\r', NULL, 5),
(353, 'QF 6-pdr 8 cwt AT Gun Mk. II', '', 64, 0, 64, '', 0, '18.75', '0.00', '18.75', '0.00', 70, 70, 95, 45, 57, 29, '0.50', '0.00', '0.50', '1.70', '0.00', '1.70', 300, 'II', 2, 'Universal Carrier 2-pdr', 3, '\r', NULL, 5),
(354, 'QF 6-pdr 8 cwt Mk. I', '', 80, 0, 80, '', 0, '15.79', '20.00', '17.90', '0.00', 70, 70, 95, 57, 72, 29, '0.44', '0.48', '0.46', '1.70', '2.30', '2.00', 450, 'IV', 4, 'Vickers Medium Mk. II', 25, '\r', NULL, 5),
(355, 'QF 6-pdr 8 cwt Mk. II', '', 60, 80, 70, '', 0, '13.33', '15.79', '14.56', '0.00', 70, 70, 95, 45, 57, 29, '0.52', '0.00', '0.52', '1.90', '2.30', '2.10', 300, 'II', 2, 'Vickers Medium Mk. I', 3, '\r', NULL, 5),
(356, 'QF 6-pdr AT Gun Mk. II', '', 102, 120, 111, '', 0, '21.43', '0.00', '21.43', '0.00', 75, 75, 100, 105, 170, 30, '0.41', '0.00', '0.41', '2.00', '0.00', '2.00', 400, 'IV', 4, 'Valentine AT', 25, '\r', NULL, 5),
(357, 'QF 6-pdr AT Gun Mk. III', '', 96, 0, 96, '', 0, '26.09', '0.00', '26.09', '0.00', 75, 75, 100, 105, 170, 30, '0.41', '0.00', '0.41', '1.70', '0.00', '1.70', 400, 'IV', 4, 'AT 2', 27, '\r', NULL, 5),
(358, 'QF 6-pdr AT Gun Mk. IV', '', 102, 120, 111, '', 0, '21.43', '0.00', '21.43', '0.00', 75, 75, 100, 110, 180, 30, '0.37', '0.00', '0.37', '2.00', '0.00', '2.00', 450, 'IV', 4, 'Valentine AT', 27, '\r', NULL, 5),
(359, 'QF 6-pdr AT Gun Mk. V', '', 96, 120, 108, '', 0, '26.09', '27.50', '26.80', '0.00', 75, 75, 100, 110, 180, 30, '0.37', '0.00', '0.37', '1.70', '0.00', '1.70', 450, 'V', 5, 'AT 2', 35, '\r', NULL, 5),
(360, 'QF 6-pdr Gun Mk. V', '', 44, 84, 64, '', 0, '13.33', '27.27', '20.30', '0.00', 75, 75, 100, 110, 180, 30, '0.39', '0.41', '0.40', '1.90', '2.50', '2.20', 450, 'V', 5, 'Valentine', 35, '\r', NULL, 5),
(361, 'QF 6-pdr Mk. III', '', 130, 155, 142, '', 0, '26.09', '28.60', '27.35', '0.00', 75, 75, 0, 105, 170, 0, '0.43', '0.00', '0.43', '2.10', '2.30', '2.20', 450, 'IV', 4, 'M7', 30, '\r', NULL, 7),
(362, 'QF 6-pdr Mk. III', '', 44, 84, 64, '', 0, '13.33', '27.27', '20.30', '0.00', 75, 75, 100, 105, 170, 30, '0.41', '0.43', '0.42', '1.90', '2.30', '2.10', 400, 'IV', 4, 'Valentine', 27, '\r', NULL, 5),
(363, 'QF 6-pdr Mk. V', '', 140, 0, 140, '', 0, '26.25', '0.00', '26.25', '0.00', 75, 75, 0, 110, 180, 0, '0.43', '0.00', '0.43', '2.30', '0.00', '2.30', 450, 'IV', 4, 'Churchill III', 0, '\r', NULL, 1),
(364, 'QF 6-pdr Mk. V A', '', 55, 0, 55, '', 0, '26.09', '0.00', '26.09', '0.00', 75, 75, 100, 110, 180, 30, '0.41', '0.00', '0.41', '2.30', '0.00', '2.30', 450, 'V', 5, 'Matilda Black Prince', 0, '\r', NULL, 5),
(365, 'QF 6-pounder Mk. IIIA', '', 92, 0, 92, '', 0, '26.20', '0.00', '26.20', '0.00', 75, 75, 0, 105, 170, 0, '0.43', '0.00', '0.43', '2.30', '0.00', '2.30', 450, 'IV', 4, 'Ram II', 0, '\r', NULL, 7),
(366, 'Type 62-85TS', '', 47, 0, 47, '', 0, '10.53', '0.00', '10.53', '0.00', 180, 180, 300, 145, 250, 43, '0.37', '0.00', '0.37', '2.30', '0.00', '2.30', 1, 'VI', 6, 'Type 62', 0, '\r', NULL, 4),
(367, '85 mm D-10-85', '85', NULL, NULL, NULL, '1', 1, '11.76', '11.76', '11.76', '5.10', 180, 180, 300, 170, 216, 44, '0.37', '0.36', '0.36', '0.36', '2.10', '2.10', 1850, 'VII', 7, 'LTTB', 76600, 'credit', 15500, 1),
(368, '100 mm S-34', '100', NULL, NULL, NULL, '0', 1, '7.89', '7.89', '7.89', '7.60', 250, 250, 330, 170, 210, 50, NULL, NULL, NULL, NULL, NULL, NULL, NULL, 'VII', 7, 'KV-85', 75300, 'credit', NULL, 1),
(369, '37 mm dual automatic cannon', '37', 700, 700, 700, '1', 10, '36.65', '36.65', '36.65', '15.20', 40, 40, 50, 45, 61, 19, '0.48', '0.48', '0.48', '1.71', '1.71', '1.71', 358, 'V', 5, 'MTLS-1G14', 29350, NULL, 0, 4),
(370, '2 cm Kw.K. 38', '20', NULL, NULL, NULL, '1', 10, '0.13', '0.13', '0.13', '4.00', 11, 11, 0, 23, 46, 0, '0.57', '0.57', '0.57', '1.70', '1.70', '1.70', 0, 'I', 1, 'Leichttraktor, Pz.Kpfw. II Luchs, Pz.Kpfw. I Ausf. C, Pz.Kpfw. II, Pz.Kpfw. I, Pz.Kpfw. II Ausf. G, Pz.Kpfw. III Ausf. A', 1920, 'credit', 35, 2),
(371, '2 cm Kw.K. 30', '20', NULL, NULL, NULL, '1', 10, '0.21', '0.21', '0.21', '4.30', 11, 11, 0, 23, 46, 0, '0.59', '0.59', '0.59', '1.70', '1.70', '1.70', 0, 'I', 1, 'Pz.Kpfw. 35 (t), Pz.Kpfw. I, Pz.Kpfw. II', 1910, 'credit', 35, 2),
(372, '2 cm Flak 38', '20', NULL, NULL, NULL, '1', 10, '0.13', '0.13', '0.13', '4.30', 11, 11, 0, 39, 51, 0, '0.45', '0.45', '0.45', '1.60', '1.60', '1.60', 0, 'II', 2, 'Pz.Kpfw. III, Pz.Kpfw. II, VK 16.02 Leopard, Pz.Kpfw. I Ausf. C, Pz.Kpfw. 38 (t), Pz.Kpfw. 35 (t), Pz.Kpfw. II Ausf. G, Pz.Kpfw. II Luchs, Pz.Kpfw. III Ausf. A, Pz.Kpfw. 38 (t) n.A.', 3160, 'redit', 160, 2),
(373, '4,7 cm Kw.K. (t) L/43', '47', NULL, NULL, NULL, '0', 1, '26.09', '26.09', '26.09', '2.29', 60, 60, 75, 62, 115, 24, '0.37', '0.37', '0.37', '1.70', '1.70', '1.70', 0, 'II', 2, 'Pz.Kpfw. 38 (t), Pz.Kpfw. 38 (t) n.A.', 3460, 'credit', 130, 2),
(374, '10,5 cm Kw.K. L/28', '105', NULL, NULL, NULL, NULL, NULL, '7.50', '7.50', '7.50', NULL, 350, 350, 410, 64, 104, 53, NULL, NULL, NULL, NULL, NULL, NULL, NULL, NULL, NULL, NULL, 28000, 'credit', NULL, 2),
(376, '90 mm Rheinmetall DM1', '90', NULL, NULL, NULL, '0', 1, '9.68', '9.68', '9.68', '6.20', 240, 240, 320, 190, 250, 102, '0.36', '0.36', '0.36', '2.10', '2.10', '2.10', 1, 'VIII', 8, 'Spähpanzer Ru 251', 115000, 'credit', NULL, 2),
(377, '7,5 cm Škoda A18', '75', NULL, NULL, NULL, '0', 1, '14.00', '14.00', '14.00', '4.28', 110, 110, 175, 116, 167, 38, '0.41', '0.41', '0.41', '2.50', '2.50', '2.50', 2, 'V', 5, 'T-25', 0, 'credit', 0, 2),
(378, '7,5 cm Kw.K. L/100', '75', NULL, NULL, NULL, '0', 1, '13.04', '13.04', '13.04', '4.60', 135, 135, 175, 198, 244, 38, '0.32', '0.32', '0.32', '2.50', '2.50', '2.50', 2, 'VIII', 8, 'Panther, Panther II, E 50', 128570, 'credit', 16100, 2),
(379, '9 cm Bordkanone', '90', NULL, NULL, NULL, '0', 1, '8.33', '10.00', '8.33', '7.20', 240, 240, 320, 212, 259, 45, '0.32', '0.34', '0.31', '2.30', '2.70', '2.30', 2, 'VIII', 8, 'Indien-Panzer, Leopard Prototyp A', 118000, 'credit', 18300, 2),
(380, '8,8 cm Kw.K. L/100', '88', NULL, NULL, NULL, NULL, NULL, '8.22', NULL, '8.22', '7.30', 240, 240, 295, 203, 237, 44, NULL, NULL, NULL, NULL, NULL, NULL, NULL, NULL, NULL, NULL, 174550, 'credit', NULL, 2),
(381, '10,5 cm Kw.K. L/52 Ausf. B', '105', NULL, NULL, NULL, NULL, NULL, '6.25', NULL, '6.25', '9.60', 390, 390, 510, 220, 270, 60, NULL, NULL, NULL, NULL, NULL, NULL, NULL, NULL, NULL, NULL, 225000, 'credit', NULL, 2),
(382, '10,5 cm Kw.K. L/52 Ausf. K', '105', NULL, NULL, NULL, '0', 1, '6.25', NULL, '6.25', NULL, 390, 390, 510, 270, 330, 60, NULL, NULL, NULL, NULL, NULL, NULL, NULL, NULL, NULL, NULL, 225000, 'credit', NULL, 2),
(383, '10,5 cm Kw.K. L/52', '105', NULL, NULL, NULL, NULL, NULL, '5.77', NULL, '5.77', NULL, 320, 320, 420, 200, 244, 60, NULL, NULL, NULL, NULL, NULL, NULL, NULL, 'VIII', 8, NULL, 116490, 'credit', NULL, 2),
(384, '10,5 cm Kw.K. L/68', '105', NULL, NULL, NULL, NULL, NULL, '5.50', NULL, '5.50', NULL, 320, 320, 420, 225, 280, 60, NULL, NULL, NULL, NULL, NULL, NULL, NULL, NULL, NULL, NULL, 178500, 'credit', NULL, 2),
(385, '10,5 cm Kw.K. L/70', '105', NULL, NULL, NULL, '0', 1, '5.00', NULL, '5.00', '12.00', 320, 320, 420, 234, 294, 420, '0.33', NULL, '0.33', '2.90', NULL, '2.90', 4, 'IX', 9, 'Löwe', 0, 'or', 0, 2),
(386, '15 cm Kw.K. L/38', '150', NULL, NULL, NULL, '0', 1, '3.00', NULL, '3.00', '20.00', 750, 750, 950, 235, 334, 85, '0.40', NULL, '0.40', '2.90', NULL, '2.90', 4, 'X', 10, 'E 100', 340000, 'credit', NULL, 2),
(387, '7,5 cm Kanone L/24', '75', NULL, NULL, NULL, '0', 1, '15.00', NULL, '15.00', '3.90', 110, 110, 175, 43, 87, 38, '0.55', '0.55', '0.55', '1.70', '1.70', '1.70', 1, 'IV', 4, 'StuG III Ausf. B', 10450, 'credit', NULL, 2),
(388, '7,5 cm Pak 40/3 L/46', '75', NULL, NULL, NULL, NULL, NULL, '18.50', NULL, '18.50', '3.24', 110, 110, 175, 108, 154, 38, NULL, NULL, NULL, NULL, NULL, NULL, NULL, NULL, NULL, NULL, 34000, 'credit', NULL, 2),
(389, '7,5 cm Pak 42 L/70', '75', NULL, NULL, NULL, NULL, NULL, '13.33', NULL, '13.33', '4.50', 135, 135, 175, 150, 194, 38, NULL, NULL, NULL, NULL, NULL, NULL, NULL, NULL, NULL, 'StuG III Ausf. G ', 53000, 'credit', NULL, 2),
(390, '7,5 cm Flak L/60', '75', NULL, NULL, NULL, NULL, NULL, '15.00', NULL, '15.00', NULL, 135, 135, 175, 139, 174, 38, NULL, NULL, NULL, NULL, NULL, NULL, NULL, NULL, NULL, NULL, 53000, 'credit', NULL, NULL),
(391, '8,8 cm Flak 37 L/56', '88', NULL, NULL, NULL, NULL, NULL, '8.82', NULL, '8.82', '6.80', 220, 220, 270, 132, 171, 44, NULL, NULL, NULL, NULL, NULL, NULL, NULL, 'VII', 7, NULL, 66000, 'credit', NULL, 2),
(392, '8,8 cm Flak 41 L/74', '88', NULL, NULL, NULL, NULL, NULL, '8.00', NULL, '8.00', '7.50', 240, 240, 295, 194, 235, 44, '0.00', NULL, NULL, NULL, NULL, NULL, NULL, 'VIII', 8, 'Pz.Sfl. IVc ', 112180, 'credit', NULL, 2),
(393, '8,8 cm Pak L/56', '88', NULL, NULL, NULL, NULL, NULL, '11.11', NULL, '11.11', '5.40', 220, 220, 270, 132, 171, 44, NULL, NULL, NULL, NULL, NULL, NULL, NULL, 'VII', 7, 'Jagdpanzer IV', 66000, 'credit', NULL, 2),
(394, '10,5 cm Pak L/52', '105', NULL, NULL, NULL, NULL, NULL, '7.32', NULL, '7.32', '8.20', 320, 320, 420, 200, 240, 60, NULL, NULL, NULL, NULL, NULL, NULL, NULL, 'VIII', 8, 'Jagdpanther', 112180, 'credit', NULL, 2),
(395, '10,5 cm Kanone 18', '105', NULL, NULL, NULL, NULL, NULL, '7.50', NULL, '7.50', '8.00', 300, 300, 380, 169, 227, 53, NULL, NULL, NULL, NULL, NULL, NULL, NULL, 'VIII', 8, 'Sturer Emil ', 116490, 'credit', NULL, 2),
(396, '12,8 cm Kanone 40', '128', NULL, NULL, NULL, NULL, NULL, '4.35', NULL, '4.35', NULL, 490, 630, NULL, 231, 65, NULL, NULL, NULL, NULL, NULL, NULL, NULL, NULL, 'IX', 9, 'Sturer Emil ', 235000, 'credit', NULL, 2),
(397, '12,8 cm Kanone L/61', '128', NULL, NULL, NULL, NULL, NULL, '4.55', NULL, '4.55', NULL, 560, 560, 700, 276, 365, 65, NULL, NULL, NULL, NULL, NULL, NULL, NULL, 'X', 10, NULL, 339000, 'credit', NULL, 2),
(398, '15 cm Pak L/38', '150', NULL, NULL, NULL, NULL, NULL, '4.07', NULL, '4.07', NULL, 750, 750, 950, 235, 334, 85, NULL, NULL, NULL, NULL, NULL, NULL, NULL, 'X', 10, 'Waffenträger auf E 100 ', 340000, 'credit', NULL, 2),
(399, '12,8 cm Kanone 44 L/55 	', '128', NULL, NULL, NULL, NULL, NULL, '5.66', NULL, '5.66', NULL, 490, 490, 630, 246, 311, 65, NULL, NULL, NULL, NULL, NULL, NULL, NULL, 'X', 10, 'Waffenträger auf Pz. IV ', 310000, 'credit', NULL, 2),
(400, '15 cm Pak L/29.5', '150', NULL, NULL, NULL, NULL, NULL, '3.53', NULL, '3.53', NULL, 750, 750, 950, 215, 334, 85, NULL, NULL, NULL, NULL, NULL, NULL, NULL, 'X', 10, 'Waffenträger auf Pz. IV ', 330000, 'credit', NULL, 2),
(401, '12,8 cm Pak L/66', '128', NULL, NULL, NULL, NULL, NULL, '5.26', NULL, '5.26', NULL, 560, 560, 700, 246, 311, 65, NULL, NULL, NULL, NULL, NULL, NULL, NULL, 'X', 10, 'Jagdtiger', 339000, 'credit', NULL, 2),
(402, '13 mm Autocannon Type Ho', '13', NULL, NULL, NULL, NULL, NULL, NULL, NULL, NULL, NULL, NULL, NULL, NULL, NULL, NULL, NULL, NULL, NULL, NULL, NULL, NULL, NULL, NULL, NULL, NULL, NULL, NULL, NULL, NULL, NULL),
(403, '37 mm Sogekihou', '37', NULL, NULL, NULL, NULL, NULL, NULL, NULL, NULL, NULL, NULL, NULL, NULL, NULL, NULL, NULL, NULL, NULL, NULL, NULL, NULL, NULL, NULL, NULL, NULL, NULL, NULL, NULL, NULL, NULL),
(404, '37 mm Infantry Gun Type 11', '37', NULL, NULL, NULL, NULL, NULL, NULL, NULL, NULL, NULL, NULL, NULL, NULL, NULL, NULL, NULL, NULL, NULL, NULL, NULL, NULL, NULL, NULL, NULL, NULL, NULL, NULL, NULL, NULL, NULL),
(405, '37 mm Gun Type 94', '37', NULL, NULL, NULL, NULL, NULL, NULL, NULL, NULL, NULL, NULL, NULL, NULL, NULL, NULL, NULL, NULL, NULL, NULL, NULL, NULL, NULL, NULL, NULL, NULL, NULL, NULL, NULL, NULL, NULL),
(406, '37 mm Gun Type 98', '37', NULL, NULL, NULL, NULL, NULL, NULL, NULL, NULL, NULL, NULL, NULL, NULL, NULL, NULL, NULL, NULL, NULL, NULL, NULL, NULL, NULL, NULL, NULL, NULL, NULL, NULL, NULL, NULL, NULL),
(407, '5.7 cm Gun Type 97', '57', NULL, NULL, NULL, NULL, NULL, NULL, NULL, NULL, NULL, NULL, NULL, NULL, NULL, NULL, NULL, NULL, NULL, NULL, NULL, NULL, NULL, NULL, NULL, NULL, NULL, NULL, NULL, NULL, NULL),
(408, '7.5 cm Tank Gun Type 5 Model I', '75', NULL, NULL, NULL, NULL, NULL, NULL, NULL, NULL, NULL, NULL, NULL, NULL, NULL, NULL, NULL, NULL, NULL, NULL, NULL, NULL, NULL, NULL, NULL, NULL, NULL, NULL, NULL, NULL, NULL),
(409, '7.5 cm Autoloading Tank Gun Type 5', '75', NULL, NULL, NULL, NULL, NULL, NULL, NULL, NULL, NULL, NULL, NULL, NULL, NULL, NULL, NULL, NULL, NULL, NULL, NULL, NULL, NULL, NULL, NULL, NULL, NULL, NULL, NULL, NULL, NULL),
(410, '90 mm Gun M3A1', '90', NULL, NULL, NULL, NULL, NULL, NULL, NULL, NULL, NULL, NULL, NULL, NULL, NULL, NULL, NULL, NULL, NULL, NULL, NULL, NULL, NULL, NULL, NULL, NULL, NULL, NULL, NULL, NULL, NULL),
(411, '90 mm Rifled Gun', '90', NULL, NULL, NULL, NULL, NULL, NULL, NULL, NULL, NULL, NULL, NULL, NULL, NULL, NULL, NULL, NULL, NULL, NULL, NULL, NULL, NULL, NULL, NULL, NULL, NULL, NULL, NULL, NULL, NULL),
(412, '105 mm Rifled Gun', '105', NULL, NULL, NULL, NULL, NULL, NULL, NULL, NULL, NULL, NULL, NULL, NULL, NULL, NULL, NULL, NULL, NULL, NULL, NULL, NULL, NULL, NULL, NULL, NULL, NULL, NULL, NULL, NULL, NULL),
(413, ' Experimental 57 mm Tank Gun Shin', '57', NULL, NULL, NULL, NULL, NULL, NULL, NULL, NULL, NULL, NULL, NULL, NULL, NULL, NULL, NULL, NULL, NULL, NULL, NULL, NULL, NULL, NULL, NULL, NULL, NULL, NULL, NULL, NULL, NULL),
(414, '37 mm Gun Type 100', '37', NULL, NULL, NULL, NULL, NULL, NULL, NULL, NULL, NULL, NULL, NULL, NULL, NULL, NULL, NULL, NULL, NULL, NULL, NULL, NULL, NULL, NULL, NULL, NULL, NULL, NULL, NULL, NULL, NULL),
(415, '37 mm Gun Type 1', '37', NULL, NULL, NULL, NULL, NULL, NULL, NULL, NULL, NULL, NULL, NULL, NULL, NULL, NULL, NULL, NULL, NULL, NULL, NULL, NULL, NULL, NULL, NULL, NULL, NULL, NULL, NULL, NULL, NULL),
(416, '7.5 cm Tank Gun Type 99', '75', NULL, NULL, NULL, NULL, NULL, NULL, NULL, NULL, NULL, NULL, NULL, NULL, NULL, NULL, NULL, NULL, NULL, NULL, NULL, NULL, NULL, NULL, NULL, NULL, NULL, NULL, NULL, NULL, NULL),
(417, '7.5 cm Tank Gun Type 3', '75', NULL, NULL, NULL, NULL, NULL, NULL, NULL, NULL, NULL, NULL, NULL, NULL, NULL, NULL, NULL, NULL, NULL, NULL, NULL, NULL, NULL, NULL, NULL, NULL, NULL, NULL, NULL, NULL, NULL),
(418, '7.5 cm Tank Gun Type 5', '75', NULL, NULL, NULL, NULL, NULL, NULL, NULL, NULL, NULL, NULL, NULL, NULL, NULL, NULL, NULL, NULL, NULL, NULL, NULL, NULL, NULL, NULL, NULL, NULL, NULL, NULL, NULL, NULL, NULL),
(419, '90 mm Gun Type 61', '90', 90, NULL, NULL, NULL, NULL, NULL, NULL, NULL, NULL, NULL, NULL, NULL, NULL, NULL, NULL, NULL, NULL, NULL, NULL, NULL, NULL, NULL, NULL, NULL, NULL, NULL, NULL, NULL, NULL),
(420, '85 mm Type 62', '85', NULL, NULL, NULL, NULL, NULL, NULL, NULL, NULL, NULL, NULL, NULL, NULL, NULL, NULL, NULL, NULL, NULL, NULL, NULL, NULL, NULL, NULL, 'VII', 7, NULL, NULL, NULL, NULL, NULL),
(421, '100 mm D-54TS', '100', NULL, NULL, NULL, NULL, NULL, NULL, NULL, NULL, NULL, NULL, NULL, NULL, NULL, NULL, NULL, NULL, NULL, NULL, NULL, NULL, NULL, NULL, '10', 10, NULL, NULL, NULL, NULL, NULL);

-- --------------------------------------------------------

--
-- Structure de la table `monnaie`
--

DROP TABLE IF EXISTS `monnaie`;
CREATE TABLE IF NOT EXISTS `monnaie` (
  `id` tinyint(3) unsigned NOT NULL AUTO_INCREMENT,
  `type` varchar(6) DEFAULT NULL,
  PRIMARY KEY (`id`),
  UNIQUE KEY `pays` (`type`)
) ENGINE=InnoDB  DEFAULT CHARSET=utf8 AUTO_INCREMENT=3 ;

--
-- Contenu de la table `monnaie`
--

INSERT INTO `monnaie` (`id`, `type`) VALUES
(1, 'credit'),
(2, 'or');

-- --------------------------------------------------------

--
-- Structure de la table `moteur`
--

DROP TABLE IF EXISTS `moteur`;
CREATE TABLE IF NOT EXISTS `moteur` (
  `id` smallint(5) unsigned NOT NULL AUTO_INCREMENT,
  `nom` varchar(50) NOT NULL,
  `puissance` smallint(5) unsigned DEFAULT NULL,
  `chance_incendie` decimal(3,2) unsigned DEFAULT NULL,
  `Type_moteur` varchar(9) DEFAULT NULL,
  `poids` smallint(5) unsigned DEFAULT NULL,
  `tier_latin` varchar(4) DEFAULT NULL,
  `tier_id` tinyint(3) unsigned DEFAULT NULL,
  `compatibilite` varchar(250) DEFAULT NULL,
  `prix` mediumint(8) unsigned DEFAULT NULL,
  `type_credit` varchar(6) DEFAULT NULL,
  `experience` mediumint(8) unsigned DEFAULT NULL,
  `pays_id` tinyint(3) unsigned DEFAULT NULL,
  PRIMARY KEY (`id`),
  KEY `fk_moteur_pays_id` (`pays_id`),
  KEY `fk_moteur_tier_id` (`tier_id`)
) ENGINE=InnoDB  DEFAULT CHARSET=utf8 AUTO_INCREMENT=341 ;

--
-- Contenu de la table `moteur`
--

INSERT INTO `moteur` (`id`, `nom`, `puissance`, `chance_incendie`, `Type_moteur`, `poids`, `tier_latin`, `tier_id`, `compatibilite`, `prix`, `type_credit`, `experience`, `pays_id`) VALUES
(1, 'Cunningham V-type', 110, '0.00', 'Gasoline', 200, 'I', 1, 'T1 Cunningham', 0, 'c', 0, 7),
(2, 'Cunningham V8', 132, '0.00', 'Gasoline', 300, 'II', 2, 'T1 Cunningham', 650, 'c', 0, 7),
(3, 'Liberty', 330, '0.00', 'Gasoline', 450, 'II', 2, 'T2 Medium Tank', 990, 'c', 0, 7),
(4, 'Continental R670-7', 250, '0.00', 'Gasoline', 256, 'III', 3, 'M2 Light Tank', 2, 'c', 0, 7),
(5, 'Continental W-670', 262, '0.00', 'Gasoline', 256, 'III', 3, 'M3 Stuart,', 8, 'c', 0, 7),
(6, 'Continental W-670', 262, '0.00', 'Gasoline', 256, 'III', 3, 'T7 Combat Car', 0, '', 0, 7),
(7, 'Continental W-670-7', 262, '0.00', 'Gasoline', 256, 'III', 3, 'M2 Light Tank', 5, 'c', 0, 7),
(8, 'Guiberson T-10204', 220, '0.00', 'Gasoline', 331, 'III', 3, 'M2 Light Tank', 500, 'c', 0, 7),
(9, 'Guiberson T-1020-4', 245, '0.00', 'Diesel', 331, 'III', 3, 'T18,', 5, 'c', 0, 7),
(10, 'Hercules HXE', 240, '0.00', 'Gasoline', 331, 'III', 3, 'MTLS-1G14', 0, '', 0, 7),
(11, 'Wright Continental R-975C2', 340, '0.00', 'Gasoline', 549, 'III', 3, 'T2 Medium Tank,', 9, 'c', 0, 7),
(12, 'Continental W-670 Series 12', 288, '0.00', 'Gasoline', 256, 'III', 3, 'T57', 8, 'c', 0, 7),
(13, 'American LaFrance 312A V-12', 244, '0.00', 'Gasoline', 800, 'IV', 4, 'T1E6', 0, '', 0, 7),
(14, 'Buick Series 60', 330, '0.00', 'Gasoline', 756, 'IV', 4, 'T49', 10, 'c', 0, 7),
(15, 'Continental R-670-5', 265, '0.00', 'Gasoline', 256, 'IV', 4, 'T2 Light Tank', 0, '', 0, 7),
(16, 'Continental R-975-C1', 350, '0.00', 'Gasoline', 500, 'IV', 4, 'T18,', 10, 'c', 0, 7),
(17, 'Lycoming 0-435t', 192, '0.00', 'Gasoline', 256, 'IV', 4, 'M22 Locust', 0, '', 0, 7),
(18, 'Twin Cadillac 42A series', 320, '0.00', 'Gasoline', 530, 'IV', 4, 'M41', 10, 'c', 0, 7),
(19, 'Twin Cadillac 42 series', 320, '0.00', 'Gasoline', 530, 'IV', 4, 'M37,', 10, 'c', 0, 7),
(20, 'Twin Cadillac, Series 44T4', 296, '0.00', 'Gasoline', 530, 'IV', 4, 'M41,', 8, 'c', 0, 7),
(21, 'Wright Continental R-975C1', 400, '0.00', 'Gasoline', 516, 'IV', 4, 'M4 Sherman,', 11, 'c', 0, 7),
(22, 'Wright Continental R-975EC2', 350, '0.00', 'Gasoline', 515, 'IV', 4, 'M7 Priest,', 10, 'c', 0, 7),
(23, 'Wright R-975EC2', 400, '0.00', 'Gasoline', 515, 'IV', 4, 'M2 Medium Tank,', 11, 'c', 0, 7),
(24, '2x44E24 V-8 Cadillac', 300, '0.00', 'Gasoline', 256, 'IV', 4, 'M24 Chaffee', 8, 'c', 0, 7),
(25, 'Chrysler A57', 440, '0.00', 'Gasoline', 570, 'V', 5, 'T40,', 13, 'c', 0, 7),
(26, 'Continental AOI-628-1', 340, '0.00', 'Gasoline', 498, 'V', 5, 'T71', 14, 'c', 0, 7),
(27, 'Wright Continental R-975C3', 440, '0.00', 'Gasoline', 569, 'V', 5, 'Ram II', 0, '', 0, 7),
(28, 'GMC 6046', 420, '0.00', 'Diesel', 549, 'V', 5, 'M10 Wolverine,', 13, 'c', 0, 7),
(29, 'General Motors 6046', 420, '0.00', 'Diesel', 549, 'V', 5, 'M4A2E4 Sherman', 0, '', 0, 7),
(30, 'Wright Continental R-975C4', 460, '0.00', 'Gasoline', 550, 'V', 5, 'M4 Sherman,', 13, 'c', 0, 7),
(31, 'Wright G200 M795C9GC1', 700, '0.00', 'Gasoline', 612, 'V', 5, 'T1 Heavy Tank', 22, 'c', 0, 7),
(32, 'Ford GAA early', 500, '0.00', 'Gasoline', 708, 'VI', 6, 'M7 Priest,', 29, 'c', 0, 7),
(33, 'Ford GAF', 440, '0.00', 'Gasoline', 569, 'VI', 6, 'T28,', 25, 'c', 0, 7),
(34, 'Ford GAFM2A1', 510, '0.00', 'Gasoline', 569, 'VI', 6, 'T28,', 34, 'c', 0, 7),
(35, 'Ford GAF T92', 500, '0.00', 'Gasoline', 641, 'VI', 6, 'T92', 38, 'c', 0, 7),
(36, 'Ford GAF V8', 500, '0.00', 'Gasoline', 569, 'VI', 6, 'T26E4 Super Pershing', 0, '', 0, 7),
(37, 'Wright G2X M781C9GC1', 825, '0.00', 'Gasoline', 612, 'VI', 6, 'T1 Heavy Tank,', 30, 'c', 0, 7),
(38, 'Continental AOI-628-2', 400, '0.00', 'Gasoline', 498, 'VII', 7, 'T71', 34, 'c', 0, 7),
(39, 'Continental AOS-895-1', 500, '0.00', 'Gasoline', 256, 'VII', 7, 'M24 Chaffee', 38, 'c', 0, 7),
(40, 'Continental AOS-895-3', 500, '0.00', 'Gasoline', 771, 'VII', 7, 'T69,', 31, 'c', 0, 7),
(41, 'Ford GAA', 520, '0.00', 'Gasoline', 569, 'VII', 7, 'M4A3E8 Sherman,', 36, 'c', 0, 7),
(42, 'Ford GAZ', 720, '0.00', 'Gasoline', 556, 'VII', 7, 'T29,', 43, 'c', 0, 7),
(43, 'Ford GAZ', 720, '0.00', 'Gasoline', 556, 'VII', 7, 'T14', 0, '', 0, 7),
(44, 'Ford GAN', 560, '0.00', 'Gasoline', 569, 'VII', 7, 'T25 AT,', 37, 'c', 0, 7),
(45, 'Wright G200 M781C9GC1', 960, '0.00', 'Gasoline', 612, 'VII', 7, 'T1 Heavy Tank,', 47, 'c', 0, 7),
(46, 'Continental AOSI-895-5', 550, '0.00', 'Gasoline', 771, 'VIII', 8, 'T69,', 43, 'c', 0, 7),
(47, 'Continental AV-1790-1', 704, '0.00', 'Gasoline', 569, 'VIII', 8, 'T25 AT,', 45, 'c', 0, 7),
(48, 'Continental AV-1790-3', 800, '0.00', 'Gasoline', 569, 'VIII', 8, 'T29,', 59, 'c', 0, 7),
(49, 'GMC Allison V1710-E32', 760, '0.00', 'Gasoline', 556, 'VIII', 8, 'T29,', 48, 'c', 0, 7),
(50, 'Ford GAC', 770, '0.00', 'Gasoline', 839, 'VIII', 8, 'M53/M55', 59, 'c', 0, 7),
(51, 'AV-1790-5A', 820, '0.00', 'Gasoline', 569, 'IX', 9, 'M46 Patton', 99, 'c', 0, 7),
(52, 'Continental AV-1790-3A1', 810, '0.00', 'Gasoline', 1057, 'IX', 9, 'T34', 0, '', 0, 7),
(53, 'Continental AV-1790-5B', 810, '0.00', 'Gasoline', 569, 'IX', 9, 'T54E1,', 80, 'c', 0, 7),
(54, 'AOI-1490', 875, '0.00', 'Gasoline', 12, 'X', 10, 'T110E5,', 100, 'c', 0, 7),
(55, 'Continental AV-1790-2', 750, '0.00', 'Diesel', 2053, 'X', 10, 'M60', 0, '', 0, 7),
(56, 'Continental AV-1790-5', 860, '0.00', 'Gasoline', 569, 'X', 10, 'T30', 100, 'c', 0, 7),
(57, 'Continental AV-1790-5C', 810, '0.00', 'Gasoline', 1159, 'X', 10, 'T57 Heavy Tank', 99, 'c', 0, 7),
(58, 'Continental AV-1790-7B', 810, '0.00', 'Gasoline', 1171, 'X', 10, 'M48A1 Patton,', 100, 'c', 0, 7),
(59, 'Continental AV-1790-7C', 860, '0.00', 'Gasoline', 569, 'X', 10, 'M103', 100, 'c', 0, 7),
(60, 'Wright G200 M781 C9GC5', 960, '0.00', 'Gasoline', 612, 'X', 10, 'M6A2E1', 0, '', 0, 7),
(61, 'Armstrong Siddeley V8', 90, '0.00', 'Gasoline', 200, 'I', 1, 'Vickers Medium Mk. I,', 0, 'c', 0, NULL),
(62, 'Rolls-Royce Phantom', 120, '0.00', 'Gasoline', 340, 'I', 1, 'Cruiser Mk. I,', 300, 'c', 0, NULL),
(63, 'Armstrong Siddeley V8 SC', 110, '0.00', 'Gasoline', 200, 'I', 1, 'Vickers Medium Mk. I,', 350, 'c', 0, NULL),
(64, 'Ford V8-220', 65, '0.00', 'Gasoline', 238, 'I', 1, 'Loyd Gun Carriage', 100, 'c', 0, NULL),
(65, 'Ford V8-221', 85, '0.00', 'Gasoline', 238, 'I', 1, 'Universal Carrier 2-pdr,', 200, 'c', 0, NULL),
(66, 'Ford V8-239', 100, '0.00', 'Gasoline', 258, 'I', 1, 'Universal Carrier 2-pdr', 350, 'c', 0, NULL),
(67, 'AEC A189', 135, '0.00', 'Gasoline', 800, 'II', 2, 'Valentine,', 2, 'c', 0, NULL),
(68, 'AEC Type 179', 150, '0.00', 'Gasoline', 360, 'II', 2, 'Cruiser Mk. I,', 1, 'c', 0, NULL),
(69, '2x AEC', 174, '0.00', 'Diesel', 331, 'III', 3, 'Matilda', 4, 'c', 0, NULL),
(70, 'AEC A190', 131, '0.00', 'Diesel', 800, 'III', 3, 'Valentine,', 2, 'c', 0, NULL),
(71, '2x Armstrong Siddeley', 180, '0.00', 'Gasoline', 400, 'III', 3, 'Vickers Medium Mk. III', 4, 'c', 0, NULL),
(72, '2x Leyland E164', 190, '0.00', 'Diesel', 331, 'III', 3, 'Matilda', 4, 'c', 0, NULL),
(73, '2x Leyland E165', 190, '0.00', 'Diesel', 331, 'III', 3, 'Matilda Black Prince', 0, '', 0, NULL),
(74, 'Nuffield Liberty Mk. II', 340, '0.00', 'Gasoline', 383, 'III', 3, 'Cruiser Mk. III,', 500, 'c', 0, NULL),
(75, 'Sunbeam Amazon', 160, '0.00', 'Gasoline', 340, 'III', 3, 'Vickers Medium Mk. II', 3, 'c', 0, NULL),
(76, 'Meadows H.O.P', 162, '0.00', 'Gasoline', 362, 'III', 3, 'Alecto', 4, 'c', 0, NULL),
(77, 'Meadows H.O.P O.C.', 180, '0.00', 'Diesel', 362, 'III', 3, 'Alecto', 4, 'c', 0, NULL),
(78, 'GMC 6004 6-71S', 138, '0.00', 'Diesel', 991, 'IV', 4, 'Valentine,', 9, 'c', 0, NULL),
(79, 'Meadows D.A.V.', 300, '0.00', 'Gasoline', 724, 'IV', 4, 'Covenanter,', 9, 'c', 0, NULL),
(80, 'Meadows D.A.V. O.C.', 360, '0.00', 'Gasoline', 724, 'IV', 4, 'Covenanter', 11, 'c', 0, NULL),
(81, 'Nuffield Liberty Mk. III', 395, '0.00', 'Gasoline', 383, 'IV', 4, 'Crusader,', 11, 'c', 0, NULL),
(82, '2x Rolls-Royce Phantom II', 220, '0.00', 'Gasoline', 680, 'IV', 4, 'Vickers Medium Mk. III', 10, 'c', 0, NULL),
(83, 'Bedford Twin-Six', 350, '0.00', 'Gasoline', 1531, 'IV', 4, 'Churchill I,', 11, 'c', 0, NULL),
(84, 'Wright Continental R-975C1', 400, '0.00', 'Gasoline', 516, 'IV', 4, 'Sexton II', 11, 'c', 0, NULL),
(85, 'Wright Continental R-975C4', 460, '0.00', 'Gasoline', 550, 'V', 5, 'Sexton II', 13, 'c', 0, NULL),
(86, 'Wright (Continental) R975 EC2', 390, '0.00', 'Gasoline', 516, 'V', 5, 'Sexton I', 0, '', 0, NULL),
(87, 'GMC 6004 6-71A', 165, '0.00', 'Diesel', 991, 'V', 5, 'Valentine,', 11, 'c', 0, NULL),
(88, 'Nuffield Liberty Mk. V', 410, '0.00', 'Gasoline', 383, 'V', 5, 'Cromwell,', 11, 'c', 0, NULL),
(89, 'Rolls-Royce Meteorite V8', 350, '0.00', 'Gasoline', 496, 'V', 5, 'FV304', 12, 'c', 0, NULL),
(90, 'Rolls-Royce Meteor M300', 500, '0.00', 'Gasoline', 744, 'V', 5, 'FV304', 15, 'c', 0, NULL),
(91, 'Rolls-Royce Meteor', 600, '0.00', 'Gasoline', 744, 'V', 5, 'Cromwell,', 14, 'c', 0, NULL),
(92, 'Rolls-Royce Meteor Mk. IVB', 650, '0.00', 'Gasoline', 744, 'V', 5, 'Cromwell,', 16, 'c', 0, NULL),
(93, 'Rolls-Royce Meteor Mk. V', 650, '0.00', 'Gasoline', 744, 'V', 5, 'AT 15,', 44, 'c', 0, NULL),
(94, 'Paxman 12TP', 600, '0.00', 'Diesel', 3, 'V', 5, 'TOG II*', 0, '', 0, NULL),
(95, 'Rolls-Royce Meteor MK. IVB', 650, '0.00', 'Gasoline', 744, 'V', 5, 'AT 15A', 0, '', 0, NULL),
(96, 'Ford GAA', 520, '0.00', 'Gasoline', 708, 'VII', 7, 'AT 7,', 13, 'c', 0, NULL),
(97, 'Rolls-Royce Meteor M120', 810, '0.00', 'Gasoline', 744, 'IX', 9, 'Caernarvon,', 92, 'c', 0, NULL),
(98, 'Rolls-Royce Meteor Mk. IVC', 750, '0.00', 'Gasoline', 744, 'IX', 9, 'Caernarvon,', 84, 'c', 0, NULL),
(99, 'Rolls-Royce Griffon', 950, '0.00', 'Gasoline', 952, 'X', 10, 'Centurion Mk. 7/1,', 100, 'c', 0, NULL),
(100, 'Rolls-Royce Meteor M120A', 810, '0.00', 'Gasoline', 744, 'X', 10, 'FV4202', 50, 'c', 0, NULL),
(101, 'Rolls-Royce Meteor Mk. 12', 800, '0.00', 'Gasoline', 744, 'X', 10, 'FV215b (183)', 50, 'c', 0, NULL),
(102, 'Krupp M301', 51, '0.00', 'Gasoline', 200, 'I', 1, 'Leichttraktor', 0, 'c', 0, 2),
(103, 'Krupp M305', 60, '0.00', 'Gasoline', 220, 'I', 1, 'Sturmpanzer I Bison,', 290, 'c', 0, 2),
(104, 'Hotchkiss', 75, '0.00', 'Gasoline', 200, 'I', 1, 'Pz.Kpfw. 38H 735 (f)', 0, '', 0, 2),
(105, 'Rolls-Royce I-6', 66, '0.00', 'Gasoline', 250, 'I', 1, 'G.Pz. Mk. VI (e)', 145, 'c', 0, 2),
(106, 'Krupp M311', 85, '0.00', 'Gasoline', 300, 'II', 2, 'Sturmpanzer I Bison,', 400, 'c', 0, 2),
(107, 'Meadows ESTL', 88, '0.00', 'Gasoline', 250, 'II', 2, 'G.Pz. Mk. VI (e)', 200, 'c', 0, 2),
(108, 'Maybach HL 57 TR', 130, '0.00', 'Gasoline', 540, 'II', 2, 'Pz.Kpfw. II,', 1, 'c', 0, 2),
(109, 'Maybach HL 38 TR', 100, '0.00', 'Gasoline', 500, 'II', 2, 'Sturmpanzer I Bison,', 700, 'c', 0, 2),
(110, 'Praga TNPS', 120, '0.00', 'Gasoline', 350, 'II', 2, 'Pz.Kpfw. 38 (t),', 1, 'c', 0, 2),
(111, 'Praga TN 100', 100, '0.00', 'Gasoline', 340, 'II', 2, 'Hetzer,', 800, 'c', 0, 2),
(112, 'Skoda T-11', 120, '0.00', 'Gasoline', 320, 'II', 2, 'Pz.Kpfw. 35 (t)', 840, 'c', 0, 2),
(113, 'Maybach HL 62 TR', 140, '0.00', 'Gasoline', 550, 'III', 3, 'Pz.Kpfw. II,', 4, 'c', 0, 2),
(114, 'Maybach HL 62 TRM', 160, '0.00', 'Gasoline', 550, 'III', 3, 'Pz.Kpfw. II', 5, 'c', 0, 2),
(115, 'Maybach HL 45 P', 150, '0.00', 'Gasoline', 500, 'III', 3, 'Wespe,', 5, 'c', 0, 2),
(116, 'Praga EPA/2', 140, '0.00', 'Gasoline', 470, 'III', 3, 'Pz.Kpfw. 38 (t)', 4, 'c', 0, 2),
(117, 'Praga EPA', 130, '0.00', 'Gasoline', 600, 'III', 3, 'Grille', 1, 'c', 0, 2),
(118, 'Scania Vabis 1664', 165, '0.00', 'Diesel', 400, 'III', 3, 'Hetzer', 4, 'c', 0, 2),
(119, 'Skoda T-15', 220, '0.00', 'Gasoline', 420, 'III', 3, 'Pz.Kpfw. 35 (t)', 9, 'c', 0, 2),
(120, 'B', 155, '0.00', 'Gasoline', 600, 'III', 3, 'Sturmpanzer II', 4, 'c', 0, 2),
(121, 'B', 180, '0.00', 'Gasoline', 650, 'IV', 4, 'Sturmpanzer II', 8, 'c', 0, 2),
(122, 'Maybach HL 45 P', 160, '0.00', 'Gasoline', 500, 'IV', 4, 'Pz.Kpfw. II Ausf. J', 0, '', 0, 2),
(123, 'Maybach HL 66 P', 180, '0.00', 'Gasoline', 550, 'IV', 4, 'Pz.Kpfw. II Luchs,', 8, 'c', 0, 2),
(124, '2 x Maybach HL 66 P', 360, '0.00', 'Gasoline', 11, 'IV', 4, 'VK 20.01 (D)', 12, 'c', 0, 2),
(125, 'Maybach HL 108 TR R', 250, '0.00', 'Gasoline', 850, 'IV', 4, 'Hummel,', 9, 'c', 0, 2),
(126, 'Maybach HL 120 TR R', 265, '0.00', 'Gasoline', 920, 'IV', 4, 'Durchbruchswagen 2', 9, 'c', 0, 2),
(127, 'Maybach HL 120 TRM 112 R', 272, '0.00', 'Gasoline', 920, 'IV', 4, 'Hummel,', 9, 'c', 0, 2),
(128, 'Maybach HL 116', 300, '0.00', 'Gasoline', 750, 'IV', 4, 'VK 30.01 (H),', 9, 'c', 0, 2),
(129, 'Maybach HL 108 TR', 320, '0.00', 'Gasoline', 450, 'IV', 4, 'Pz.Kpfw. III Ausf. A,', 9, 'c', 0, 2),
(130, 'Maybach HL 120 TR', 350, '0.00', 'Gasoline', 510, 'IV', 4, 'Pz.Kpfw. IV,', 10, 'c', 0, 2),
(131, 'Maybach HL 120 TRM', 440, '0.00', 'Gasoline', 510, 'IV', 4, 'Pz.Kpfw. IV,', 19, 'c', 0, 2),
(132, 'Maybach HL 120 TRM V12', 300, '0.00', 'Gasoline', 510, 'IV', 4, 'Pz.Kpfw. IV Schmalturm,', 0, '', 0, 2),
(133, 'Maybach HL 120 TRM 112', 272, '0.00', 'Gasoline', 510, 'IV', 4, 'Dicker Max', 0, '', 0, 2),
(134, 'Praga C9', 450, '0.00', 'Gasoline', 510, 'IV', 4, 'T-25', 0, '', 0, 2),
(135, 'Praga EPA AC', 150, '0.00', 'Gasoline', 600, 'IV', 4, 'Grille,', 9, 'c', 0, 2),
(136, 'Praga NS', 160, '0.00', 'Gasoline', 600, 'IV', 4, 'Marder 38T', 9, 'c', 0, 2),
(137, 'Praga Ausf. IV', 180, '0.00', 'Gasoline', 600, 'IV', 4, 'Marder 38T,', 9, 'c', 0, 2),
(138, 'Praga EPA/3', 200, '0.00', 'Gasoline', 470, 'IV', 4, 'Pz.Kpfw. 38 (t),', 10, 'c', 0, 2),
(139, 'Praga NR', 274, '0.00', 'Gasoline', 470, 'IV', 4, 'Pz.Kpfw. 38 (t) n.A.', 12, 'c', 0, 2),
(140, 'Praga NRi', 274, '0.00', 'Gasoline', 470, 'IV', 4, 'T-15', 0, '', 0, 2),
(141, 'Somua S-40', 220, '0.00', 'Gasoline', 400, 'IV', 4, 'Pz.Kpfw. S35 739 (f)', 0, '', 0, 2),
(142, 'Tatra Typ 103', 220, '0.00', 'Diesel', 500, 'IV', 4, 'Hetzer', 9, 'c', 0, 2),
(143, 'Tatra Typ TD 103 P', 207, '0.00', 'Diesel', 600, 'V', 5, 'Rhm.-Borsig Waffentr', 14, 'c', 0, 2),
(144, 'Maybach HL 90', 360, '0.00', 'Gasoline', 550, 'V', 5, 'Pz.Kpfw. II Luchs,', 16, 'c', 0, 2),
(145, 'Maybach HL 120 TRM R', 300, '0.00', 'Gasoline', 920, 'V', 5, 'Hummel,', 15, 'c', 0, 2),
(146, 'Maybach HL 116 S', 310, '0.00', 'Gasoline', 750, 'V', 5, 'Pz.Sfl. V', 15, 'c', 0, 2),
(147, 'Maybach HL 110 P30', 325, '0.00', 'Gasoline', 425, 'V', 5, 'G.W. Panther', 17, 'c', 0, 2),
(148, 'Maybach HL 190', 375, '0.00', 'Gasoline', 1, 'V', 5, 'VK 30.01 (H)', 16, 'c', 0, 2),
(149, 'Maybach HL 100', 400, '0.00', 'Gasoline', 550, 'V', 5, 'Pz.Sfl. IVc,', 17, 'c', 0, 2),
(150, 'Maybach HL 157 P', 585, '0.00', 'Gasoline', 580, 'V', 5, 'VK 16.02 Leopard,', 20, 'c', 0, 2),
(151, 'Daimler-Benz MB 809', 400, '0.00', 'Diesel', 11, 'V', 5, 'VK 20.01 (D)', 17, 'c', 0, 2),
(152, 'Renault', 340, '0.00', 'Gasoline', 400, 'V', 5, 'Pz.Kpfw. B2 740 (f)', 0, '', 0, 2),
(153, 'Maybach HL 130 P50', 350, '0.00', 'Gasoline', 600, 'VI', 6, 'G.W. Panther', 26, 'c', 0, 2),
(154, 'Maybach HL 150', 400, '0.00', 'Gasoline', 850, 'VI', 6, 'VK 36.01 (H),', 24, 'c', 0, 2),
(155, 'Maybach HL 174', 500, '0.00', 'Gasoline', 850, 'VI', 6, 'VK 36.01 (H)', 27, 'c', 0, 2),
(156, 'Daimler-Benz MB 503', 580, '0.00', 'Gasoline', 900, 'VI', 6, 'VK 30.01 (D),', 28, 'c', 0, 2),
(157, 'Maybach HL 174', 610, '0.00', 'Gasoline', 670, 'VI', 6, 'Pz.Kpfw. VI Tiger,', 26, 'c', 0, 2),
(158, '2x Porsche Typ 100', 420, '0.00', 'Gasoline', 670, 'VI', 6, 'VK 30.01 (P)', 24, 'c', 0, 2),
(159, '2x Porsche Typ 100/1', 600, '0.00', 'Gasoline', 670, 'VI', 6, 'VK 30.01 (P),', 29, 'c', 0, 2),
(160, '2x Porsche Typ 100/1 Ausf. A', 550, '0.00', 'Gasoline', 670, 'VI', 6, 'Pz.Kpfw. VI Tiger (P)', 27, 'c', 0, 2),
(161, 'Argus 12LD330H', 550, '0.00', 'Gasoline', 850, 'VII', 7, 'VK 28.01', 32, 'c', 0, 2),
(162, 'Maybach HL 210 TRM P30', 650, '0.00', 'Gasoline', 850, 'VII', 7, 'Pz.Kpfw. V Panther,', 35, 'c', 0, 2),
(163, 'Maybach HL 210 TRM P45', 650, '0.00', 'Gasoline', 850, 'VII', 7, 'Pz.Kpfw. VI Tiger,', 35, 'c', 0, 2),
(164, 'Maybach HL 210 P30', 870, '0.00', 'Gasoline', 750, 'VII', 7, 'Pz.Kpfw. V/IV Alpha,', 0, '', 0, 2),
(165, 'Maybach HL 230 P30', 700, '0.00', 'Gasoline', 12, 'VII', 7, '8.8 cm PaK 43 Jagdtiger', 0, '', 0, 2),
(166, '2 x Maybach HL 120 TRM', 600, '0.00', 'Gasoline', 184, 'VII', 7, 'G.W. Tiger (P)', 35, 'c', 0, 2),
(167, '2x Porsche Typ 100/3', 670, '0.00', 'Gasoline', 720, 'VII', 7, 'VK 30.01 (P),', 39, 'c', 0, 2),
(168, 'MB 507', 720, '0.00', 'Diesel', 900, 'VIII', 8, 'VK 30.02 (D)', 54, 'c', 0, 2),
(169, 'Maybach HL 230 P30', 700, '0.00', 'Gasoline', 14, 'VIII', 8, 'Panther/M10', 55, 'c', 0, 2),
(170, 'Maybach HL 230 TRM P30', 700, '0.00', 'Gasoline', 12, 'VIII', 8, 'Pz.Kpfw. V Panther,', 54, 'c', 0, 2),
(171, 'Maybach HL 230 TRM P30', 700, '0.00', 'Gasoline', 12, 'VIII', 8, 'E-25', 0, '', 0, 2),
(172, 'Maybach HL 230 TRM P45', 700, '0.00', 'Gasoline', 13, 'VIII', 8, 'Pz.Kpfw. VI Tiger,', 54, 'c', 0, 2),
(173, 'Maybach HL 234 P30 Ausf. A', 800, '0.00', 'Gasoline', 750, 'VIII', 8, 'L', 0, '', 0, 2),
(174, '2 x Porsche Typ 101/1', 640, '0.00', 'Gasoline', 184, 'VIII', 8, 'G.W. Tiger (P)', 54, 'c', 0, 2),
(175, 'Porsche Deutz Typ 180/2', 840, '0.00', 'Diesel', 720, 'VIII', 8, 'VK 45.02 (P) Ausf. A,', 45, 'c', 0, 2),
(176, 'MTU MB 837', 500, '0.00', 'Diesel', 15, 'VIII', 8, 'Indien-Panzer', 41, 'c', 0, 2),
(177, 'MTU MB 837 A', 630, '0.00', 'Diesel', 15, 'IX', 9, 'Indien-Panzer,', 65, 'c', 0, 2),
(178, 'Maybach HL 234 TRM P30', 900, '0.00', 'Gasoline', 12, 'IX', 9, 'E-50,', 88, 'c', 0, 2),
(179, 'Maybach HL 234 TRM P45', 900, '0.00', 'Gasoline', 13, 'IX', 9, 'G.W. E 100', 88, 'c', 0, 2),
(180, 'Maybach HL 234 TRM P45', 900, '0.00', 'Gasoline', 13, 'IX', 9, 'E-75', 92, 'c', 0, 2),
(181, 'DB 603 A2', 1750, '0.00', 'Gasoline', 750, 'X', 10, 'Maus', 132, 'c', 0, 2),
(182, 'Maybach Neues Projekt', 1200, '0.00', 'Gasoline', 750, 'X', 10, 'E-100,', 135, 'c', 0, 2),
(183, 'Maybach HL 235', 1200, '0.00', 'Gasoline', 750, 'X', 10, 'E-50 Ausf. M', 123, 'c', 0, 2),
(184, 'MTU MB 838 CaM 500', 830, '0.00', 'Diesel', 17, 'X', 10, 'Leopard prototyp A', 95, 'c', 0, 2),
(185, 'MTU MB 838 CaM 500A', 830, '0.00', 'Diesel', 17, 'X', 10, 'Leopard 1', 95, 'c', 0, 2),
(186, 'Renault', 39, '0.00', 'Gasoline', 266, 'I', 1, 'Renault FT,', 0, 'c', 0, 6),
(187, 'Renault M26/27', 45, '0.00', 'Gasoline', 266, 'I', 1, 'Renault FT,', 300, 'c', 0, 6),
(188, 'Franklin', 100, '0.00', 'Gasoline', 266, 'I', 1, 'Renault FT,', 330, 'c', 0, 6),
(189, 'Renault S4', 65, '0.00', 'Gasoline', 266, 'I', 1, 'D1', 310, 'c', 0, 6),
(190, 'Renault S4F', 74, '0.00', 'Gasoline', 266, 'I', 1, 'D1', 350, 'c', 0, 6),
(191, 'Delahaye 103TT', 75, '0.00', 'Gasoline', 266, 'I', 1, 'Lorraine 39L AM', 370, 'c', 0, 6),
(192, 'Delahaye 135', 90, '0.00', 'Gasoline', 266, 'I', 1, 'Lorraine 39L AM', 450, 'c', 0, 6),
(193, 'Hotchkiss 35', 75, '0.00', 'Gasoline', 266, 'I', 1, 'Hotchkiss H35', 400, 'c', 0, 6),
(194, 'Renault 85', 38, '0.00', 'Diesel', 300, 'I', 1, 'Renault UE 57', 1, 'c', 0, 6),
(195, 'Berliet MDP', 91, '0.00', 'Diesel', 200, 'I', 1, 'FCM 36 Pak 40', 0, '', 0, 6),
(196, 'Renault ACL', 48, '0.00', 'Gasoline', 400, 'II', 2, 'Renault UE 57', 5, 'c', 0, 6),
(197, 'Renault V4', 82, '0.00', 'Gasoline', 266, 'II', 2, 'Hotchkiss H35', 480, 'c', 0, 6),
(198, 'Aster', 150, '0.00', 'Diesel', 540, 'II', 2, 'AMX 38,', 750, 'c', 0, 6),
(199, 'Renault S6', 150, '0.00', 'Gasoline', 540, 'II', 2, 'D2', 700, 'c', 0, 6),
(200, 'AMX B 270', 200, '0.00', 'Gasoline', 340, 'III', 3, 'amx 12t,', 5, 'c', 0, 6),
(201, 'Aster M', 160, '0.00', 'Diesel', 600, 'III', 3, 'AMX 38', 4, 'c', 0, 6),
(202, 'Renault S6Bis', 180, '0.00', 'Gasoline', 540, 'III', 3, 'D2,', 3, 'c', 0, 6),
(203, 'Somua LM', 190, '0.00', 'Gasoline', 540, 'III', 3, 'AMX 40', 4, 'c', 0, 6),
(204, 'Renault 307', 307, '0.00', 'Gasoline', 540, 'IV', 4, '105 leFH18B2', 0, '', 0, 6),
(205, 'Renault Naeder-FIEUX', 307, '0.00', 'Gasoline', 540, 'IV', 4, 'B1', 10, 'c', 0, 6),
(206, 'Renault BDR', 350, '0.00', 'Gasoline', 540, 'IV', 4, 'B1', 11, 'c', 0, 6),
(207, 'Renault T12', 350, '0.00', 'Gasoline', 540, 'IV', 4, 'BDR G1B,', 13, 'c', 0, 6),
(208, 'Somua S-40', 220, '0.00', 'Gasoline', 400, 'IV', 4, 'Somua SAu 40,', 10, 'c', 0, 6),
(209, 'SOFAM de 150 cv', 150, '0.00', 'Gasoline', 340, 'IV', 4, 'ELC AMX', 700, 'c', 0, 6),
(210, 'MATHIS', 250, '0.00', 'Gasoline', 400, 'V', 5, 'amx 12t,', 20, 'c', 0, 6),
(211, 'Renault T14', 450, '0.00', 'Gasoline', 750, 'V', 5, 'BDR G1B,', 22, 'c', 0, 6),
(212, 'SOFAM 8 Gxb', 250, '0.00', 'Gasoline', 400, 'V', 5, 'AMX 13 105 AM mle. 50,', 16, 'c', 0, 6),
(213, 'Somua S-40 Bis', 260, '0.00', 'Gasoline', 400, 'V', 5, 'Somua SAu 40,', 16, 'c', 0, 6),
(214, 'Maybach HL 230', 575, '0.00', 'Gasoline', 700, 'VI', 6, 'ARL 44,', 26, 'c', 0, 6),
(215, 'Baudouin 6F 11 SRY', 280, '0.00', 'Diesel', 400, 'VI', 6, 'AMX 13 105 AM mle. 50,', 27, 'c', 0, 6),
(216, 'Maybach V-12 ACC', 1000, '0.00', 'Gasoline', 750, 'VI', 6, 'FCM 50 t', 0, '', 0, 6),
(217, 'Maybach HL 210 TRM P30', 650, '0.00', 'Gasoline', 850, 'VII', 7, 'Lorraine 155 mle. 50', 35, 'c', 0, 6),
(218, 'Detroit Diesel 6V53T', 300, '0.00', 'Diesel', 770, 'VII', 7, 'AMX 13 90,', 37, 'c', 0, 6),
(219, 'Detroit Diesel 6V53T-S', 350, '0.00', 'Diesel', 770, 'VII', 7, 'AMX 13 90', 39, 'c', 0, 6),
(220, 'Maybach HL 230 TRM P30', 700, '0.00', 'Gasoline', 12, 'VIII', 8, 'Lorraine 155 mle. 50,', 54, 'c', 0, 6),
(221, 'Maybach HL 230 P45F', 750, '0.00', 'Gasoline', 750, 'VIII', 8, 'ARL 44,', 55, 'c', 0, 6),
(222, 'Ford GAC', 770, '0.00', 'Gasoline', 839, 'VIII', 8, 'Bat.-Ch', 59, 'c', 0, 6),
(223, 'Maybach 850 CV', 850, '0.00', 'Gasoline', 12, 'IX', 9, 'Lorraine 155 mle. 51', 80, 'c', 0, 6),
(224, 'Maybach HL 234 P45', 850, '0.00', 'Gasoline', 750, 'IX', 9, 'Lorraine 40 t', 98, 'c', 0, 6),
(225, 'Maybach HL 295', 850, '0.00', 'Gasoline', 750, 'IX', 9, 'AMX 50 100,', 78, 'c', 0, 6),
(226, 'Saurer', 1000, '0.00', 'Gasoline', 750, 'IX', 9, 'AMX 50 120,', 99, 'c', 0, 6),
(227, 'Continental AV-1790-7B', 810, '0.00', 'Gasoline', 1171, 'X', 10, 'Bat.-Ch', 100, 'c', 0, 6),
(228, 'Hispano-Suiza HS 110', 720, '0.00', 'Diesel', 1426, 'X', 10, 'Bat.-Ch', 94, 'c', 0, 6),
(229, 'Maybach HL 234 P50', 980, '0.00', 'Gasoline', 750, 'X', 10, 'Lorraine 40 t', 125, 'c', 0, 6),
(230, 'Maybach HL 295 F', 1200, '0.00', 'Gasoline', 750, 'X', 10, 'AMX 50B,', 123, 'c', 0, 6),
(231, 'MS-1', 43, '0.00', 'Gasoline', 266, 'I', 1, 'MS-1,', 0, 'c', 0, 1),
(232, 'GAZ-M1', 55, '0.00', 'Gasoline', 215, 'I', 1, 'MS-1,', 310, 'c', 0, 1),
(233, 'AMO-3', 70, '0.00', 'Gasoline', 920, 'I', 1, 'MS-1,', 340, 'c', 0, 1),
(234, 'GAZ 202', 70, '0.00', 'Gasoline', 360, 'I', 1, 'T-60', 330, 'c', 0, 1),
(235, 'T-26', 90, '0.00', 'Gasoline', 545, 'I', 1, 'T-26,', 770, 'c', 0, 1),
(236, 'GAZ-11', 80, '0.00', 'Gasoline', 275, 'II', 2, 'SU-76', 810, 'c', 0, 1),
(237, 'ZiS-16', 85, '0.00', 'Gasoline', 360, 'II', 2, 'T-60', 1, 'c', 0, 1),
(238, 'T-26M', 100, '0.00', 'Gasoline', 545, 'II', 2, 'T-26,', 1, 'c', 0, 1),
(239, 'T-26F', 130, '0.00', 'Gasoline', 545, 'II', 2, 'T-26,', 1, 'c', 0, 1),
(240, 'AEC3', 274, '0.00', 'Gasoline', 400, 'III', 3, 'Matilda IV', 0, '', 0, 1),
(241, 'AES A190', 140, '0.00', 'Gasoline', 800, 'III', 3, 'Valentine II', 0, '', 0, 1),
(242, 'GAZ-203', 140, '0.00', 'Gasoline', 550, 'III', 3, 'SU-76,', 3, 'c', 0, 1),
(243, 'GAZ-203F', 158, '0.00', 'Gasoline', 362, 'III', 3, 'SU-85B', 4, 'c', 0, 1),
(244, 'GMC 6004', 210, '0.00', 'Diesel', 991, 'III', 3, 'SU-85B,', 4, 'c', 0, 1),
(245, 'M-80', 170, '0.00', 'Gasoline', 550, 'III', 3, 'SU-76,', 4, 'c', 0, 1),
(246, 'M-80', 170, '0.00', 'Gasoline', 550, 'III', 3, 'LTP', 0, '', 0, 1),
(247, 'V-3', 250, '0.00', 'Diesel', 540, 'III', 3, 'T-50', 4, 'c', 0, 1),
(248, 'Medous MAT', 180, '0.00', 'Gasoline', 362, 'III', 3, 'Tetrarch', 0, '', 0, 1),
(249, 'Continental W-670', 268, '0.00', 'Gasoline', 256, 'IV', 4, 'M3 Light', 0, '', 0, 1),
(250, 'D-744', 250, '0.00', 'Diesel', 500, 'IV', 4, 'T-127', 0, '', 0, 1),
(251, 'M-17FO', 500, '0.00', 'Gasoline', 610, 'IV', 4, 'BT-SV', 0, '', 0, 1),
(252, 'M-17L', 450, '0.00', 'Gasoline', 610, 'IV', 4, 'BT-7,', 10, 'c', 0, 1),
(253, 'M-17T', 500, '0.00', 'Gasoline', 610, 'IV', 4, 'BT-7,', 13, 'c', 0, 1),
(254, 'M-5-400', 400, '0.00', 'Gasoline', 410, 'IV', 4, 'BT-2,', 10, 'c', 0, 1),
(255, 'M-5-400F', 440, '0.00', 'Gasoline', 410, 'IV', 4, 'SU-8', 10, 'c', 0, 1),
(256, 'MT-5-1', 350, '0.00', 'Gasoline', 920, 'IV', 4, 'T-46', 10, 'c', 0, 1),
(257, 'Maybach HL 120 TRM', 440, '0.00', 'Gasoline', 510, 'IV', 4, 'SU-85I', 0, '', 0, 1),
(258, 'V-4', 300, '0.00', 'Diesel', 500, 'IV', 4, 'T-46,', 9, 'c', 0, 1),
(259, 'BD-2', 540, '0.00', 'Diesel', 750, 'V', 5, 'A-32', 0, '', 0, 1),
(260, 'Bedford Twin-Six', 374, '0.00', 'Gasoline', 1531, 'V', 5, 'Churchill III', 0, '', 0, 1),
(261, 'V-2', 480, '0.00', 'Diesel', 750, 'V', 5, 'T-34,', 18, 'c', 0, 1),
(262, 'V-2-34', 500, '0.00', 'Diesel', 750, 'VI', 6, 'T-34,', 27, 'c', 0, 1),
(263, 'V-2K', 500, '0.00', 'Diesel', 750, 'VI', 6, 'S-51,', 23, 'c', 0, 1),
(264, 'V-2-34M', 520, '0.00', 'Diesel', 750, 'VI', 6, 'T-34-85,', 29, 'c', 0, 1),
(265, 'V-2-10', 520, '0.00', 'Diesel', 750, 'VI', 6, 'S-51,', 29, 'c', 0, 1),
(266, 'V-2KT', 650, '0.00', 'Diesel', 700, 'VI', 6, 'KV-220 Beta-Test,', 0, '', 0, 1),
(267, 'V-44', 500, '0.00', 'Diesel', 750, 'VI', 6, 'SU-122-44', 0, '', 0, 1),
(268, 'V-5', 560, '0.00', 'Diesel', 700, 'VI', 6, 'KV-3,', 27, 'c', 0, 1),
(269, 'V-2IS', 600, '0.00', 'Diesel', 750, 'VII', 7, 'IS,', 36, 'c', 0, 1),
(270, 'V-16', 600, '0.00', 'Diesel', 750, 'VII', 7, 'S-51,', 36, 'c', 0, 1),
(271, 'V-5F', 700, '0.00', 'Diesel', 750, 'VII', 7, 'T-150', 39, 'c', 0, 1),
(272, 'M-17F', 700, '0.00', 'Gasoline', 610, 'VII', 7, 'SU-14-2,', 35, 'c', 0, 1),
(273, 'DG', 400, '0.00', 'Diesel', 11, 'VIII', 8, 'Object 416', 45, 'c', 0, 1),
(274, 'V-11', 650, '0.00', 'Diesel', 750, 'VIII', 8, 'IS-3,', 55, 'c', 0, 1),
(275, 'V-2-44', 560, '0.00', 'Diesel', 750, 'VIII', 8, 'T-43,', 49, 'c', 0, 1),
(276, 'V-2SN', 750, '0.00', 'Diesel', 750, 'VIII', 8, 'KV-3', 34, 'c', 0, 1),
(277, 'V-54K', 600, '0.00', 'Diesel', 750, 'VIII', 8, 'T-34-85,', 58, 'c', 0, 1),
(278, 'GAM-34-BT', 890, '0.00', 'Gasoline', 632, 'VIII', 8, 'SU-100Y', 0, '', 0, 1),
(279, 'M-50D', 1200, '0.00', 'Diesel', 700, 'IX', 9, 'KV-5', 0, '', 0, 1),
(280, '?-40', 1000, '0.00', 'Diesel', 125, 'IX', 9, 'KV-4', 85, 'c', 0, 1),
(281, 'V-12-5', 700, '0.00', 'Diesel', 1024, 'IX', 9, 'IS-8', 84, 'c', 0, 1),
(282, 'V-12-6', 750, '0.00', 'Diesel', 1024, 'IX', 9, 'IS-8', 84, 'c', 0, 1),
(283, 'V-12 A', 700, '0.00', 'Diesel', 750, 'IX', 9, 'IS-6', 0, '', 0, 1),
(284, 'V-12P', 700, '0.00', 'Diesel', 1024, 'IX', 9, 'ST-I', 84, 'c', 0, 1),
(285, 'V-2-54', 620, '0.00', 'Diesel', 700, 'IX', 9, 'T-44,', 79, 'c', 0, 1),
(286, 'V-2-54IS', 700, '0.00', 'Diesel', 700, 'IX', 9, 'IS,', 79, 'c', 0, 1),
(287, 'V-2K forced', 850, '0.00', 'Diesel', 750, 'IX', 9, '212A', 59, 'c', 0, 1),
(288, '2x V-2K-F', 1200, '0.00', 'Diesel', 15, 'IX', 9, 'KV-4', 87, 'c', 0, 1),
(289, 'V-54-6', 680, '0.00', 'Diesel', 700, 'IX', 9, 'T-44,', 82, 'c', 0, 1),
(290, 'V-14', 700, '0.00', 'Diesel', 700, 'IX', 9, 'T-54,', 82, 'c', 0, 1),
(291, 'M-50T', 1050, '0.00', 'Diesel', 700, 'X', 10, 'IS-7,', 132, 'c', 0, 1),
(292, 'V-12', 750, '0.00', 'Diesel', 1024, 'X', 10, 'IS-4', 128, 'c', 0, 1),
(293, 'V-16FN', 800, '0.00', 'Diesel', 1024, 'X', 10, 'Object 268', 84, 'c', 0, 1),
(294, 'V-55', 580, '0.00', 'Diesel', 700, 'X', 10, 'T-62A', 132, 'c', 0, 1),
(295, 'TD-12', 580, '0.00', 'Diesel', 1, 'X', 10, 'Object 140', 132, 'c', 0, 1),
(296, 'Renault M26/27', 45, '0.00', 'Gasoline', 266, 'I', 1, 'Renault NC-31', 0, 'c', 0, 4),
(297, 'Renault 62CV', 62, '0.00', 'Gasoline', 266, 'I', 1, 'Renault NC-31', 350, 'c', 0, 4),
(298, 'Renault NC-2', 75, '0.00', 'Gasoline', 266, 'I', 1, 'Renault NC-31', 370, 'c', 0, 4),
(299, 'Armstrong Siddeley V4', 92, '0.00', 'Diesel', 545, 'I', 1, 'Vickers Mk. E Type B', 770, 'c', 0, 4),
(300, 'Franklin', 100, '0.00', 'Diesel', 266, 'II', 2, 'Vickers Mk. E Type B', 800, 'c', 0, 4),
(301, 'Mitsubishi Type 97', 170, '0.00', 'Diesel', 750, 'III', 3, 'Type 2597 Chi-Ha', 5, 'c', 0, 4),
(302, 'Type 100 V-12 W', 200, '0.00', 'Diesel', 750, 'IV', 4, 'Type 2597 Chi-Ha', 8, 'c', 0, 4),
(303, 'Type 100 V-12 A', 240, '0.00', 'Diesel', 750, 'IV', 4, 'Type 2597 Chi-Ha', 10, 'c', 0, 4),
(304, 'Twin Cadillac, Series 42', 296, '0.00', 'Diesel', 530, 'IV', 4, 'M5A1 Stuart', 10, 'c', 0, 4),
(305, 'Continental R-975-C1', 400, '0.00', 'Diesel', 516, 'IV', 4, 'M5A1 Stuart', 10, 'c', 0, 4),
(306, 'V-2', 480, '0.00', 'Diesel', 750, 'V', 5, 'Type T-34', 18, 'c', 0, 4),
(307, 'Type 102', 400, '0.00', 'Diesel', 700, 'V', 5, '59-16', 10, 'c', 0, 4),
(308, '12150L-3', 430, '0.00', 'Diesel', 700, 'V', 5, '59-16,', 17, 'c', 0, 4),
(309, 'V-2-34', 500, '0.00', 'Diesel', 750, 'VI', 6, 'Type T-34,', 27, 'c', 0, 4),
(310, 'Continental AOSI-895-5', 500, '0.00', 'Gasoline', 862, 'VI', 6, 'Type 64', 0, '', 0, 4),
(311, 'Type 102S', 480, '0.00', 'Diesel', 750, 'VII', 7, 'T-34-1', 15, 'c', 0, 4),
(312, 'Type 102S1', 500, '0.00', 'Diesel', 750, 'VII', 7, 'Type 58,', 38, 'c', 0, 4),
(313, '12150L-3', 430, '0.00', 'Diesel', 700, 'VII', 7, 'Type 62', 0, '', 0, 4),
(314, '12150L', 520, '0.00', 'Diesel', 750, 'VIII', 8, 'WZ-131,', 48, 'c', 0, 4),
(315, '8V135', 520, '0.00', 'Diesel', 740, 'VIII', 8, 'WZ-132', 43, 'c', 0, 4),
(316, 'NORINCO 12150L', 520, '0.00', 'Diesel', 750, 'VIII', 8, 'WZ-111,', 0, '', 0, 4),
(317, 'NORINCO 12150L7', 520, '0.00', 'Diesel', 750, 'IX', 9, 'Type 59', 0, '', 0, 4),
(318, '12150LS', 580, '0.00', 'Diesel', 750, 'IX', 9, '112', 0, '', 0, 4),
(319, '12150LS', 580, '0.00', 'Diesel', 750, 'IX', 9, 'T-34-2,', 99, 'c', 0, 4),
(320, '12150LT', 600, '0.00', 'Diesel', 750, 'X', 10, 'WZ-120,', 120, 'c', 0, 4),
(321, '12150L7', 580, '0.00', 'Diesel', 935, 'X', 10, '121', 25, 'c', 0, 4),
(322, 'V-2-54SC', 750, '0.00', 'Diesel', 1045, 'X', 10, '113', 25, 'c', 0, 4),
(323, 'Renault L4', 60, '9.99', 'Diesel', 266, 'I', 1, 'Renault Otsu', 0, 'c', 0, NULL),
(324, 'Mitsubishi A475VD', 75, '9.99', 'Diesel', 650, 'II', 2, 'Renault Otsu', 450, 'c', 0, NULL),
(325, 'Mitsubishi A6120VDe', 120, '9.99', 'Diesel', 630, 'III', 3, 'Type 95 Ha-Go, Chi-Ni', 2, 'c', 0, NULL),
(326, 'Mitsubishi A6120VDe S', 135, '9.99', 'Diesel', 630, 'III', 3, 'Type 95 Ha-Go, Type 98 Ke-Ni, Chi-Ni', 3, 'c', 0, NULL),
(327, 'Mitsubishi SA12200VD', 170, '9.99', 'Diesel', 650, 'III', 3, 'Type 97 Chi-Ha', 5, 'c', 0, NULL),
(328, 'Type 100 Kakyuu V-6', 150, '9.99', 'Diesel', 630, 'III', 3, 'Type 5 Ke-Ho', 5, 'c', 0, NULL),
(329, 'Type 100 Kuurei V-6', 130, '9.99', 'Diesel', 630, 'III', 3, 'Type 98 Ke-Ni', 2, 'c', 0, NULL),
(330, 'Type 100 Kuurei V-12', 240, '9.99', 'Diesel', 630, 'IV', 4, 'Type 97 Chi-Ha, Type 1 Chi-He, Type 3 Chi-Nu', 10, 'c', 0, NULL),
(331, 'Type 100 Suirei V-12', 200, '9.99', 'Diesel', 630, 'IV', 4, 'Type 97 Chi-Ha, Type 1 Chi-He', 8, 'c', 0, NULL),
(332, 'Type 100 V-12', 240, '9.99', 'Diesel', 630, 'IV', 4, 'Type 3 Chi-Nu Kai', 0, '', 0, NULL),
(333, 'Mitsubishi 12HM21WT', 604, '9.99', 'Diesel', 2400, 'IX', 9, 'Type 61', 82, 'c', 0, NULL),
(334, 'Type 100 Kakyuu V-12', 300, '9.99', 'Diesel', 650, 'V', 5, 'Type 3 Chi-Nu, Type 4 Chi-To', 15, 'c', 0, NULL),
(335, 'Mitsubishi AL Type 4 Kuurei V-12', 400, '9.99', 'Diesel', 1000, 'VI', 6, 'Type 4 Chi-To', 25, 'c', 0, NULL),
(336, 'Kawasaki Type 98 V-12', 550, '9.99', 'Essence', 510, 'VII', 7, 'Type 5 Chi-Ri', 36, 'c', 0, NULL),
(337, 'Mitsubishi AL Type 4 Kakyuu V-12', 500, '9.99', 'Essence', 1000, 'VII', 7, 'Type 5 Chi-Ri', 33, 'c', 0, NULL),
(338, 'Mitsubishi DL10T', 500, '9.99', 'Diesel', 2200, 'VII', 7, 'STA-1', 33, 'c', 0, NULL),
(339, 'Mitsubishi 12HM20WT', 570, '9.99', 'Diesel', 2400, 'VIII', 8, 'STA-1, Type 61', 48, 'c', 0, NULL),
(340, 'Mitsubishi 10ZF21WT', 750, '9.99', 'Diesel', 2200, 'X', 10, 'STB-1', 132, 'c', 0, NULL);

-- --------------------------------------------------------

--
-- Structure de la table `nation`
--

DROP TABLE IF EXISTS `nation`;
CREATE TABLE IF NOT EXISTS `nation` (
  `id` tinyint(3) unsigned NOT NULL AUTO_INCREMENT,
  `pays` varchar(15) NOT NULL,
  PRIMARY KEY (`id`),
  UNIQUE KEY `pays` (`pays`)
) ENGINE=InnoDB  DEFAULT CHARSET=utf8 AUTO_INCREMENT=8 ;

--
-- Contenu de la table `nation`
--

INSERT INTO `nation` (`id`, `pays`) VALUES
(2, 'Allemagne'),
(4, 'Chine'),
(6, 'France'),
(3, 'Japon'),
(5, 'Royaume-Unis'),
(1, 'Russie'),
(7, 'USA');

-- --------------------------------------------------------

--
-- Structure de la table `radio`
--

DROP TABLE IF EXISTS `radio`;
CREATE TABLE IF NOT EXISTS `radio` (
  `id` smallint(5) unsigned NOT NULL AUTO_INCREMENT,
  `nom` varchar(50) NOT NULL,
  `portee_radio` smallint(5) unsigned NOT NULL,
  `poids` smallint(5) unsigned NOT NULL,
  `tier_id` tinyint(3) unsigned NOT NULL,
  `pays_id` tinyint(3) unsigned DEFAULT NULL,
  PRIMARY KEY (`id`),
  KEY `fk_radio_pays_id` (`pays_id`),
  KEY `fk_radio_tier_id` (`tier_id`)
) ENGINE=InnoDB DEFAULT CHARSET=utf8 AUTO_INCREMENT=1 ;

-- --------------------------------------------------------

--
-- Structure de la table `suspension`
--

DROP TABLE IF EXISTS `suspension`;
CREATE TABLE IF NOT EXISTS `suspension` (
  `id` smallint(5) unsigned NOT NULL AUTO_INCREMENT,
  `nom` varchar(50) NOT NULL,
  `charge_max` smallint(5) unsigned NOT NULL,
  `vitesse_rotation` tinyint(3) unsigned NOT NULL,
  `poids` smallint(5) unsigned NOT NULL,
  `tier_id` tinyint(3) unsigned NOT NULL,
  `pays_id` tinyint(3) unsigned DEFAULT NULL,
  PRIMARY KEY (`id`),
  KEY `fk_suspension_pays_id` (`pays_id`),
  KEY `fk_suspension_tier_id` (`tier_id`)
) ENGINE=InnoDB DEFAULT CHARSET=utf8 AUTO_INCREMENT=1 ;

-- --------------------------------------------------------

--
-- Structure de la table `tank`
--

DROP TABLE IF EXISTS `tank`;
CREATE TABLE IF NOT EXISTS `tank` (
  `id` smallint(5) unsigned NOT NULL AUTO_INCREMENT,
  `datemiseajour` datetime DEFAULT NULL,
  `nom` varchar(50) NOT NULL,
  `Description` text NOT NULL,
  `premium` varchar(8) DEFAULT NULL,
  `poids_chassis` decimal(8,3) unsigned DEFAULT NULL,
  `limite_charge` decimal(8,3) unsigned DEFAULT NULL,
  `monaie` text,
  `vitesse_max` mediumint(8) unsigned DEFAULT NULL,
  `Nombre_equipage` tinyint(3) unsigned DEFAULT NULL,
  `Nombre_pilote` tinyint(3) unsigned DEFAULT NULL,
  `Nombre_tireur` tinyint(3) unsigned DEFAULT NULL,
  `Nombre_chargeur` tinyint(3) unsigned DEFAULT NULL,
  `Nombre_operateur_radio` tinyint(3) unsigned DEFAULT NULL,
  `hp_base` smallint(5) unsigned DEFAULT NULL,
  `Blindage_avant` smallint(5) unsigned DEFAULT NULL,
  `Blindage_flanc` smallint(5) unsigned DEFAULT NULL,
  `Blindage_arriere` smallint(5) unsigned DEFAULT NULL,
  `type_char` varchar(18) DEFAULT NULL,
  `prix` mediumint(8) unsigned DEFAULT NULL,
  `type_credit` varchar(6) DEFAULT NULL,
  `tier_latin` varchar(4) DEFAULT NULL,
  `tier_chiffre` tinyint(3) unsigned DEFAULT NULL,
  `pays_id` tinyint(3) unsigned DEFAULT NULL,
  PRIMARY KEY (`id`),
  KEY `fk_tank_pays_id` (`pays_id`),
  KEY `fk_tank_tier_id` (`tier_chiffre`)
) ENGINE=InnoDB  DEFAULT CHARSET=utf8 AUTO_INCREMENT=383 ;

--
-- Contenu de la table `tank`
--

INSERT INTO `tank` (`id`, `datemiseajour`, `nom`, `Description`, `premium`, `poids_chassis`, `limite_charge`, `monaie`, `vitesse_max`, `Nombre_equipage`, `Nombre_pilote`, `Nombre_tireur`, `Nombre_chargeur`, `Nombre_operateur_radio`, `hp_base`, `Blindage_avant`, `Blindage_flanc`, `Blindage_arriere`, `type_char`, `prix`, `type_credit`, `tier_latin`, `tier_chiffre`, `pays_id`) VALUES
(1, '2014-12-17 16:31:16', 'AT 15', 'Char d''assaut conçu pour percer des positions fortifiées. Le projet de conception était prêt en automne 1943, mais aucun prototype n''a été construit. Le projet est cependant devenu la base du char d''assaut lourd A39 Tortoise.', 'Normal', '47.000', '60.000', 'credit', 20, 6, 1, 1, 2, 1, 1400, 228, 152, 101, '4', 2650000, 'credit', 'VIII', 8, 5),
(2, '2014-12-19 14:15:45', 'AT 15A', 'Char d''assaut conçu pour les attaques de pointe sur les fortifications ennemies. Le projet de conception était prêt le 5 octobre 1943. Aucun prototype n''a été construit. Cependant, le projet a servi de base pour un char d''assaut lourd, l''A39 Tortoise.', 'Boutique', '65.000', '68.000', 'or', 20, 6, 1, 1, 2, 1, 1050, 228, 152, 101, '4', 6500, 'or', 'VII', 7, 5),
(3, '2014-12-17 16:10:30', 'AMX M4 mle. 45', 'Le développement de ce char lourd a débuté en 1945. À la base, la suspension française standard était utilisée, mais elle se révéla inappropriée pour les chars à grande vitesse, et fut remplacée par une suspension allemande dans des modifications ultérieures.', 'Normal', '52.150', '53.000', 'credit', 35, 5, 1, 1, 1, 1, 1100, 90, 40, 40, '3', 1395000, 'credit', 'VII', 7, 6),
(4, NULL, 'T67', '', 'Normal', '8.000', '14.000', 'credit', 61, 5, 1, 1, 1, 1, 340, 21, 19, 13, '4', 400000, 'credit', 'V', 5, 7),
(5, NULL, 'M18 Hellcat', '', 'normal', '20.000', '21.000', 'credit', 72, 5, 1, 1, 1, 1, 570, 12, 12, 12, '4', 950000, 'credit', 'VI', 6, 7),
(6, '2014-12-12 20:48:19', 'Renault NC-31', 'Le projet NC-2 (nom commercial NC-31) était une modification du char Renault FT-17 proposant une suspension souple à roulement et des chenilles à crocs en caoutchouc Kegresse-Hinstin. Ces caractéristiques, ajoutées à un moteur amélioré, apportèrent une augmentation de la vitesse maximale de 16 km/h. Un total de 15 véhicules de ce type furent exportés en Chine.', 'Normal', '5.000', '7.000', 'credit', 25, 2, 1, 0, 0, 0, 100, 16, 16, 16, '1', 0, 'credit', 'I', 1, 4),
(7, '2014-12-19 17:00:40', 'AMX 13 75', 'Le développement a débuté en 1946. Le véhicule a été produit en série de 1952 à 1964 en France, et jusqu''en 1985 en Argentine. Le char a été exporté dans beaucoup de pays, et est toujours en service dans certains pays d''Asie et d''Amérique du Sud.', 'Normal', '14.630', '14.650', 'credit', 61, 3, 1, 1, 0, 0, 900, 40, 20, 15, '1', 1345000, 'credit', 'VII', 7, 6),
(8, '2014-11-07 19:10:44', 'T1E6', 'Les véhicules expérimentaux T1E4 jusqu''à T1E6 ont été fortement influencés par le britannique Vickers E. Le premier prototype a été fabriqué par la corporation Cunningham en 1931. Après des essais en 1932, une variante améliorée a été produite. Cependant, un autre char expérimental, le T2, a été préféré.', 'Event', '9.030', '11.000', 'or', 48, 3, 1, 0, 1, 0, 160, 15, 6, 6, '1', 0, 'or', 'II', 2, 7),
(9, '2014-12-14 22:07:52', 'WZ-132', 'La commande pour le WZ-132 a été réalisée en 1964. Le design était basé sur le WZ-131, mais avec pour but d''améliorer la puissance de feu et le blindage de protection. Quelques prototypes ont été fabriqué avant l''abandon du projet fin des années 1960. Tous les prototypes ont été détruits lors des tests de l''arme nucléaire par les chinois.', 'Normal', '23.520', '24.000', 'credit', 64, 4, 1, 1, 1, 0, 950, 50, 25, 20, '1', 2400000, 'credit', 'VIII', 8, 4),
(10, NULL, 'M40/M43', 'Pas de paramètre', 'normal', '1.000', '1.000', 'credit', 1, 1, 1, 1, 1, 1, 1, 1, 1, 1, '5', 0, 'credit', 'III', 3, 7),
(11, '2014-12-12 12:11:45', 'Type 3 Chi-Nu ', 'Le char moyen Type 3 Chi-Nu est une modification du Type 1 Chi-He avec une nouvelle tourelle et un nouveau canon. Le char était le véhicule japonais produit en série le plus puissant pendant la guerre. Cependant, seul un total de 60 véhicules ont été fabriqués en raison des pénuries de composants et de matériaux.', 'Normal', '17.640', '18.800', 'credit', 38, 1, 1, 1, 1, 1, 440, 50, 25, 20, '2', 410000, 'credit', 'V', 5, 3),
(13, '2014-11-24 20:49:19', 'Pz.Kpfw. II', 'Les modèles A, B, C et F furent produits de mars 1937 à avril 1940, et de mars 1941 à décembre 1942, avec un total de 1 637 chars construits.', 'Normal', '9.200', '9.500', 'credit', 40, 3, 1, 0, 1, 0, 145, 30, 20, 15, '1', 3000, 'credit', 'II', 2, 2),
(14, NULL, 'T14', '', 'premium', '1.000', '1.000', 'or', 1, 1, 1, 1, 1, 1, 1, 1, 1, 1, '3', 0, 'credit', 'V', 5, 7),
(15, '2014-12-15 10:51:37', 'Type T-34', 'Plusieurs centaines de T-34-76 ont été exportés depuis l''URSS vers la Chine au début des années 1950. L''utilité de ces chars a été augmentée par des améliorions d''origine chinoise, incluant un nouveau moteur et une nouvelle suspension.', 'Normal', '28.720', '29.000', 'credit', 55, 4, 1, 0, 1, 1, 410, 45, 45, 40, '2', 430000, 'credit', 'V', 5, 4),
(23, '2014-10-02 00:00:00', 'MS-1', 'Le premier char soviétique adopté pour la production en série, avec 959 véhicules produits de 1928 à 1931.', 'Normal', '4.690', '4.890', 'credit', 32, 2, 1, 0, 0, 0, 90, 18, 16, 16, '1', 0, 'credit', 'I', 1, 1),
(24, '2014-10-02 00:00:00', 'BT-2', 'Conçu sur la base du char Christie M1931 et produit à l''usine de Kharkov Komintern Locomotive Plant (KhPZ), avec 650 BT-2 et 1884 BT-5 produits de 1932 à 1935.', 'Normal', '10.260', '11.500', 'credit', 55, 3, 1, 1, 0, 0, 140, 15, 13, 10, '1', 3500, 'credit', 'II', 2, 1),
(25, '2014-10-02 00:00:00', 'T-26', 'Produit en plus grand nombre que tout autre char de l''Armée rouge pendant la période d''avant-guerre, avec 11 218 véhicules en quatre principales variantes fabriquées de 1931 à 1941.', 'Normal', '9.300', '10.200', 'credit', 36, 3, 1, 1, 0, 0, 150, 15, 15, 15, '1', 3700, 'credit', 'II', 2, 1),
(26, '2014-10-02 00:00:00', 'T-60', 'Développé en août 1941 au Bureau de Construction de l''Usine n° 37 sous la supervision de N. A. Astrov. Le véhicule entra en service en septembre 1941, et fut produit en masse jusqu''en février 1943, avec un total de 5920 véhicules construits. Le char T-60 resta en service jusqu''à la fin de la guerre.', 'Normal', '6.120', '6.300', 'credit', 45, 2, 1, 0, 0, 0, 150, 35, 15, 25, '1', 3300, 'credit', 'II', 2, 1),
(27, '2014-10-02 00:00:00', 'Tetrarch', 'Développé en 1936 par la compagnie Vickers-Armstrong, avec un total de 177 véhicules de deux variantes Tetrarch Mk I et Telrarch Mk ICS fabriqués de 1941 à 1942. En 1942, vingt véhicules seront donnés à l''URSS pour le Prêt-Bail, dont 19 combattront sur le front est jusqu''en octobre 1943.', 'Event', '7.250', '8.000', 'credit', 64, 3, 1, 1, 0, 0, 140, 16, 14, 10, '1', 0, 'credit', 'II', 2, 1),
(28, '2014-10-02 00:00:00', 'BT-7', 'Le BT-7 représente une modernisation avancée de la série BT, avec 5 556 véhicules de différentes versions produits de 1935 à 1940.', 'Normal', '14.110', '14.000', 'credit', 65, 3, 1, 1, 0, 0, 210, 20, 15, 13, '1', 37000, 'credit', 'III', 3, 1),
(29, '2014-10-02 00:00:00', 'T-46', 'Destiné à remplacer le T-26 et à être produit en série à partir de 1936, le projet fut abandonné après seulement 4 véhicules construits en raison des coûts de construction.', 'Normal', '14.090', '17.000', 'credit', 58, 3, 1, 1, 0, 0, 220, 22, 15, 15, '1', 38500, 'credit', 'III', 3, 1),
(30, '2014-10-02 00:00:00', 'T-70', 'Développé en octobre et novembre 1941 au Bureau de Construction de l''Usine Automobile Gorky sous la supervision de N. A. Astrov. Le véhicule est entré en service en janvier 1942, et il a été produit en masse jusqu''en octobre 1943, avec un total de 8231 véhicules fabriqués. Certains véhicules ont été utilisé jusqu''à la fin de la guerre.', 'Normal', '1.000', '1.000', 'credit', 1, 1, 1, 1, 1, 1, 1, 1, 1, 1, '1', 1, 'credit', 'III', 3, 1),
(31, '2014-10-02 00:00:00', 'M3 Light', 'Le plus célèbre des chars légers de la Seconde Guerre mondiale, avec 13 589 véhicules construits entre 1981 et septembre 1943. 1 576 chars (essentiellement dans la variante M3A1) ont été fournis à l''URSS dans le cadre du programme Prêt-Bail.', 'Event', '12.010', '12.500', 'or', 61, 4, 1, 1, 0, 1, 220, 38, 25, 25, '1', 0, 'or', 'III', 3, 1),
(32, '2014-10-02 00:00:00', 'LTP', 'Un véhicule léger proposé et développé par le Lieutenant Provornov durant l''été 1942. Aucun prototype n''a été fabriqué.', 'Boutique', '11.000', '13.000', 'or', 45, 3, 1, 0, 1, 0, 230, 30, 20, 30, '1', 850, 'or', 'III', 3, 1),
(33, '2014-10-02 14:24:49', 'A-20', 'Mis à l''essai aux côtés du A-32, et d''un prototype du T-34. Les deux véhicules ont été acceptés pour le service, cependant le A-20 n''a jamais été produit en masse.', 'Normal', '17.530', '19.500', 'credit', 72, 4, 1, 1, 0, 1, 310, 20, 20, 16, '1', 134000, 'credit', 'IV', 4, 1),
(34, '2014-10-02 14:24:55', 'T-50', 'Développé en octobre 1940. Le design présenté par l''usine 174 a été soumis à l''examen. Après des essais réussis en février-mars 1941, le véhicule est entré en service.', 'Normal', '14.000', '14.000', 'credit', 52, 4, 1, 1, 1, 0, 360, 37, 37, 37, '1', 140000, 'credit', 'IV', 4, 1),
(35, '2014-10-02 14:24:57', 'T-80', 'Développé en été et automne 1942 au Bureau de Construction de l''Usine Automobile Gorky sous la supervision de N. A. Astrov. Le véhicule entra en service en décembre 1942. Un total de 85 véhicules furent produits en masse.', 'Normal', '11.300', '11.500', 'credit', 45, 3, 1, 1, 0, 0, 350, 35, 25, 25, '1', 140000, 'credit', 'IV', 4, 1),
(36, '2014-10-02 14:25:01', 'Valentine II', 'Un char britannique fourni à l''URSS dans le cadre du programme Prêt-Bail. Environ 3 782 véhicules ont été envoyés en URSS dont quelques-uns furent perdus en mer pendant le transport vers Murmansk.', 'Boutique', '15.710', '16.850', 'credit', 32, 3, 1, 0, 1, 0, 380, 60, 60, 60, '1', 1000, 'credit', 'IV', 4, 1),
(37, '2014-10-02 14:25:17', 'MT-25', 'Un projet d''un véhicule léger caterpillar à roues. Le projet a été acheté en février 1943. La caractéristique la plus innovante était la conception de la suspension. Les roues de suspension étaient entrelacées, et la puissance était délivrée à chaque roue. Aucun prototype ne fut fabriqué.', 'Normal', '25.000', '26.000', 'credit', 72, 5, 1, 1, 1, 1, 510, 45, 40, 40, '1', 880000, 'credit', 'V', 5, 1),
(38, '2014-10-02 14:25:20', 'T-28', 'Conçu pour être utilisé comme un char de percée, le T-28 a été fabriqué à l''usine "Putilovets Krasny" de Leningrad qui a produit 503 véhicules de 1934 à 1940.', 'Normal', '16.040', '18.900', 'credit', 45, 6, 1, 1, 1, 2, 320, 30, 20, 20, '2', 135000, 'credit', 'IV', 4, 1),
(39, '2014-10-02 14:25:22', 'A-32', 'Un char moyen expérimental testé aux côtés du A-20 et accepté pour le service sous le nom de T-34', 'Event', '19.540', '21.300', 'credit', 70, 4, 1, 0, 1, 1, 360, 35, 30, 16, '2', 0, 'credit', 'IV', 4, 1),
(40, '2014-10-02 14:25:25', 'T-34', 'Légende des forces blindées soviétiques et char le plus massivement produit. 33 805 exemplaires furent construits dans diverses usines soviétiques de 1940 à 1944.', 'Normal', '27.940', '30.000', 'credit', 56, 4, 1, 0, 1, 1, 400, 45, 45, 40, '2', 356700, 'credit', 'V', 5, 1),
(41, '2014-10-02 14:25:28', 'Matilda IV', 'Un char britannique fourni à l''URSS dans le cadre du programme Prêt-Bail. Environ 1084 véhicules ont été envoyés en URSS dont quelques-uns furent perdus en mer pendant le transport vers Murmansk.', 'Boutique', '27.420', '31.000', 'or', 25, 4, 1, 1, 1, 0, 610, 75, 70, 55, '2', 1500, 'or', 'V', 5, 1),
(42, '2014-10-02 14:25:31', 'T-34-85', 'Modification finale du char T-34 de 1943. Une nouvelle tourelle pour trois hommes a permis l''installation du canon de 85 mm plus puissant. Ceci a grandement augmenté l''efficacité au combat du char comparé à son prédécesseur, le T-34-76. Un total de plus de 35 000 véhicules, dans plusieurs variantes, ont été fabriqués. Aujourd''hui, le char est toujours en service dans plusieurs pays.', 'Normal', '32.370', '35.000', 'credit', 54, 5, 1, 1, 1, 1, 670, 45, 45, 40, '2', 915000, 'credit', 'VI', 6, 1),
(43, '2014-10-02 14:25:33', 'A-43', 'Développé à l''Usine n° 183 en 1941 sous la désignation A-43. Le véhicule devait remplacer le T-34. L''A-43 a été conçu pour intégrer une suspension à barre de torsion, un moteur V-5, une nouvelle transmission, une coupole de chef de char, et un blindage frontal amélioré de 60 mm.', 'Normal', '27.000', '27.000', 'credit', 55, 5, 1, 1, 1, 1, 660, 60, 45, 40, '2', 925000, 'credit', 'VI', 6, 1),
(44, '2014-10-02 14:25:36', 'T-43', 'Conçu comme un remplaçant pour le T-34 au printemps de 1942. Le T-43 a été recommandé pour le service, mais n''a jamais été produit en série.', 'Normal', '33.130', '34.000', 'credit', 51, 4, 1, 1, 1, 0, 1000, 75, 75, 75, '2', 1355000, 'credit', 'VII', 7, 1),
(45, '2014-10-02 14:25:38', 'KV-13', 'Le développement de ce véhicule a commencé en automne 1941 sous l''initiative de S. Ginsburg. Après des essais concluants en automne 1942, le développement d''un second prototype à débuté.', 'Normal', '1.000', '1.000', 'credit', 50, 4, 1, 1, 1, 0, 1020, 120, 85, 85, '2', 1375500, 'credit', 'VII', 7, 1),
(46, '2014-10-02 14:25:41', 'A-44', 'Le projet a été développé à l''Usine n° 193 par l''ingénieur I.S. Ber en avril 1941. Le véhicule devait être fabriqué dans trois versions différentes avec trois blindages, armements, masses de combat et vitesses différents. Le prototype était prévu pour être fabriqué fin 1942. Cependant, le projet fut abandonné suite au déclenchement de la guerre germano-soviétique.', 'Normal', '1.000', '1.000', 'credit', 59, 5, 1, 1, 1, 1, 1000, 150, 60, 60, '2', 1380000, 'credit', 'VII', 7, 1),
(47, '2014-10-02 14:25:44', 'T-44', 'Adopté en 1944, avec 965 véhicules produits avant la fin de la guerre, le T-44 resta en service jusqu''à la fin des années 1970.', 'Normal', '32.380', '33.000', 'credit', 51, 4, 1, 1, 1, 0, 1200, 90, 75, 45, '2', 2390000, 'credit', 'VIII', 8, 1),
(48, '2014-10-02 14:25:46', 'Object 416', 'Le char moyen Object 416 a été développé au Bureau de Construction de l''Usine n° 75, à l''automne 1949. Le plan a été développé en mars 1950. En raison de problèmes techniques avec la tourelle, un prototype fonctionnel n''a pas vu le jour avant avril 1952. Des améliorations ont été réalisées et un autre prototype a été fabriqué en été 1953, mais le véhicule n''a jamais été produit en masse.', 'Normal', '24.330', '24.350', 'credit', 50, 4, 1, 1, 1, 0, 1, 75, 45, 45, '2', 2500000, 'credit', 'VIII', 8, 1),
(49, '2014-10-02 14:25:50', 'T-54', 'Avec un premier prototype construit vers la fin de 1944, et après des tests réalisés entre 1945 et 1947, il fut accepté pour le service dans sa version 1947. 713 véhicules furent construits. Fin 1949, la production d''un nouveau modèle démarra (2.513 véhicules produits au total).', 'Normal', '34.000', '38.700', 'credit', 56, 4, 1, 1, 1, 0, 1550, 120, 80, 45, '2', 3450000, 'credit', 'VIII', 8, 1),
(50, '2014-10-02 14:25:52', 'Object 430 Version II', 'Développé au Bureau de la Construction de l''usine n° 73 début 1953. Du 8 mars au 10 mars 1953, le ministère des transports et de l''industrie lourde a examiné le projet, ainsi qu''une version alternative du char avec une configuration plus conventionnelle. Cependant, le développement a été arrêté par la suite.', 'Normal', '35.460', '36.500', 'credit', 55, 4, 1, 1, 1, 0, 1600, 120, 80, 40, '2', 3450000, 'credit', 'IX', 9, 1),
(51, '2014-12-16 17:05:21', 'T-62A', 'Le développement du premier char moyen soviétique de la période d''après-guerre a débuté en 1951. En 1961, le char T-62 a été déployé, équipé d''un canon lisse. Dans le même temps, une variante avec un canon rayé, le T-62A, a été abandonnée. Le T-62 a été produit en masse de 1961 à 1975, avec un total de vingt mille véhicules fabriqués. Des modifications ultérieures du véhicules sont toujours en service.', 'Normal', '37.000', '39.800', 'credit', 50, 4, 1, 1, 1, 0, 1950, 102, 75, 45, '2', 6100000, 'credit', 'X', 10, 1),
(52, '2014-10-02 14:25:57', 'Object 140', 'Un char moyen expérimental. Développé entre 1953 et 1958 à Nizhny Tagil pour remplacer le T-54. Deux prototypes ont été fabriqué, mais le projet a été annulé en 1958 à la faveur de l''Object 430.', 'Normal', '36.000', '39.000', 'credit', 55, 4, 1, 1, 1, 0, 1900, 100, 80, 55, '2', 6100000, 'credit', 'X', 10, 1),
(53, '2014-10-02 14:26:00', 'Object 430', 'Un prototype de ce char moyen a été développé de 1953 à 1957 pour remplacer le T-54. Plusieurs prototypes ont été fabriqués. Plus tard, les autorités soviétiques ont exigé un char avec une grande capacité de survie nucléaire et une grande puissance de feu. En conséquence, en 1961, le projet a été abandonné, et la décision fut prise de développer l''Object 432.', 'Normal', '35.300', '39.000', 'credit', 55, 4, 1, 1, 1, 0, 1900, 120, 80, 40, '2', 6100000, 'credit', 'X', 10, 1),
(54, '2014-10-02 14:26:04', 'KV-1', 'Le développement a débuté fin 1938. Un prototype a été réalisé en août 1939. Vu en action pour la première fois en Décembre 1939 sur la ligne Mannerheim. Le véhicule a été produit en masse de mars 1940 à août 1942, avec un total de 2769 véhicules fabriqués.', 'Normal', '47.410', '47.800', 'credit', 34, 5, 1, 1, 1, 1, 590, 75, 75, 70, '3', 390000, 'credit', 'V', 5, 1),
(55, '2014-10-02 14:27:09', 'Churchill III', 'Un char britannique fourni à l''URSS par le Prêt-Bail. L''URSS reçut un total de 301 véhicules, dont certains furent perdus durant leur transport à Mourmansk.', 'Boutique', '39.710', '41.950', 'or', 28, 5, 1, 1, 1, 1, 1, 176, 76, 50, '3', 1500, 'or', 'V', 5, 1),
(56, '2014-10-02 14:28:59', 'KV-220', 'Char expérimental au printemps-été de 1940. Le seul prototype a été retiré de la production du fait d''une panne de moteur.', 'Event', '62.230', '70.400', 'or', 33, 5, 1, 1, 1, 1, 690, 100, 100, 80, '3', 0, 'or', 'V', 5, 1),
(57, '2014-11-30 00:09:15', 'KV-1S', 'Une modification ultérieure de la série du char lourd KV-1 développé durant l''été 1942. Il est entré en service de l''Armée Rouge le 20 août 1942. Comparé à son prédécesseur le KV-1S possédait plusieurs fonctionnarisé de conception permettant au poids du char d''être réduit à 42,3 tonnes. De plus, le KV-1S avait une vitesse, une mobilité et une durabilité augmentées. Cependant, le canon de 76mm ZIS-5 resta. Cela ajouté à un blindage réduit et inefficace, le nouveau véhicule était presque équivalent au T-34 en termes de performances de combat. Un total de 1 083 véhicules de cette variante ont été fabriqué. Le char a été largement utilisé sur tous les fronts de la Grande guerre patriotique.', 'Normal', '43.080', '45.400', 'credit', 43, 5, 1, 1, 1, 1, 620, 75, 60, 60, '3', 410000, 'credit', 'V', 5, 1),
(58, '2014-10-02 14:43:55', 'KV-2', 'Char d''assaut lourd. Développé à partir du KV-1 en janvier 1940, avec un total de 334 véhicules fabriqués de 1940 à 1941. Les chars KV-2 ont été utilisés en action en 1941, avec la plupart des véhicules perdus la même année.', 'Normal', '51.160', '56.800', 'credit', 35, 6, 1, 1, 2, 1, 810, 75, 75, 70, '3', 920000, 'credit', 'VI', 6, 1),
(59, '2014-10-02 14:45:50', 'T-150', 'Le T-150 est le fruit du développement ultérieur du KV-1. Le véhicule pesait 50 tonnes. Le T-150 a subi les essais lors de la première moitié de 1941. Un prototype a combattu lors des batailles de Leningrad, et est devenu une base pour une modification du KV-1 avec un blindage renforcé.', 'Normal', '50.210', '51.000', 'credit', 35, 5, 1, 1, 1, 1, 830, 90, 90, 75, '3', 880000, 'credit', 'VI', 6, 1),
(60, '2014-10-02 14:50:23', 'IS', 'L''IS ("Iosif Staline"), avec son canon de 122 mm, a été une surprise désagréable pour les Allemands. Il a été produit à partir d''octobre 1943 jusqu''en juin 1945 avec un total de 3 483 IS-2 et 107 IS-1.', 'Normal', '1.000', '1.000', 'credit', 34, 4, 1, 1, 1, 0, 1130, 120, 90, 60, '3', 1424000, 'credit', 'VII', 7, 1),
(61, '2014-10-02 21:40:43', 'KV-3', 'Conçu initialement comme le remplaçant du KV-1, la caisse et la suspension ont été élaborées au début de la Seconde Guerre mondiale. Le KV-3 n''a jamais été produit en série.', 'Normal', '64.880', '68.250', 'credit', 32, 6, 1, 1, 2, 1, 1300, 120, 90, 90, '3', 1390000, 'credit', 'VII', 7, 1),
(62, '2014-10-02 21:44:43', 'IS-3', 'La production en masse du véhicule a débuté en mai 1945. Le 7 septembre 1945, des chars IS-3 ont pris part à la Parade de la Victoire des Alliés dans Berlin. Un total de 1170 véhicules ont été fabriqués jusqu''à fin 1946, lorsque la production fut arrêtée. De 1948 jusqu''à la fin des années 1950, les chars ont subi un certain nombre de refontes de modernisation.', 'Normal', '48.680', '50.560', 'credit', 38, 4, 1, 1, 1, 0, 1450, 110, 90, 60, '3', 2568500, 'credit', 'VIII', 8, 1),
(63, '2014-10-02 21:46:23', 'IS-6', 'Développé pendant l''été 1944 par l''usine du Bureau de Kirov (Leningrad). Le prototype a passé des essais en automne. N''a pas été produit en masse, ni vu en service.', 'Boutique', '51.500', '59.900', 'or', 35, 4, 1, 1, 1, 0, 1550, 100, 100, 60, '3', 11800, 'or', 'VIII', 8, 1),
(64, '2014-10-02 21:49:34', 'KV-4', 'Le projet de N. L. Dukhov développé en avril 1941. Un prototype devait être produit d''ici novembre 1941. Cependant, le travail a été interrompu suite au début de la Seconde Guerre mondiale.', 'Normal', '97.430', '102.560', 'credit', 30, 6, 1, 1, 2, 1, 1600, 180, 150, 90, '3', 2430000, 'credit', 'VIII', 8, 1),
(65, '2014-10-02 21:51:09', 'KV-5', 'Le développement du KV5 débuta en juin 1941 avec une évaluation de conception achevée en août. Le prototype d''essai n''ai jamais été construit à cause du blocus de Leningrad.', 'Event', '100.180', '105.000', 'or', 40, 6, 1, 1, 2, 1, 1780, 180, 150, 140, '3', 0, 'or', 'IX', 9, 1),
(66, '2014-10-02 21:53:26', 'ST-I', 'Le plan a été développé à l''Usine n° 92 par les ingénieurs V. A. Ganin et A. S. Chasovnikov. Un nouveau char était prévu comme amélioration des chars lourds imparfaits de cette époque. N''a jamais dépassé le stade de la planche à dessin.', 'Normal', '57.740', '58.900', 'credit', 1, 5, 1, 1, 2, 0, 1800, 140, 140, 100, '3', 3561000, 'credit', 'IX', 9, 1),
(67, '2014-10-02 21:56:17', 'IS-8', 'Le développement de ce véhicule a débuté en 1949 par le Bureau de construction de l''usine Chelyabinsk Kirov sous la supervision de Joseph Kotin. Lors de la phase de conception, le véhicule était désigné comme Object 730. En 1950, une préproduction de 10 véhicules a été lancée. En 1953, avant que le char n''entre en service, il a été redésigné en IS-8. Le véhicule a été accepté pour entrer en service mi-1953 sous la désignation T-10. La quantité de véhicules produits varie selon les sources, de 2500 à 8000.', 'Normal', '50.060', '50.910', 'credit', 50, 4, 1, 1, 1, 0, 1700, 120, 80, 60, '3', 3531000, 'credit', 'X', 10, 1),
(68, '2014-10-02 21:58:30', 'IS-4', 'Le développement de ce char a démarré en avril 1944, avec plusieurs prototypes produits vers la fin de la Seconde Guerre mondiale. L''IS-4 est entré en production de 1947 à 1949, avec un total de 219 véhicules construits.', 'Normal', '60.020', '66.300', 'credit', 43, 4, 1, 1, 1, 0, 2500, 140, 160, 100, '3', 6100000, 'credit', 'X', 10, 1),
(69, '2014-10-02 22:00:47', 'IS-7', 'Le développement de l''IS-7 a commencé au printemps 1945. Des prototypes ont été mis à l''essai durant 1946 et 1947. L''IS-7 fut adopté par le gouvernement en 1948, mais n''a jamais été produit en série.', 'Normal', '68.190', '70.950', 'credit', 59, 5, 1, 1, 2, 0, 2150, 150, 150, 100, '3', 6100000, 'credit', 'X', 10, 1),
(70, '2014-10-02 22:03:09', 'AT-1', 'Un canon automoteur expérimental sur un châssis de T-26. Il n''est jamais entré en production, avec juste quelques véhicules et huit caisses de blindés construite', 'Normal', '9.650', '9.900', 'credit', 30, 3, 1, 1, 0, 0, 125, 16, 15, 10, '4', 3000, 'credit', 'II', 2, 1),
(71, '2014-10-07 04:45:16', 'SU-76', 'Un Canon automoteur léger de support d''infantrie sur la caisse du T-70, avec un total de 14 292 véhicules (360 véhicules pour la variante SU-76, et 13 932 véhicules pour le modèle SU-76M) produits de décembre 1942 à Juin 1945.', 'Normal', '9.950', '10.800', 'credit', 48, 4, 1, 1, 1, 0, 155, 25, 15, 15, '4', 35500, 'credit', 'III', 3, 1),
(72, '2014-10-07 04:48:25', 'SU-85B', 'Une poursuite de la modernisation du SU-76, améliorée avec un châssis élargi, il fut développé de l''hiver de 1944 à 1945 mais n''entra jamais en production de masse.', 'Normal', '12.110', '12.400', 'credit', 43, 4, 1, 1, 1, 0, 260, 25, 15, 15, '4', 124000, 'credit', 'IV', 4, 1),
(73, '2014-10-08 14:49:16', 'SU-85', 'Un chasseur de chars sur le châssis du T-34 et du SU-122, avec 2 329 véhicules produits d''août 1943 à octobre 1944, et 638 de la version SU-122 produits de décembre 1942 à août 1943.', 'Normal', '29.020', '31.400', 'credit', 55, 4, 1, 1, 1, 0, 350, 45, 45, 40, '4', 414000, 'credit', 'V', 5, 1),
(74, '2014-10-09 21:59:43', 'SU-100', 'Le SU-100 est un canon d''artillerie automoteur sur le châssis du T-34-85 et SU-85, avec un total de 2495 véhicules produits de septembre 1944 à juin 1945.', 'Normal', '31.560', '37.400', 'credit', 50, 4, 1, 1, 1, 0, 580, 75, 45, 45, '4', 908900, 'credit', 'VI', 6, 1),
(75, '2014-10-09 22:01:42', 'SU-100Y', 'Développé sur la base du char lourd T-100. Le véhicule était destiné à neutraliser les blockhaus ennemis et les véhicules ennemis. Le seul prototype a été fabriqué en mars 1940. Le véhicule n''a jamais été produit en masse.', 'Boutique', '64.000', '67.400', 'or', 1, 6, 1, 2, 2, 0, 700, 60, 60, 60, '4', 3250, 'or', 'VI', 6, 1),
(76, '2014-10-12 20:06:32', 'SU-152', 'Un canon automoteur lourd sur la caisse du KV-1S, avec un total de 671 véhicules construits de février à décembre 1943.', 'Normal', '45.730', '45.900', 'credit', 43, 5, 1, 1, 2, 0, 870, 75, 60, 60, '4', 1305000, 'credit', 'VII', 7, 1),
(77, '2014-10-12 19:57:45', 'SU-100M1', 'Développé à l''UHMP (Ural Heavy Machinery Plant) à partir du T-34-85. Les compartiments de combat étaient situés à l''arrière. Le véhicule n''a jamais été fabriqué, car l''autre projet SU-100M-2 sur la base du T-44 lui a été préféré.', 'Normal', '32.080', '32.200', 'credit', 50, 4, 1, 1, 1, 0, 830, 90, 75, 45, '4', 1365000, 'credit', 'VII', 7, 1),
(78, '2014-10-12 19:59:36', 'SU-122-44', 'Le développement a commencé en Juin 1944 par le bureau d''études de Uralmash. Le véhicule était basé sur un châssis de T-44, et possédait une configuration conventionnelle, avec une mise à l''avant du compartiment de combat. En octobre, le commissariat populaire de l''industrie blindée examina le projet SU-122-44. En décembre, le projet de conception était prêt. Le SU-100-M-2 avec le placement du compartiment de combat à l''arrière a cependant été préféré.', 'Boutique', '32.800', '35.000', 'or', 47, 4, 1, 1, 1, 0, 840, 90, 75, 45, '4', 6750, 'or', 'VII', 7, 1),
(79, '2014-10-12 20:44:04', 'ISU-152', 'Initialement développé sur le châssis du char IS comme remplacement du SU-152 en raison de la fin de la production du KV-1, 4635 véhicules ont été construits de novembre 1943 à juin 1945.', 'Normal', '45.730', '48.600', 'credit', 43, 5, 1, 1, 2, 0, 1010, 90, 90, 60, '4', 2520000, 'credit', 'VIII', 8, 1),
(80, '2014-10-12 21:07:42', 'SU-101', 'En 1944, le Bureau de Construction de l''usine de Machinerie Lourde de l''Oural développa le SU-101 avec un canon D-10S et le SU-102 avec un canon D-25S. Les deux véhicules ont été nommés Uralmash-1. Des prototypes ont été fabriqués en avril 1945. Aucun n''a été produit en masse ni vu en service.', 'Normal', '34.130', '34.500', 'credit', 54, 4, 1, 1, 1, 0, 990, 120, 90, 40, '4', 2560000, 'credit', 'VIII', 8, 1),
(81, '2014-10-12 21:19:25', 'Object 704', 'Développé en 1945, sous le commandement de J.Kotin, sur la base des véhicules IS-3 et IS-2. Une de ses propriétés distinctives était l''alignement uniforme des angles de son blindage. Le véhicule passa les tests avec succès, mais ne fut jamais accepté pour le service.', 'Normal', '44.750', '48.860', 'credit', 37, 5, 1, 1, 2, 0, 1600, 120, 90, 60, '4', 3660000, 'credit', 'IX', 9, 1),
(82, '2014-10-12 21:34:02', 'SU-122-54', 'Le développement a débuté en 1948. Le char T-54 a été utilisé comme base pour ce chasseur de chars. Le véhicule est entré en service en 1954. La production en masse a été lancée en 1955, avec un total de 100 véhicules fabriqués.', 'Normal', '36.430', '37.250', 'credit', 48, 5, 1, 1, 2, 0, 1530, 100, 80, 45, '4', 3510000, 'credit', 'IX', 9, 1),
(83, '2014-10-12 21:37:00', 'Object 268', 'Le développement a débuté à l''été 1952 à l''usine Kirov de Leningrad, sous la supervision de Joseph Kotin. Le véhicule a été mis au point sur la base du char lourd T-10. Le prototype a été fabriqué en 1956. Il a passé les essais, mais n''a jamais été produit en masse.', 'Normal', '50.970', '53.900', 'credit', 48, 5, 1, 1, 2, 0, 1950, 187, 100, 50, '4', 6100000, 'credit', 'X', 10, 1),
(84, '2014-10-12 21:36:43', 'Object 263', 'Le développement d''un chasseur de char lourd sur la base du char lourd IS-7 commencé en 1950. Trois projets de conceptions ont été développés, dont l''un a conduit à un prototype taille-réelle en bois. Le développement a cependant été interrompu en raison de l''abandon de la production en masse de l''IS-7.', 'Normal', '60.010', '62.500', 'credit', 55, 5, 1, 1, 2, 0, 1900, 1250, 80, 50, '4', 6100000, 'credit', 'X', 10, 1),
(85, '2014-11-07 09:46:29', 'SU-18', 'Une pièce d''artillerie automoteur sur la base du châssis du MS. Ce modèle n''existe qu''à l''état de plans de construction sans qu''aucun prototype n''ait été mis au point. Il n''a jamais été produit.', 'Normal', '5.400', '6.000', 'credit', 22, 2, 1, 0, 0, 0, 70, 16, 16, 16, '5', 3550, 'credit', 'II', 2, 1),
(86, '2014-11-23 21:34:35', 'SU-26', 'Un canon automoteur sur le châssis du T-26 produit à Leningrad vers la fin de 1941, avec un total de 12 ou 14 véhicules construits dont trois sont restés en service jusqu''en 1944.', 'Normal', '8.100', '8.200', 'credit', 30, 5, 1, 1, 1, 1, 110, 15, 15, 15, '5', 53000, 'credit', 'III', 3, 1),
(87, '2014-11-23 22:14:41', 'SU-5', 'Canon automoteur léger "petit triplex" conçu et mis à l''essai en 1934, il a même participé à un défilé sur la Place Rouge. Il n''est cependant jamais entré en production en série.', 'Normal', '10.300', '10.490', 'credit', 30, 5, 1, 1, 2, 0, 160, 15, 15, 15, '5', 147000, 'credit', 'IV', 4, 1),
(88, '2014-11-23 22:53:00', 'SU-122A', 'Un projet d''artillerie de 122-mm sur la base du SU-76. Aucun protoype n''a été construit.', 'Normal', '10.000', '11.000', 'credit', 30, 4, 1, 1, 1, 0, 210, 25, 15, 15, '5', 385000, 'credit', 'V', 5, 1),
(89, '2014-11-24 19:56:06', 'SU-8', 'Un canon automoteur "Moyen Triplex". Le développement a commencé en 1934 et a repris après une pause en 1939. Il n''a jamais été produit en masse.', 'Normal', '21.780', '21.800', 'credit', 48, 6, 1, 2, 2, 0, 270, 30, 20, 20, '5', 932000, 'credit', 'VI', 6, 1),
(90, '2014-11-24 20:04:04', 'S-51', 'Développé par le Bureau central Grabin d''études de l''Artillerie à l''automne de 1943. Le S-51 a passé avec succès les essais au printemps de 1944 mais n''a jamais été produit en masse.', 'Normal', '50.220', '52.000', 'credit', 30, 6, 1, 2, 2, 0, 350, 60, 60, 60, '5', 1400000, 'credit', 'VII', 7, 1),
(91, '2014-11-24 20:08:52', 'SU-14-1', 'Développé sur al base du SU-14. En 1936, un prototype a été construit et essayé. En 1937, le superviseur du projet fut renvoyé et le projet annulé. Le prototype a été envoyé à Kubinka pour entreposage. En 1941, lors de la Bataille de Moscou, le SU-14-1 fut utilisé pour un bombardement longue portée.', 'Normal', '45.250', '48.700', 'credit', 30, 6, 1, 2, 2, 0, 350, 20, 20, 10, '5', 1370000, 'credit', 'VII', 7, 1),
(92, '2014-11-24 20:10:24', 'SU-14-2', 'Un canon automoteur "Triplex Lourd à Usage Spécial" développé de 1932 à 1937 avec deux prototypes modernisés en 1940. Ce véhicule n''a jamais été produit en masse.', 'Normal', '63.990', '64.000', 'credit', 30, 6, 1, 2, 2, 0, 410, 50, 30, 20, '5', 2720000, 'credit', 'VIII', 8, 1),
(93, '2014-11-24 20:12:26', '212A', 'Développé en 1939 dans le Bureau de Développement Spécial de l''usine Kirov, sous le commandement de J.Kotin sur la base des véhicules KV et SMK. Aucun prototype de développement n''ayant été construit, le véhicule ne fut jamais en service.', 'Normal', '54.860', '55.500', 'credit', 35, 6, 1, 1, 2, 1, 460, 60, 60, 60, '5', 3700000, 'credit', 'IX', 9, 1),
(94, '2014-11-24 20:14:16', 'Object 261', 'Développé sur la base de l''IS-7 pour les bureaux de conception des usines Kirov de Tcheliabinsk et Leningrad. Le développement a démarré en 1947, mais a été suspendu à la phase de conception.', 'Normal', '59.100', '62.200', 'credit', 50, 5, 1, 1, 2, 0, 510, 75, 50, 30, '5', 6100000, 'credit', 'X', 10, 1),
(95, '2014-11-24 20:34:47', 'Leichttraktor', 'Entre 1930 et 1934 quatre prototypes furent produits avec des différences entre leurs armements, l''équipage, le poids ou les suspensions.', 'Normal', '7.500', '9.200', 'credit', 36, 3, 1, 0, 1, 0, 110, 14, 12, 12, '1', 0, 'credit', 'I', 1, 2),
(96, '2014-11-24 20:46:06', 'Pz.Kpfw. 35 (t)', 'Produit de 1935 à 1938 en Tchécoslovaquie. 202 de ces véhicules ont été réquisitionnés en 1938 et ont été utilisés pendant trois ans par la Wehrmacht.', 'Normal', '10.300', '11.000', 'credit', 35, 3, 1, 0, 0, 1, 150, 25, 16, 16, '1', 3600, 'credit', 'II', 2, 2),
(97, '2014-11-24 20:52:00', 'Pz.Kpfw. I', 'Le Pz I Ausf. A a été le premier char allemand produit en masse. En 1935, le concept reçut une amélioration, incluant un allongement du châssis et un moteur plus puissant. La production en masse de cette version, le Pz I Ausf. B, comptabilisa un total de 675 chars. L''armement standard était faible, mais certains chars furent améliorés par l''installation de canons de 20 mm.', 'Normal', '5.580', '5.800', 'credit', 40, 2, 1, 0, 0, 0, 1, 13, 13, 13, '1', 3600, 'credit', 'II', 2, 2),
(98, '2014-11-24 20:56:26', 'Pz.Kpfw. 38H 735 (f)', 'En mai 1940, l''armée française avait plus de 800 véhicules de ce type, dont la plupart furent capturés et largement utilisés par la Wehrmacht pour compléter les troupes existantes.', 'Event', '10.570', '14.500', 'or', 37, 2, 1, 0, 0, 0, 160, 40, 40, 40, '1', 0, 'or', 'II', 2, 2),
(99, '2014-11-24 21:02:38', 'Pz.Kpfw. 38 (t)', 'Ce char a été développé pour l''armée Tchécoslovaque. Toutefois, il a été principalement produit pour l''Allemagne de 1939 à 1942, avec une production totale de 1.411 véhicules.', 'Normal', '9.340', '9.900', 'credit', 42, 4, 1, 0, 1, 1, 200, 25, 15, 15, '1', 33000, 'credit', 'III', 3, 2),
(100, '2014-11-27 21:52:51', 'Pz.Kpfw. III Ausf. A', 'Produit en 1937, avec seulement 10 véhicules terminés. Le projet a été abandonné en raison d''une faible suspension et blindage du prototype.', 'Normal', '14.650', '15.450', 'credit', 68, 5, 1, 1, 1, 1, 200, 14, 14, 14, '2', 35000, 'credit', 'III', 3, 2),
(101, '2014-11-24 22:41:44', 'Pz.Kpfw. I Ausf. C', 'La commande initiale de ce char a été réalisée en 1939. Il était conçu à l''origine comme char rapide de reconnaissance pour les unités aériennes. La production en série a commencé début 1942. Deux véhicules furent déployés avec la 1st Panzer Division début 1943. 38 autres véhicules furent déployés dans le 58ème corps de chars de réserve durant l''été 1944.', 'Normal', '7.640', '8.000', 'credit', 79, 2, 1, 0, 0, 0, 210, 30, 20, 20, '1', 45800, 'credit', 'III', 3, 2),
(102, '2014-11-25 21:34:25', 'Pz.Kpfw. II Ausf. G', 'Le 18 juin 1938, MAN et Daimler-Benz reçurent la commande initiale de 75 chars Pz II Ausf. G. Un prototype a été fabriqué en 1939. Le véhicule a été produit en série d''avril 1941 à février 1942, avec un total de seulement 12 chars construits.', 'Normal', '10.450', '10.700', 'credit', 65, 3, 1, 0, 0, 1, 220, 30, 20, 14, '1', 39700, 'credit', 'III', 3, 2),
(103, '2014-11-25 21:54:07', 'Pz.Kpfw. II Ausf. J', 'Produit d''avril à décembre 1942, un total de 22 véhicules furent construits. Conçu comme une version modernisée du PzKpfw II Ausf G avec une armure renforcée.', 'Event', '17.890', '18.850', 'or', 31, 3, 1, 0, 1, 0, 260, 80, 50, 50, '1', 0, 'credit', 'III', 3, 2),
(104, '2014-11-25 22:28:30', 'T-15', 'Ce char léger expérimental a été développé dans les usines Skoda entre 1941 et 1943, avec un total de 5 prototypes construits. Le véhicule n''a jamais été produit en série, ni vu en service.', 'Boutique', '10.490', '12.200', 'or', 60, 4, 1, 0, 1, 1, 260, 1, 1, 1, '1', 900, 'or', 'III', 3, 2),
(105, '2014-11-25 23:47:33', 'Pz.Kpfw. II Luchs', 'Produit de Septembre 1943 à Janvier 1944, avec un total de 100 véhicules complétés. Quatre chars de plus furent reconstruits à partir des prototypes. Ce char resta en service jusqu''à la fin de la Seconde Guerre mondiale.', 'Normal', '11.700', '12.500', 'credit', 60, 5, 1, 0, 1, 1, 310, 30, 20, 20, '1', 155000, 'credit', 'IV', 4, 2),
(106, '2014-11-25 23:19:07', 'Pz.Kpfw. 38 (t) n.A.', 'Développé à partir du châssis du PzKpfw 38 (t) en automne 1939. Le nouveau prototype utilisait largement la technique de soudure. Le moteur de 250 chevaux permettait d''accélérer jusqu''à la vitesse maximale de 62 km/h. Ce véhicule n''a jamais été produit en série.', 'Normal', '10.860', '11.900', 'credit', 62, 4, 1, 0, 1, 1, 300, 50, 25, 10, '1', 145000, 'credit', 'IV', 4, 2),
(107, '2014-11-25 23:50:32', 'VK 16.02 Leopard', 'Conçu fin 1942, la production de série était prévue pour commencer en avril 1943, mais le projet fut abandonné avant la construction du premier prototype.', 'Normal', '21.240', '21.900', 'credit', 60, 5, 1, 0, 1, 1, 440, 50, 30, 30, '1', 355000, 'credit', 'V', 5, 2),
(108, '2014-11-25 23:58:50', 'VK 28.01', 'Ce véhicule a été conçu pour devenir le char léger standard de la Panzerwaffe, également comme base pour des chars anti-aériens ou encore des véhicules capable de rouler sur n''importe quel terrain et voies ferrées. N''a jamais dépassé le stade de la planche à dessin.', 'Normal', '25.060', '26.500', 'credit', 68, 5, 1, 1, 1, 1, 550, 50, 30, 30, '1', 945000, 'credit', 'VI', 6, 2),
(109, '2014-11-27 20:32:12', 'Aufklarungspanzer Panther', 'Projet de véhicule lourd de reconnaissance. Les plans prévoyaient d''utiliser le châssis du Panther pour faciliter la production en série. Le véhicule devait comporter une tourelle de Leopard avec un canon pas plus long que le châssis du char, afin de garantir la maniabilité en forêt. Aucune prototype n''a été produit.', 'Normal', '37.670', '40.000', 'credit', 60, 5, 1, 1, 1, 1, 850, 85, 50, 40, '1', 1360000, 'credit', 'VII', 7, 2),
(110, '2014-11-29 11:04:42', 'Pz.Kpfw. S35 739 (f)', 'Une partie des 400 chars français ont été capturés par les Allemands et furent utilisés pour l''entraînement et sur les fronts secondaires.', 'Boutique', '19.250', '21.300', 'or', 37, 3, 1, 0, 0, 1, 260, 36, 35, 25, '2', 1000, 'or', 'III', 3, 2),
(111, '2014-11-28 23:23:39', 'Pz.Kpfw. III', 'Ce tank fut équipé d''un châssis "classique" à partir du modèle Ausführung E. Produit à partir de décembre 1938 à février 1943, avec une production totale de 4.958 véhicules et 321 véhicules de commandement.', 'Normal', '18.050', '19.250', 'credit', 64, 5, 1, 1, 1, 1, 310, 70, 30, 50, '2', 138000, 'credit', 'IV', 4, 2),
(112, '2014-11-28 23:29:08', 'VK 20.01 (D)', 'Prototype de char moyen développé par Daimler-Benz de 1939 à 1941. Le nouveau véhicule devait devenir le nouveau char moyen standard de la Wehrmacht. Le prototype a été déployé sur le front de l''Est. Les essais en combat ont révélés de nombreuses fautes sérieuses. En 1941, le char fut considéré comme obsolète, et le projet fut annulé.', 'Normal', '21.900', '22.500', 'credit', 50, 5, 1, 1, 1, 1, 310, 50, 40, 30, '2', 157000, 'credit', 'IV', 4, 2),
(113, '2014-11-28 23:53:23', 'Pz.Kpfw. IV Ausf. H', 'Cette version "H" a été développée en 1942 et fut la version du Pz. IV la plus massivement fabriquée. Elle a été produite pendant un moment parallèlement à la version Ausf. G. Un total de 3 774 chars de la version H ont été fabriqués.', 'Normal', '1.000', '1.000', 'credit', 40, 5, 1, 1, 1, 1, 440, 80, 30, 20, '2', 373000, 'credit', 'V', 5, 2),
(114, '2014-11-28 23:44:41', 'Pz.Kpfw. III/IV', 'Représente une tentative d''intégrer le développement du Pz III et du Pz IV. Seuls les plans ont été élaborés.', 'Normal', '23.820', '24.950', 'credit', 55, 5, 1, 1, 1, 1, 380, 60, 60, 40, '2', 315000, 'credit', 'V', 5, 2),
(115, '2014-11-29 00:05:27', 'T-25', 'Ce véhicule a été développé par la société Skoda pour le programme de développement de chars initié par Heer (forces de l''armée de terre). N''a jamais dépassé le stade de la planche à dessin.', 'Boutique', '19.850', '23.500', 'or', 60, 5, 1, 1, 1, 1, 610, 50, 45, 20, '2', 1500, 'or', 'V', 5, 2),
(116, '2014-11-29 00:08:31', 'VK 30.01 (P)', 'Deux prototypes ont été construits sur le châssis Porsche entre 1940 et 1941, mais le véhicule n''a jamais été produit en série.', 'Normal', '35.540', '36.600', 'credit', 60, 5, 1, 1, 1, 1, 610, 75, 60, 40, '2', 920000, 'credit', 'VI', 6, 2),
(117, '2014-10-07 04:57:26', 'VK 30.01 (D)', '', 'Normal', '33.450', '33.000', 'credit', 56, 5, 1, 1, 1, 1, 770, 60, 40, 50, '2', 910000, 'credit', 'VI', 6, 2),
(118, '2014-11-29 00:27:10', 'VK 30.02 (M)', 'Un char moyen développé par la compagnie MAN et conçu comme char de 30 tonnes. En même temps, la compagnie Daimler-Benz a développé un projet rival. le 13 mai 1942, les deux projets furent soumis au Ministère des Armements de la production de guerre. Le concept MAN fut préféré, et le char entra finalement en service comme PzKpfw V Panther.', 'Normal', '1.000', '1.000', 'credit', 1, 1, 1, 1, 1, 1, 1, 1, 1, 1, '2', 1, 'credit', 'VI', 6, 2),
(119, '2014-11-29 00:27:59', 'Pz.Kpfw. V/IV', 'Un seul prototype exista. La tourelle du PzKpfw IV a été montée comme un élément fixe sur la caisse du Panther pour des essais.', 'Normal', '1.000', '1.000', 'credit', 1, 1, 1, 1, 1, 1, 1, 1, 1, 1, '2', 1, 'credit', 'VI', 6, 2),
(121, '2014-11-29 11:14:37', 'Pz.Kpfw. IV Schmalturm', 'En Novembre 1944, la société Krupp a présenté plusieurs avant-projets visant à améliorer l''armement des chars et chasseurs de chars en service. Parmi eux se trouvait un projet d''installation de la tourelle Schmalturm du Panther (tourelle étroite) sur le Pz IV Ausf. J. Le projet a été annulé en raison de l''arrêt progressif de la production des Pz IV.', 'Boutique', '29.890', '32.000', 'or', 48, 5, 1, 1, 1, 1, 730, 80, 30, 20, '2', 3750, 'credit', 'VI', 6, 2),
(122, '2014-11-29 11:24:13', 'Panther', 'Ce char célèbre fut produit de janvier 1943 à avril 1945, avec un total de 5 796 véhicules construits, à l''exception de huit chars sur le châssis de la série F.', 'Normal', '44.450', '45.000', 'credit', 55, 5, 1, 1, 1, 1, 1200, 85, 50, 40, '2', 1380000, 'credit', 'VII', 7, 2),
(123, '2014-11-29 11:28:16', 'VK 30.02 (D)', 'Conçu comme une réponse à et sous l''influence du T-34 soviétique, l''ordre de production de 200 véhicules a été annulé en raison du développement du Panther.', 'Normal', '37.290', '39.000', 'credit', 56, 5, 1, 1, 1, 1, 1150, 80, 45, 50, '2', 1369000, 'credit', 'VII', 7, 2),
(124, '2014-11-29 12:05:06', 'Panther/M10', 'Au cours de l''Offensive des Ardennes, plusieurs Panthers assignés à la Panzer Brigade 150 ont été déguisés en chasseur de char M10 Wolverine. Il s''agissait d''une partie d''une opération majeure visant à semer la confusion à l''arrière des lignes alliées. En février 1945, les Panthers déguisés ont rencontrés le 120ème régiment d''infanterie (USA). Un véhicule a été détruit, trois autres capturés.', 'Boutique', '45.960', '49.000', 'or', 46, 5, 1, 1, 1, 1, 1300, 85, 50, 40, '2', 5750, 'or', 'VII', 7, 2),
(125, '2014-11-29 12:07:46', 'Panther II', 'Les premiers plans de construction de ce véhicule apparurent en 1943. Deux prototypes avec la tourelle du Panther I furent commandés en 1944. En 1945, un seul fut construit par la société MAN.', 'Normal', '52.410', '53.000', 'credit', 55, 5, 1, 1, 1, 1, 1400, 100, 60, 40, '2', 2390000, 'credit', 'VIII', 8, 2),
(126, '2014-11-29 12:15:26', 'Indien-Panzer', 'Le projet a été développé comme char moyen pour l''Armée Indienne. Le travail sur ce projet a été mené par Porsche, Daimler-Benz, et Zahnradfabrik AG de Friedrichshafen. Cependant, le véhicule fut considéré comme trop compliqué pour être produit en Inde, et le projet fut annulé.', 'Normal', '39.870', '40.000', 'credit', 50, 4, 1, 1, 1, 0, 1300, 90, 90, 45, '2', 2420000, 'credit', 'VIII', 8, 2),
(127, '2014-11-29 12:27:18', 'E-50', 'En 1945, le E-50 a été conçu pour devenir le char moyen standard pour la Panzerwaffe afin de remplacer les Panther et Panther II. N''a jamais dépassé le stade de la planche à dessin.', 'Normal', '59.180', '60.000', 'credit', 60, 5, 1, 1, 1, 1, 1650, 150, 80, 80, '2', 3450000, 'credit', 'IX', 9, 2),
(128, '2014-11-29 12:29:01', 'Leopard Prototyp A', 'Prototype développé de 1960 à 1961 comme char moyen pour la Bundeswehr, avec un total de 26 prototypes fabriqués. Les prototypes ont été testés jusqu''en 1963. Le véhicule était le prédécesseur du char moyen Léopard.', 'Normal', '39.170', '39.500', 'credit', 65, 4, 1, 1, 1, 0, 1550, 70, 35, 25, '2', 3450000, 'credit', 'IX', 9, 2),
(129, '2014-11-29 12:35:12', 'E-50 Ausf. M', 'L''armée allemande a exigé que les chars de série E aient une transmission située à l''arrière du châssis. Cependant, les chars E-50 et E-75 utilisaient l''ensemble moteur-transmission du Tigre II, rendant un placement de la transmission à l''arrière impossible. Le char E-50 Ausf. M était une refonte du projet E-50 avec une transmission placée à l''arrière.', 'Normal', '62.310', '67.000', 'credit', 60, 5, 1, 1, 1, 1, 2050, 150, 80, 80, '2', 6100000, 'credit', 'X', 10, 2),
(130, '2014-11-29 12:37:05', 'Leopard 1', 'Char de combat principal de la République Fédérale d''Allemagne. Le développement a débuté en 1956. Les premiers prototypes ont été fabriqués en 1965 à l''usine Krauss-Maffei. Le Léopard 1 a été mis en service dans plus de 10 pays.', 'Normal', '40.000', '42.000', 'credit', 65, 4, 1, 1, 1, 0, 1950, 75, 35, 25, '2', 6100000, 'credit', 'X', 10, 2),
(131, '2014-11-29 21:29:21', 'Durchbruchswagen 2', 'Prototype d''un char lourd, développé par la compagnie Henschel und Sohn. Le prototype a été fabriqué en 1938. En septembre 1939, le projet VK 30.01 lui fut préféré, et le programme DW fut abandonné. Cependant, les prototypes du DW I et DW II ont été utilisés dans divers essais jusqu''en 1941.', 'Normal', '29.930', '30.000', 'credit', 1, 5, 1, 1, 1, 1, 380, 50, 50, 50, '3', 170000, 'credit', 'IV', 4, 2),
(132, '2014-10-12 22:03:02', 'Pz.Kpfw. B2 740 (f)', 'Après la modernisation, une partie de la production totale de 365 véhicules fut utilisée par l''Allemagne, mais seulement sur les fronts secondaires.', 'Event', '29.350', '33.000', 'or', 30, 4, 1, 0, 0, 2, 340, 60, 60, 55, '3', 1, 'or', 'IV', 4, 2),
(133, '2014-11-29 22:05:35', 'VK 30.01 (H)', 'Un prototype basé sur la caisse du Henschel avec quatre châssis produits pour ce modèle de mars à octobre 1941. La société Krupp produisit 12 tourelles pour ce véhicule.', 'Normal', '32.000', '33.000', 'credit', 35, 5, 1, 1, 1, 1, 600, 50, 50, 50, '3', 410000, 'credit', 'V', 5, 2),
(134, '2014-11-29 22:36:55', 'VK 36.01 (H)', 'Six châssis et un prototype de ce véhicule furent produits début 1942. Il n''est jamais passé en production en raison de problèmes avec le développement de la tourelle conique.', 'Normal', '41.380', '41.500', 'credit', 50, 5, 1, 1, 1, 1, 850, 100, 60, 60, '3', 935000, 'credit', 'VI', 6, 2),
(135, '2014-11-29 22:47:39', 'Pz.Kpfw. VI Tiger', 'Le développement a débuté en 1937 par la compagnie Henschel. Il est entré en production en série en 1942, avec un total de 1354 véhicules fabriqués. Il a été vu en combat pour la première fois dans les batailles de Leningrad. Il a pris part à des actions en Tunisie et dans la bataille de Koursk. Bien que sa production a été arrêtée pendant l''été 1944, le Tiger I a été utilisé jusqu''à la fin de la guerre.', 'Normal', '55.540', '57.000', 'credit', 40, 5, 1, 1, 1, 1, 1400, 100, 80, 80, '3', 1390000, 'credit', 'VII', 7, 2),
(136, '2014-11-29 22:54:01', 'Pz.Kpfw. VI Tiger (P)', 'Le travail sur le VK4501(P) a débuté en avril 1942. Le prototype a été développé immédiatement, et est entré en phase de production sans aucun essai. En août, la production a été interrompue, avec un total de cinq véhicules produits.', 'Normal', '59.780', '60.500', 'credit', 35, 51, 1, 1, 1, 1, 1350, 200, 80, 80, '3', 1395000, 'credit', 'VII', 7, 2),
(137, '2014-11-29 23:48:50', 'Pz.Kpfw. Tiger II', 'Aussi connu sous le nom de Tigre Royal. Il a été produit de janvier 1944 jusqu''à mars 1945, avec un total de 489 véhicules construits.', 'Normal', '68.050', '69.700', 'credit', 38, 5, 1, 1, 1, 1, 1500, 150, 150, 80, '3', 2450000, 'credit', 'VIII', 8, 2);
INSERT INTO `tank` (`id`, `datemiseajour`, `nom`, `Description`, `premium`, `poids_chassis`, `limite_charge`, `monaie`, `vitesse_max`, `Nombre_equipage`, `Nombre_pilote`, `Nombre_tireur`, `Nombre_chargeur`, `Nombre_operateur_radio`, `hp_base`, `Blindage_avant`, `Blindage_flanc`, `Blindage_arriere`, `type_char`, `prix`, `type_credit`, `tier_latin`, `tier_chiffre`, `pays_id`) VALUES
(138, '2014-12-01 20:17:24', 'VK 45.02 (P) Ausf. A', 'Le développement de ce véhicule a commencé en avril 1942. La compagnie Krupp a reçu une commande pour la construction des tourelles. Cependant, le prototype n''a jamais été fabriqué. Les tourelles ont été montées sur les premiers Tigre II.', 'Normal', '53.570', '54.180', 'credit', 38, 5, 1, 1, 1, 1, 1470, 120, 80, 80, '3', 2435000, 'credit', 'VIII', 8, 2),
(139, '2014-12-01 20:14:22', 'Löwe', 'Un projet de char super lourd développé par la société Krupp. Plusieurs prototypes de configuration et d''armement divers ont été conçu, mais aucun prototype d''essai n''a jamais été construit. Le véhicule n''a jamais été mis à l''essai.', 'Boutique', '90.000', '99.850', 'credit', 35, 5, 1, 1, 1, 1, 1650, 120, 100, 80, '3', 12500, 'credit', 'VIII', 8, 2),
(140, '2014-12-01 20:20:12', 'VK 45.02 (P) Ausf. B', 'Deux prototypes de ce véhicule (l''un avec une tourelle montée à l''avant, l''autre à l''arrière) furent conçus par Ferdinand Porsche, mais il n''entra jamais en production.', 'Normal', '72.500', '75.500', 'credit', 30, 5, 1, 1, 1, 1, 1850, 200, 100, 100, '3', 3598000, 'credit', 'IX', 9, 2),
(141, '2014-12-01 20:22:39', 'E-75', 'En 1945, le E-75 a été conçu pour devenir le char lourd standard pour la Panzerwaffe afin de remplacer le Tigre II. N''a jamais dépassé le stade de la planche à dessin.', 'Normal', '85.000', '88.000', 'credit', 401, 5, 1, 1, 1, 1, 1820, 160, 120, 120, '3', 3480000, 'credit', 'IX', 9, 2),
(142, '2014-12-01 21:39:06', 'Maus', 'Développé de juin 1942 à juillet 1944, deux prototypes furent réalisés, mais un seul reçu une tourelle et un armement.', 'Normal', '188.980', '192.900', 'credit', 20, 6, 1, 1, 2, 1, 3000, 200, 185, 160, '3', 6100000, 'credit', 'X', 10, 2),
(143, '2014-12-01 21:48:37', 'E-100', 'En juin 1943, la compagnie Adlerwerke reçoit une commande pour le développement de la série E-100. Cependant, en 1944, le développement des chars lourds a été interrompu. À la fin de la guerre, seul le châssis avait été achevé, lequel a été capturé par l''armée anglaise plus tard.', 'Normal', '192.900', '150.000', 'credit', 30, 6, 1, 1, 1, 2, 2700, 200, 120, 150, '3', 6100000, 'credit', 'X', 10, 2),
(144, '2014-12-01 21:50:20', 'VK 72.01 (K)', 'Un char super lourd avec un placement à l''arrière de la tourelle. Développé par la compagnie Krupp. Un nouveau véhicule devait avoir un meilleur armement et un blindage amélioré comparé au VK70.01. N''a jamais passé le stade de la planche à dessin.', 'Event', '120.000', '130.000', 'or', 431, 5, 1, 1, 1, 1, 2500, 200, 160, 120, '3', 0, 'or', 'X', 10, 2),
(145, '2014-12-07 00:59:24', 'Panzerjager I', 'Reconstruit à partir du PzKpfw I de mars 1940 à février 1941, pour une production totale de 202 véhicules. Utilisé jusqu''à fin 1941.', 'Normal', '6.010', '6.400', 'credit', 40, 3, 1, 1, 0, 0, 120, 14, 14, 13, '4', 3200, 'credit', 'II', 2, 2),
(146, '2014-12-07 01:00:10', 'Marder II', 'Utilisé sur tous les fronts de 1942 jusqu''à la fin de la Seconde Guerre mondiale, avec 576 véhicules construits entre juin 1942 et juin 1943, et 75 véhicules reconstruits à partir de PzKpfw II en 1944.', 'Normal', '10.980', '11.000', 'credit', 40, 3, 1, 1, 0, 0, 165, 35, 14, 14, '4', 42000, 'credit', 'III', 3, 2),
(147, '2014-12-07 01:00:25', 'Hetzer', 'Un chasseur de chars léger à faible profil conçu selon les spécifications du Général Guderian. Produit d''avril 1944 à mai 1945. Un total de 2 584 de ces véhicules furent fabriqués.', 'Normal', '16.170', '16.800', 'credit', 1, 4, 1, 1, 1, 0, 270, 60, 20, 8, '4', 127000, 'credit', 'IV', 4, 2),
(148, '2014-12-07 01:00:35', 'Marder 38T', 'Un chasseur de chars développé sur la base du char PzKpfw 38 (t). Il pouvait y être monté un canon PaK 40 ou Pak 36(r) dans une cabine ouverte en haut et à l''arrière. Le véhicule est entré en service fin 1942. Ce chasseur de chars a été produit en série jusque milieu 1944 et a combattu jusqu''à la fin de la guerre.', 'Normal', '10.790', '10.800', 'credit', 47, 4, 1, 0, 1, 1, 270, 50, 15, 15, '4', 125000, 'credit', 'IV', 4, 2),
(149, '2014-12-07 01:03:01', 'StuG III Ausf. G', 'Ce véhicule a vu le combat pour la première fois en France en 1940. Il a été produit sur la base du char Pz.Kpfw. III dans différentes variantes jusqu''en 1945. En 1944, 9 346 de ces canons automoteurs avaient détruit 20 000 véhicules ennemis. Certains véhicules sont restés en opération jusqu''en 1967 et ont même été déployés pendant la guerre des Six Jours par certains pays du monde arabe contre Israël.', 'Normal', '22.680', '22.940', 'credit', 40, 4, 1, 1, 1, 0, 350, 80, 30, 50, '4', 422000, 'credit', 'V', 5, 2),
(150, '2014-12-07 01:02:28', 'Pz.Sfl. IVc', 'Proposition d''un véhicule anti-aérien possédant le canon anti-aérien de 88-mm. Le développement a débuté en Allemagne en 1941. Le véhicule était basé sur le châssis du Pz.Sfl.IVc. Les exigences opérationnelles pour le véhicule ont constamment changé, et le canon FlaK 41 a été installé sur le châssis seulement en 1944. Le véhicule deviendra la base de variantes avec d''autres possibilités d''armement. Seuls trois prototypes ont été construits.', 'Normal', '22.350', '26.000', 'credit', 1, 6, 1, 2, 2, 0, 350, 20, 14, 14, '4', 380000, 'credit', 'V', 5, 2),
(151, '2014-12-07 01:04:20', 'JagdPz IV', 'Produit de janvier 1944 à mars 1945, avec une production totale de 1 699 véhicules de ce type. Largement utilisé sur tous les fronts.', 'Normal', '24.150', '24.200', 'credit', 40, 4, 1, 1, 1, 0, 600, 80, 40, 20, '4', 910500, 'credit', 'VI', 6, 2),
(152, '2014-12-07 01:04:45', 'Nashorn', 'Nommé le Hornisse ("Frelon") jusqu''en 1944. Il a été produit sur le même châssis que l''artillerie lourde Hummel. Le véhicule a vu le combat pour la première fois sur le Front de l''Est durant l''été 1943. Un total de 494 véhicules ont été produits.', 'Normal', '23.130', '24.000', 'credit', 40, 5, 1, 1, 1, 1, 600, 30, 20, 20, '4', 905000, 'credit', 'VI', 6, 2),
(153, '2014-12-07 01:03:38', 'Dicker MaX', 'Initialement, le véhicule était destiné à détruire des bunkers. Deux prototypes ont été réalisés au printemps 1941. Plus tard, le véhicule a été redésigné comme chasseur de char lourd. Les prototypes ont combattu sur le front de l''Est. le Dicker max n''a jamais été produit en masse.', 'Normal', '25.040', '27.000', 'or', 40, 5, 1, 1, 1, 1, 550, 50, 20, 20, '4', 3200, 'or', 'VI', 6, 2),
(154, '2014-12-07 01:05:05', 'Jagdpanther', 'Le développement de ce chasseur de chars, basé sur le châssis du nouveau char VK 30.02 (MAN), a débuté en 1942. En octobre 1943, les essais du prototype ont débutés. Un total de 392 véhicules a été fabriqué.', 'Normal', '44.330', '45.500', 'credit', 55, 5, 1, 1, 1, 1, 850, 80, 50, 40, '4', 1345000, 'credit', 'VII', 7, 2),
(155, '2014-12-07 01:05:16', 'Sturer Emil ', 'Chasseur expérimental développé sur le châssis du char lourd VK 30.01(H). Seuls deux prototypes ont été fabriqués. Ils ont combattu sur le Front de l''Est. Le chasseur de char a été nommé "Sturer Emil" (en français, "Emil le têtu") en raison de ses pannes fréquentes.', 'Normal', '33.480', '36.500', 'credit', 25, 5, 1, 1, 1, 1, 850, 50, 30, 30, '4', 1300000, 'credit', 'VII', 7, 2),
(156, '2014-12-07 01:04:54', 'E-25', 'Le développement du E-25 faisait partie du programme "E" supervisé par la Waffenprüfamt 6. Le E-25 était développé par la compagnie Argus (Karlsruhe, Allemagne) sous la supervision du Dr. Herman Klaue. Aucun prototype n''a été fabriqué.', 'Boutique', '26.300', '29.000', 'or', 65, 4, 1, 1, 1, 0, 830, 50, 30, 30, '4', 6700, 'credit', 'VII', 7, 2),
(157, '2014-12-07 01:48:10', 'Ferdinand', 'Développé sur le châssis du Porsche Tiger, un total de 90 véhicules ont été produits en avril-mai 1943, et servirent pour la première fois durant la bataille de Kursk (Opération Citadelle).', 'Normal', '65.900', '66.400', 'credit', 30, 6, 1, 1, 2, 1, 1200, 200, 80, 80, '4', 2570000, 'credit', 'VIII', 8, 2),
(158, '2014-12-07 01:45:45', 'Jagdpanther II', 'Développé sur la base du Panther II. Le véhicule devait être équipé d''un canon de 128 mm, avec la cabine située à l''arrière. N''a jamais dépassé le stade de la planche à dessin.', 'Normal', '51.730', '53.000', 'credit', 55, 5, 1, 1, 1, 1, 1150, 100, 60, 40, '4', 2570000, 'credit', 'VIII', 8, 2),
(159, '2014-12-07 01:43:22', 'Rhm.-Borsig Waffentrager', 'Développé par la compagnie Rhenmetall-Borsig et conçu comme transporteur d''artillerie spécial. Le véhicule a été conçu pour transporter un système d''artillerie avec la possibilité de tirer depuis le châssis. Le véhicule avait la suspension du chasseur de chars Hetzer. Le développement a continué de fin 1942 au milieu de 1944. Le prochain a cependant été abandonné en faveur du projet Ardelt en raison de sa conception complexe, son coût élevé, et son poids excessif.', 'Normal', '20.630', '21.000', 'credit', 35, 4, 1, 1, 1, 0, 1100, 20, 10, 8, '4', 2440000, 'credit', 'VIII', 8, 2),
(160, '2014-12-07 01:50:15', '8,8 cm Pak 43 Jagdtiger', 'En 1945, la commande de Jagdtiger a augmentée, et l''approvisionnement en canons compatibles devint insuffisant. En conséquence, environ 20 véhicules ont été équipés du canon 8,8 cm PaK 43 L/71.', 'Boutique', '69.680', '74.850', 'or', 28, 6, 1, 1, 2, 1, 1300, 250, 80, 80, '4', 10000, 'or', 'VIII', 8, 2),
(161, '2014-12-07 01:41:44', 'Jagdtiger', 'Produit de juillet 1944 à la fin de la guerre, avec un total de presque 80 véhicules fabriqués. Utilisé principalement sur le front occidental.', 'Normal', '74.550', '75.000', 'credit', 38, 6, 1, 1, 2, 1, 1800, 250, 80, 80, '4', 3450000, 'credit', 'IX', 9, 2),
(162, '2014-12-07 01:35:47', 'Waffentrager auf Pz. IV', 'Chasseur de char développé en février 1944 sur la base du char PzIV. Le développement a été arrêté en faveur d''un véhicule similaire basé sur le Krupp Waffentrager 12.8 cm PaK 44 d''origine Tchèque. N''a jamais dépassé le stade de la planche à dessin.', 'Normal', '26.890', '27.000', 'credit', 38, 6, 1, 1, 2, 1, 1600, 80, 30, 20, '4', 3400000, 'credit', 'IX', 9, 2),
(163, '2014-12-07 01:15:23', 'JagdPz E-100', 'Le E-100 a été conçu comme base pour un canon automoteur, un véhicule anti-aérien, et un chasseur de chars. Cependant, le développement n''a jamais commencé.', 'Normal', '133.940', '150.000', 'credit', 30, 6, 1, 1, 2, 1, 2200, 200, 120, 150, '4', 6100000, 'credit', 'X', 10, 2),
(164, '2014-12-07 01:12:33', 'Waffentrager auf E 100', 'Une proposition visant à installer un canon anti-aérien de gros calibre sur le châssis du char E-100. Le véhicule pouvait utiliser un canon de 128 ou de 150 mm, avec un système de rechargement automatique. Toutefois, le projet de conception n''a jamais été développé.', 'Normal', '100.000', '150.000', 'credit', 40, 6, 1, 1, 2, 1, 2000, 200, 120, 150, '4', 6100000, 'credit', 'X', 10, 2),
(165, '2014-12-07 13:52:14', 'G.Pz. Mk. VI (e)', 'En 1940, les forces allemandes capturèrent environ vingt chars anglais Mk. VI. Les véhicules capturés furent utilisés à des fins d''entraînement jusqu''à l''automne 1942. En novembre, il a été décidé de développer une artillerie sur la base du Mk. VI capturé. En 1942, les modifications avec des obusiers de campagne de 105 et 150-mm furent développés. Toutes ces artilleries perdirent dans la défense de la France en été et automne 1944.', 'Normal', '6.490', '6.500', 'credit', 50, 4, 1, 1, 1, 0, 90, 22, 14, 14, '5', 3500, 'credit', 'II', 2, 2),
(166, '2014-12-07 13:53:48', 'Sturmpanzer I Bison', 'Un canon automoteur qui pouvait tirer à partir de l''enceinte blindée ou être retiré et faire feu du support normal. En février 1940, 38 véhicules furent convertis à partir du PzKpfw I.', 'Normal', '6.760', '7.000', 'credit', 40, 5, 1, 1, 2, 0, 130, 13, 13, 13, '5', 48500, 'credit', 'III', 3, 2),
(167, '2014-12-07 13:55:44', 'Wespe', 'Utilisé pour la première fois dans la bataille de Kursk (Opération Citadelle) et, plus tard utilisé sur tous les fronts. Fabriqué de février 1943 à juillet 1944, avec une production totale de 675 canons automoteurs et de 159 transporteurs de munitions.', 'Normal', '10.900', '11.000', 'credit', 40, 5, 1, 1, 2, 0, 130, 30, 14, 14, '5', 48000, 'credit', 'III', 3, 2),
(168, '2014-12-07 13:57:16', 'Sturmpanzer II', 'Prototype d''artillerie équipé d''un obusier de 105-mm. Développé en 1939 par la compagnie Krupp, un total de 8 prototypes ont été fabriqué et envoyé sur le front de l''Est pour essais. Cependant, l''artillerie n''a jamais été produite en série.', 'Normal', '15.900', '16.000', 'credit', 45, 5, 1, 1, 2, 0, 190, 30, 15, 14, '5', 156000, 'credit', 'IV', 4, 2),
(169, '2014-12-07 13:59:31', 'Pz.Sfl. IVb', 'Produit en novembre-décembre 1941, avec un total de seulement 12 véhicules construits. Ils participèrent aux combats en Afrique du Nord.', 'Normal', '17.810', '18.000', 'credit', 35, 4, 1, 1, 1, 0, 200, 20, 14, 14, '5', 1, 'credit', 'IV', 4, 2),
(170, '2014-12-07 14:01:23', 'Grille', 'Le Grille a été construit sur le châssis du PzKpfw 38(t) de 1943 à 1944 avec plusieurs interruptions dans la production et un total de 282 véhicules ont été fabriqués.', 'Normal', '11.390', '11.700', 'credit', 42, 4, 1, 1, 1, 0, 240, 15, 15, 10, '5', 400000, 'credit', 'V', 5, 2),
(171, '2014-12-07 14:03:35', 'Hummel', 'D''abord utilisé pour la première fois durant la bataille de Kursk (Opération Citadelle) et produit de 1943 à 1944. Un total de 666 véhicules ont été fabriqués.', 'Normal', '22.150', '23.000', 'credit', 42, 6, 1, 1, 2, 1, 300, 30, 10, 0, '5', 930000, 'credit', 'VI', 6, 2),
(172, '2014-12-07 14:09:42', 'G.W. Panther', 'Développé par la compagnie Krupp entre 1943 et 1944, un modèle de canon automoteur fut construit, mais aucun prototype ne fut jamais produit.', 'Normal', '29.610', '32.000', 'credit', 46, 5, 1, 1, 2, 0, 360, 50, 30, 20, '5', 1380000, 'credit', 'VII', 7, 2),
(173, '2014-12-07 14:11:03', 'G.W. Tiger (P)', 'Concept d''une artillerie lourde montée sur un châssis de Tiger Porsche allongé. Il est connu que Ferdinand Porsche prévoyait de développer cette artillerie ; cependant, le travail n''a jamais commencé.', 'Normal', '74.900', '75.000', 'credit', 35, 6, 1, 1, 2, 1, 440, 100, 80, 16, '5', 2650000, 'credit', 'VIII', 8, 2),
(174, '2014-12-07 14:12:35', 'G.W. Tiger', 'La décision de construire cette artillerie lourde fut prise en juin 1942. Les suspensions sur la base d''un Tiger II furent commandées en janvier 1943. Le premier prototype entra en phase de test vers la fin de la guerre. Ce véhicule n''a jamais été produit en série et n''est jamais entré en service.', 'Normal', '59.430', '60.000', 'credit', 45, 6, 1, 1, 2, 1, 500, 30, 16, 16, '5', 3600000, 'credit', 'IX', 9, 2),
(175, '2014-12-07 02:06:02', 'G.W. E 100', 'Le développement de ce canon automoteur lourd sur le châssis E-100 a débuté fin 1943, mais n''a pas été achevé. Aucun prototype n''a jamais été construit. Le véhicule n''a pas été mis à l''essai.', 'Normal', '6.490', '1.000', 'credit', 1, 1, 1, 1, 1, 1, 90, 1, 1, 1, '5', 1, 'credit', 'X', 10, 2),
(176, '2014-12-17 15:49:51', 'Renault FT', 'Le véhicule est entré en service en 1917, avec un total de 3177 véhicules fabriqués à la fin de la Première Guerre mondiale et 3800 véhicules produits en tout. Au début de la Seconde Guerre mondiale, 1560 véhicules étaient en service.', 'Normal', '4.690', '4.890', 'credit', 1, 2, 1, 0, 0, 0, 105, 16, 16, 16, '1', 0, 'credit', 'I', 1, 6),
(177, '2014-12-17 16:02:29', 'Hotchkiss H35', 'Char de support de la cavalerie. Développé en 1934. La production en série a débuté en 1935, avec un total de 400 véhicules fabriqués. en 1938, une nouvelle modification, le H38, est entrée en production. Environ 1000 véhicules H35/H38/H39 ont été produits.', 'Normal', '9.470', '9.600', 'credit', 27, 2, 1, 0, 0, 0, 160, 40, 40, 40, '1', 4200, 'credit', 'II', 2, 6),
(178, '2014-12-19 16:40:58', 'AMX 38', 'Développé en 1937 par la compagnie AMX sur la base du Renault R-40. Le véhicule avait une tourelle plus large que ses équivalents, et était équipé d''un moteur diesel. En 1940, deux véhicules étaient près pour les essais.', 'Normal', '15.960', '16.000', 'credit', 25, 2, 1, 0, 0, 0, 220, 60, 40, 40, '1', 41000, 'credit', 'III', 3, 6),
(179, '2014-12-17 16:01:55', 'D1', 'Le développement a débuté en 1929. La production en série a débutée en 1930, avec 160 véhicules fabriqués en 1935. Un total de 152 chars combattirent en France. 18 chars furent capturés par l''armée allemande et utilisés pour entraînement.', 'Normal', '11.370', '12.190', 'credit', 28, 3, 1, 0, 0, 1, 155, 30, 30, 30, '1', 3800, 'credit', 'II', 2, 6),
(180, '2014-12-19 16:59:53', 'AMX 40', 'Le développement a débuté en mars 1940. À la base, le véhicule devait avoir une propulsion à roues caterpillar. Les plans du véhicule ont été créés, mais en juillet 1940 le projet a été abandonné.', 'Normal', '20.180', '20.230', 'credit', 50, 3, 1, 1, 0, 0, 280, 70, 65, 40, '1', 147500, 'credit', 'IV', 4, 6),
(181, '2014-12-19 17:00:09', 'ELC AMX', 'En 1956, le ministère de la Défense français a lancé le projet de char ELC (Engin Léger de Combat) Le but était de créer un véhicule léger pouvant être aéroporté. Le prototype de l''ELC AMX présentait une silhouette basse et un emplacement de tourelle pour les deux membres d''équipage. Le véhicule n''a jamais été produit en série, ni n''est entré en service.', 'Normal', '6.660', '7.300', 'credit', 65, 2, 1, 0, 0, 0, 400, 14, 12, 10, '1', 315000, 'credit', 'V', 5, 6),
(182, '2014-12-19 17:00:25', 'AMX 12 t', 'La conception d''un char léger très rapide développé en 1946 mais qui n''a jamais été produit. Cependant, ce char est devenu la base du bien connu AMX 13.', 'Normal', '11.910', '12.350', 'credit', 60, 3, 1, 1, 0, 0, 600, 50, 20, 15, '1', 875000, 'credit', 'VI', 6, 6),
(183, '2014-12-19 17:01:06', 'AMX 13 90', 'Le développement a débuté en 1946. La production en série a été lancée en 1952. Les 2000 premiers véhicules étaient équipés avec des canons de 75 mm. Cependant, la puissance de feu a été améliorée plus tard en installant des canons de 90 mm.', 'Normal', '14.090', '15.610', 'credit', 64, 3, 1, 1, 0, 0, 1100, 40, 20, 15, '1', 2370000, 'credit', 'VIII', 8, 6),
(184, '2014-12-19 17:09:13', 'D2', 'Une modification ultérieure du char D1. Développé en 1934 par la compagnie Renault. Un total de 100 véhicules ont été fabriqués de 1936 à 1940. Les véhicules de la seconde série ont été désignés comme D2bis.', 'Normal', '19.180', '19.320', 'credit', 23, 3, 1, 0, 0, 1, 210, 40, 40, 40, '2', 42500, 'credit', 'III', 3, 6),
(185, '2014-12-19 17:01:48', 'Lorraine 40 t', 'Le seul prototype a été fabriqué en 1952. Le véhicule mettait en avant une suspension pneumatique et une tourelle oscillante. Il a passé les essais mais n''a jamais été produit en série.', 'Normal', '37.950', '38.800', 'credit', 60, 3, 1, 1, 0, 0, 1600, 40, 40, 25, '2', 3450000, 'credit', 'IX', 9, 6),
(186, '2014-12-19 17:02:02', 'Bat.-Châtillon 25 t', 'Ce char expérimental était un développement ultérieur de l''AMX 13. Le char a été mis à l''essai, mais jamais produit en série ni vu en service. Deux véhicules ont été fabriqués.', 'Normal', '24.480', '28.000', 'credit', 65, 3, 1, 1, 0, 0, 1800, 60, 40, 30, '2', 6100000, 'credit', 'X', 10, 6),
(187, '2014-12-19 17:08:28', 'B1', 'Le développement a débuté en 1921. Suite a des essais prolongés, le véhicule est entré en service qu''en 1934. Un total de 403 chars de deux versions différentes ont été construits de 1935 à 1940.', 'Normal', '29.230', '33.300', 'credit', 30, 4, 1, 1, 0, 1, 380, 60, 60, 55, '3', 185000, 'credit', 'IV', 4, 6),
(188, '2014-12-17 16:08:31', 'ARL 44', 'Char lourd développé sur la base du char d''avant-guerre B1-Bis pendant la Seconde Guerre mondiale. Une combinaison d''un châssis obsolète des années 1930 et d''une tourelle lourdement armée se révéla infructueuse. Un total de 60 véhicules ont été fabriqués depuis 1946.', 'Normal', '46.470', '46.960', 'credit', 37, 5, 1, 1, 1, 1, 780, 120, 50, 50, '3', 925000, 'credit', 'VI', 6, 6),
(189, '2014-12-17 16:10:02', 'BDR G1 B', 'Le projet d''un nouveau véhicule a été suggéré par les ingénieurs de la compagnie Baudet-Donon-Rousell en juin 1938. Cependant, le concept n''a jamais été développé.', 'Normal', '33.910', '34.000', 'credit', 30, 5, 1, 1, 1, 1, 600, 60, 40, 60, '3', 400000, 'credit', 'V', 5, 6),
(190, '2014-12-19 17:08:08', 'AMX 50 100', 'Le développement du char lourd a débuté en 1945 sous l''influence des traditions de fabrications de chars allemands. En 1950, un prototype équipé d''une tourelle oscillante et d''un canon de 100 mm a été fabriqué. Le véhicule n''a jamais été produit en série ni vu en service.', 'Normal', '49.100', '50.000', 'credit', 51, 4, 1, 1, 0, 1, 1400, 90, 35, 30, '3', 2552500, 'credit', 'VIII', 8, 6),
(191, '2014-12-17 16:10:56', 'FCM 50 t', 'Le développement a commencé en décembre 1945. Le véhicule a été conçu pour remplacer l''AMX 50t et combine certaines caractéristiques typiques de l''industrie de cavalerie française d''avant-guerre et certaines innovations allemandes. Le véhicule devait être équipé avec une remorque porte-conteneur supplémentaire, un équipement amphibie, et des rouleaux démineurs démontables.', 'Normal', '54.240', '57.500', 'credit', 51, 5, 1, 1, 1, 1, 1500, 120, 80, 80, '3', 11900, 'credit', 'VIII', 8, 6),
(192, '2014-12-17 16:11:10', 'AMX 50 120', 'Un prototype du char AMX-50. Développé au début des années 1950 sous l''influence des chars soviétiques IS-3 et T-10. Le char possédait un blindage renforcé et un canon de 120 mm dans la tourelle oscillante.', 'Normal', '59.200', '60.000', 'credit', 65, 5, 1, 1, 1, 1, 1750, 100, 80, 60, '3', 3565000, 'credit', 'IX', 9, 6),
(193, '2014-12-17 16:11:23', 'AMX 50 B', 'Char expérimental influencé par les constructions traditionnelles allemandes et françaises. Le véhicule a passé les essais avec succès mais n''a jamais été mis en service à cause de la standardisation OTAN.', 'Normal', '62.210', '68.000', 'credit', 65, 5, 1, 1, 1, 1, 2100, 170, 30, 30, '3', 6100000, 'credit', 'X', 10, 6),
(194, '2014-12-17 16:11:47', 'Renault FT AC', 'Le grand nombre de Renault FT dans l''Armée Française ont inspiré beaucoup de tentatives pour améliorer ces véhicules obsolètes. L''un des projets suggérait sa conversion en chasseur de char, mais cela n''a jamais été réalisé.', 'Normal', '4.560', '4.890', 'credit', 21, 5, 1, 1, 1, 1, 120, 16, 16, 16, '4', 3600, 'credit', 'II', 2, 6),
(195, '2014-12-17 16:13:18', 'Somua SAu 40', 'Un projet d''un chasseur de char sur la base du Somua S35. Un prototype a été construit.', 'Boutique', '24.090', '24.500', 'or', 37, 5, 1, 1, 1, 1, 280, 36, 35, 35, '4', 110000, 'or', 'IV', 4, 6),
(196, '2014-10-02 23:20:53', 'Renault UE 57', '', 'Normal', '1.000', '1.000', 'credit', 1, 1, 1, 1, 1, 1, 1, 1, 1, 1, '4', 1, 'credit', 'III', 3, 6),
(197, '2014-12-17 16:13:56', 'S35 CA', 'Le projet de conception proposait la conversions de chars en chasseurs de chars en installant un canon de 17-Pounder dans un cockpit ouvert légèrement blindé.', 'Normal', '19.610', '19.800', 'credit', 37, 5, 1, 1, 1, 1, 330, 56, 35, 35, '4', 403000, 'credit', 'V', 5, 6),
(198, '2014-10-02 23:21:00', 'S 35 CA', '', 'Normal', '1.000', '1.000', 'credit', 1, 1, 1, 1, 1, 1, 1, 1, 1, 1, '4', 1, 'credit', 'V', 5, 6),
(199, '2014-12-17 16:14:14', 'ARL V39', 'Un prototype de l''ARL 40. Le véhicule était prévu comme artillerie d''assaut. La production en série devait commencer en 1940, mais n''a jamais débuté en raison de l''occupation de la France.', 'Normal', '24.840', '25.000', 'credit', 42, 5, 1, 1, 1, 1, 610, 60, 40, 60, '4', 900000, 'credit', 'VI', 6, 6),
(200, '2014-12-17 16:14:28', 'AMX AC mle. 46', 'Le premier concept de projet d''un chasseur de chars lourd sur la base du M4. Le développement a débuté en 1946. La configuration du véhicule avait une forte ressemblance avec le Jagdpanther. N''a jamais dépassé le stade de la planche à dessin.', 'Normal', '49.520', '56.000', 'credit', 50, 5, 1, 1, 1, 1, 820, 120, 40, 40, '4', 1350000, 'credit', 'VII', 7, 6),
(201, '2014-12-17 16:14:45', 'AMX AC mle. 48', 'Un avant-projet d''un chasseur de chars sur la base de l''AMX 50. Développé en 1948. Le véhicule possédait une unité de tir rotative à l''arrière. N''a jamais dépassé le stade de la planche à dessin.', 'Normal', '49.720', '56.900', 'credit', 50, 5, 1, 1, 1, 1, 1000, 150, 40, 40, '4', 2570000, 'credit', 'VIII', 8, 6),
(202, '2014-12-17 16:15:20', 'AMX 50 Foch (155)', 'En 1952, avec le lancement du projet de char AMX-50-120, les français annulèrent le développement du chasseur de chars AMX-50 Foch. Un chasseur de char ayant le même canon de 120mm a été jugé inutile. Il y a eu des tentatives pour l''améliorer avec un canon de 155 mm, mais ces efforts ont été abandonnés quand la France prit des mesures pour adopter l''équipement standard de l''OTAN.', 'Normal', '57.600', '59.560', 'credit', 50, 5, 1, 1, 1, 1, 1850, 180, 40, 40, '4', 6100000, 'credit', 'X', 10, 6),
(203, '2014-12-17 16:15:42', 'AMX 50 Foch', 'Chasseur de char sur la base de l''AMX-50. Un prototype a été fabriqué en 1950. En 1951, quelques véhicules de plus étaient prêts pour les essais. Le véhicule était en service jusqu''en 1952.', 'Normal', '50.200', '59.560', 'credit', 50, 5, 1, 1, 1, 1, 1550, 180, 40, 40, '4', 3670000, 'credit', 'IX', 9, 6),
(204, '2014-12-17 16:17:43', 'Renault FT 75 BS', 'La première commande pour une artillerie sur la base du char Renault FT-17 a été réalisée en décembre 1917. Cependant, aucune artillerie n''est entrée en service avant la fin de la Première Guerre mondiale. Après la fin de la guerre, un total de 39 véhicules ont été fabriqués.', 'Normal', '7.300', '7.300', 'credit', 19, 5, 1, 1, 1, 1, 80, 16, 16, 16, '5', 3700, 'credit', 'II', 2, 6),
(205, '2014-12-17 16:18:01', 'Lorraine 39L AM', 'Canon automoteur sur la base du Lorraine 37L. Le développement a débuté juste avant la Seconde Guerre mondiale. N''a jamais dépassé le stade de la planche à dessin.', 'Normal', '6.600', '6.600', 'credit', 37, 5, 1, 1, 1, 1, 120, 20, 9, 16, '5', 51000, 'credit', 'III', 3, 6),
(206, '2014-12-17 16:18:19', 'AMX 105 AM mle. 47', 'Un projet de conception d''une artillerie de 105-mm développé par le bureau de construction d''Issy-les-Moulineaux (Paris, France). Le plan était prêt en septembre 1947. Cependant, le développement fut interrompu et le projet fut annulé.', 'Normal', '15.440', '15.500', 'credit', 60, 5, 1, 1, 1, 1, 170, 30, 20, 15, '5', 124000, 'credit', 'IV', 4, 6),
(207, '2014-12-17 16:18:29', '105 leFH18B2', 'En mars 1941, la compagnie Rheinmetall-Borsig a commandé seize chars B1 Bis capturés pour les convertir en artilleries. Le travail a débuté seulement fin 1941 par manque de véhicules opérationnels. Les véhicules sont entrés en service en 1942.', 'Normal', '32.490', '34.000', 'or', 28, 5, 1, 1, 1, 1, 260, 60, 60, 55, '5', 1500, 'credit', 'V', 5, 6),
(208, '2014-12-17 16:18:45', 'AMX 13 105 AM mle. 50', 'Canon automoteur sur la base du char AMX-B. Le prototype a été développé et testé depuis 1949. La production en série a débuté en 1955.', 'Normal', '16.200', '16.300', 'credit', 60, 5, 1, 1, 1, 1, 220, 40, 20, 15, '5', 410000, 'credit', 'V', 5, 6),
(209, '2014-12-17 16:19:03', 'AMX 13 F3 AM', 'Développé à la fin des années 1950 sur le châssis de l''AMX 13. Le véhicule a été produit en série jusqu''à la fin des années 1960 et est toujours en service en France, Argentine, Chili, Équateur, Maroc et d''autres pays.', 'Normal', '15.050', '16.500', 'credit', 60, 5, 1, 1, 1, 1, 270, 40, 20, 15, '5', 935000, 'credit', 'VI', 6, 6),
(210, '2014-12-17 16:19:22', 'Lorraine 155 mle. 50', 'Prototype d''artillerie développé sur la base du char expérimental Lorraine 40t en 1952. N''a jamais été produit en série ni vu en service.', 'Normal', '29.650', '30.000', 'credit', 60, 5, 1, 1, 1, 1, 340, 40, 30, 20, '5', 1420000, 'credit', 'VII', 7, 6),
(211, '2014-12-17 16:19:43', 'Bat.-Châtillon 155 55', 'Le projet de conception d''une artillerie de 155-mm a débuté en 1955. Le véhicule devait être fabriqué sur le châssis du char moyen américain M47, exporté alors en France. Cependant, le châssis du char moyen Batignolles-Châtillon lui fut préféré. La version initiale n''a pas dépassé le stade de la planche à dessin.', 'Normal', '46.330', '47.000', 'credit', 56, 5, 1, 1, 1, 1, 440, 101, 76, 50, '5', 3500000, 'credit', 'IX', 9, 6),
(212, '2014-12-17 16:20:24', 'Bat.-Châtillon 155 58', 'Prototype d''artillerie sur la base du Batignolles-Châtillon 25t fabriqué en 1958. N''a jamais été produit en série.', 'Normal', '35.000', '38.000', 'credit', 62, 5, 1, 1, 1, 1, 490, 50, 30, 20, '5', 6100000, 'credit', 'X', 10, 6),
(213, '2014-12-17 16:21:42', 'Lorraine 155 mle. 51', 'Artillerie expérimentale sur la base d''un prototype du char moyen Lorraine 40t. Le prototype a été fabriqué en 1952. N''a jamais été produit en série ni vu en service.', 'Normal', '33.000', '33.000', 'credit', 60, 5, 1, 1, 2, 0, 390, 40, 30, 25, '5', 2550000, 'credit', 'VIII', 8, 6),
(214, '2014-12-10 06:50:21', 'Renault Otsu', 'Développé de 1925 à 1928 en France comme une version améliorée du Renault FT. Le projet de modernisation a été achevé et le véhicule a été produit en série. En 1929, un total de 10 véhicules ont été achetés par le Japon et furent désignés Otsu-Gata Sensha (modèle de char B) Les véhicules japonais étaient légèrement modernisés et ont été largement utilisés à la fois pour des interventions et pour les formations.', 'Normal', '8.010', '8.500', 'credit', 23, 2, 1, 0, 0, 0, 100, 30, 30, 22, '1', 0, 'credit', 'I', 1, 3),
(215, '2014-12-10 22:13:37', 'Type 95 Ha-Go', 'Un char léger japonais également connu sous le nom de Type 95. Développé de 1933 à 1935. Un total de 2 378 véhicules ont été produit en série de 1936 à 1943.', 'Normal', '7.340', '7.400', 'credit', 40, 3, 1, 0, 0, 1, 160, 1, 1, 1, '1', 3000, 'credit', 'II', 2, 3),
(216, '2014-12-10 22:10:02', 'Type 98 Ke-Ni', 'Une autre modification du Ha-Go développé par Hino Jidosha Kogyo. Malgré les caractéristiques dynamiques améliorées, le char n''a pas remplacé le Ha-Go. Un total de 100 chars ont été fabriqués par Mitsubishi et Hino.', 'Normal', '7.200', '7.200', 'credit', 50, 3, 1, 1, 0, 0, 220, 16, 12, 10, '1', 43500, 'credit', 'III', 3, 3),
(217, '2014-12-10 22:11:22', 'Type 5 Ke-Ho', 'En 1945, la conception du Type 95 Ha-Go était déjà obsolète. En 1942, la compagnie Hino Jodosha a lancé le développement d''un nouveau char. Un prototype appelé Type 5 Ke-Ho a été construit en 1944. La conception du char était similaire à celle du LT vz.38 tchèque et du japonais Chi-Ha. Cependant, le véhicule n''a pas été produit en série.', 'Normal', '9.960', '10.000', 'credit', 50, 4, 1, 1, 0, 1, 340, 20, 16, 12, '1', 140000, 'credit', 'IV', 4, 3),
(218, '2014-12-11 20:46:59', 'Chi-Ni', 'Développé par l''Arsenal d''artillerie d''Osaka comme remplacement du Type 2589. Le Chi-Ni et le Chi-Ha ont passé des essais combinés en 1937. Le Chi-Ha a été jugé plus efficace. Un prototype a été fabriqué.', 'Normal', '9.640', '9.800', 'credit', 30, 3, 1, 0, 0, 1, 190, 25, 12, 10, '2', 3900, 'credit', 'II', 2, 3),
(219, '2014-12-11 20:50:06', 'Type 97 Chi-Ha', 'Développé par Mitsubishi de 1935 à 1937. Le char a été produit en série de 1938 à 1942, parrallèlement à une remise à niveau de Shinhoto Chi-Ha, avec un total de 2880 véhicules de ces deux types fabriqués. Les chars Chi-Ha et Shinhoto Chi-Ha ont largement été utilisés par les forces japonaises en Chine et après la capitulation du Japon, ces chars furent utilisés à la fois par les forces de l''ALP et de Kuomintang lors de la Guerre Civile de 1946.', 'Normal', '15.040', '15.900', 'credit', 40, 4, 1, 1, 0, 1, 220, 25, 25, 20, '2', 45000, 'credit', 'III', 3, 3),
(220, '2014-12-12 10:10:37', 'Type 1 Chi-He', 'Le char moyen Type 1 Chi-He a été développé en 1941. Le char était un nouveau développement du Type 97 Chi-Ha. Cependant, en raison du manque d''acier, un total de 170 véhicules ont été fabriqués. La plupart d''entre eux ont été gardés pour la défense du Japon et n''ont jamais vu le combat.', 'Normal', '17.240', '17.250', 'credit', 44, 5, 1, 1, 1, 1, 320, 50, 25, 20, '2', 136000, 'credit', 'IV', 4, 3),
(221, '2014-12-12 12:12:57', 'Type 3 Chi-Nu Kai', 'Le char moyen Type 3 Chi-Nu Kai est une combinaison de la suspension et de la tourelle du Type 3 Chi Nu et du canon du Type 4 Chi-To. Seul un prototype a été construit. Il était prêt pour les essais en mars 1945.', 'Boutique', '21.300', '23.300', 'or', 38, 5, 1, 1, 1, 1, 480, 50, 25, 20, '2', 1500, 'or', 'V', 5, 3),
(223, '2014-12-12 13:21:40', 'Type 4 Chi-To', 'Le char moyen Type 4 Chi-To a été développé en 1943 sur le châssis du Chi-Nu. Le char a été conçu pour remplacer le Chi-Ha. Cependant, la production en série n''a pas été lancée en raison du manque de matériaux et de composants. Un total de six châssis ont été produit, et seulement deux chars ont été fabriqués sur cette base.', 'Normal', '31.150', '32.000', 'credit', 45, 5, 1, 1, 1, 1, 740, 75, 35, 35, '2', 940000, 'credit', 'VI', 6, 3),
(224, '2014-12-12 13:25:20', 'Type 5 Chi-Ri', 'Un seul prototype a été fabriqué début 1945. Le véhicule a passé des essais et a été recommandé pour le service. Cependant, le Japon a été vaincu avant que la production en série ne commence. Après la capitulation, le prototype a été confisqué par les autorités d''occupation américaines et a été expédié aux États-Unis.', 'Normal', '35.290', '42.300', 'credit', 42, 5, 1, 1, 1, 1, 1150, 75, 35, 35, '2', 1440000, 'credit', 'VII', 7, 3),
(225, '2014-12-12 19:57:30', 'STA-1', 'Le premier char japonais d''après-guerre a été développé sur la base de véhicules des États-Unis. Le STA-1 a été développé en prenant en considération le terrain japonais, les spécifications du réseau ferroviaire, et les données atmosphériques des tankistes japonais. Seul un prototype a été construit en décembre 1956.', 'Normal', '33.730', '34.000', 'credit', 45, 4, 1, 1, 1, 0, 1350, 45, 35, 25, '2', 2550000, 'credit', 'VIII', 8, 3),
(226, '2014-12-12 20:01:08', 'Type 61', 'Le premier char développé par le Japon après la fin de la Seconde Guerre mondiale. Développé de 1954 à 1961 sur la base du char américain M47. Les dimensions du véhicule ont été diminuées et le blindage a été réduit. En conséquence, le poids du char était plus léger, et le char était conforme aux exigences des forces armées japonaises.', 'Normal', '34.620', '34.700', 'credit', 47, 4, 1, 1, 1, 0, 1600, 55, 35, 25, '2', 3600000, 'credit', 'IX', 9, 3),
(227, '2014-12-09 23:53:57', 'STB-1', 'Au début des années 1960, Mitsubishi commença le développement d''un nouveau char conforme aux exigences du gouvernement pour l''armement et la défense. Les deux prototypes du STB-1 ont été fabriqués en septembre 1969 pour des essais. En 1970, les prototypes ont été présentés aux journalistes et ont participé à un défilé militaire.', 'Normal', '37.400', '40.000', 'credit', 53, 4, 1, 1, 1, 0, 1950, 110, 35, 25, '2', 6100000, 'credit', 'X', 10, 3),
(228, '2014-12-12 21:06:31', 'Vickers Mk. E Type B', 'Développé en 1928 par J.V. Charden et V. Loyd. le véhicule n''est jamais entré en service en Grande Bretagne. Cependant, il a été exporté dans d''autres pays, dont la Chine. En 1937, vingt véhicules de ce type affrontèrent les troupes japonaises à Shanghai. les chars soviétiques T-26 furent également exportés en Chine, et 82 véhicules de ce type furent déployés en Chine du Sud et en Birmanie en 1941 à 1942.', 'Normal', '7.110', '7.500', 'credit', 35, 3, 1, 1, 0, 0, 1, 12, 12, 12, '1', 3900, 'credit', 'II', 2, 4),
(229, '2014-12-14 20:50:37', 'Type 2597 Chi-Ha', 'Développé par Mitsubishi de 1935 à 1937. Le char a été produit en série de 1938 à 1942, parrallèlement à une remise à niveau de Shinhoto Chi-Ha, avec un total de 2880 véhicules de ces deux types fabriqués. Les chars Chi-Ha et Shinhoto Chi-Ha ont largement été utilisés par les forces japonaises en Chine et après la capitulation du Japon, ces chars furent utilisés à la fois par les forces de l''ALP et de Kuomintang lors de la Guerre Civile de 1946.', 'Normal', '15.040', '15.900', 'credit', 40, 4, 1, 1, 0, 1, 220, 25, 25, 20, '1', 42000, 'credit', 'III', 3, 4),
(230, '2014-12-14 20:55:01', 'M5A1 Stuart', 'Les premiers chars de la série M5 ont été produits en 1942, et une nouvelle modification, le M5A1, a été préféré aux autres versions. Après que le M24 Chaffee fut développé, les chars M5A1 devinrent obsolètes et furent exportés dans d''autres pays, incluant la Chine. Un total de 100 chars de ce type furent donnés au Kuomintang. Lors de la Guerre Civile (1946 à 1949), nombreux de ces véhicules furent capturés par l''ALP.', 'Normal', '15.560', '15.750', 'credit', 64, 4, 1, 1, 0, 1, 310, 28, 28, 25, '1', 143000, 'credit', 'IV', 4, 4),
(231, '2014-12-14 21:17:28', '59-16', 'En 1957, un projet de nouveau char léger a été lancé par le gouvernement chinois. Le développement s''est terminé en 1959. Le nouveau véhicule, pesant 16 tonnes, était équipé d''une suspension à barre de torsion à 4 roues et le placement à l''arrière de la roue principale. Il comportait un canon de 57 mm, plus tard remplacé par un 76 mm.', 'Normal', '16.060', '16.500', 'credit', 60, 4, 1, 1, 1, 0, 530, 30, 20, 20, '1', 900000, 'credit', 'VI', 6, 4),
(232, '2014-12-14 21:19:14', 'Type 64', 'Plus de 50 de ces véhicules ont été produits à Taïwan. Tous les composants de base du véhicules étaient basés sur ceux de véhicules Américains. La tourelle du Hellcat était installée sur le châssis d''un véhicule anti-aérien M42, et l''armement était le canon M1A1 ayant fait ses preuves. Seul un prototype de Type 64 survit à ce jour.', 'Boutique', '23.000', '25.000', 'credit', 72, 5, 1, 1, 1, 1, 580, 25, 12, 9, '1', 3500, 'credit', 'VI', 6, 4),
(233, '2014-12-14 21:27:43', 'Type 62', 'Le char léger Type 62 fut le premier char conçu à l''origine par la Chine. En développement depuis 1958, le char était destiné aux régions du sud de la Chine. En 1962, après des tests approfondis, le véhicule est entré en service. En 1989, un total de 1500 véhicules avaient été produits. Le Type 62 a été exporté vers l''Albanie, le Congo, le Mali, le Soudan, le Vietnam et le Zaïre.', 'Event', '21.000', '24.000', 'or', 60, 4, 1, 1, 1, 0, 880, 35, 20, 20, '1', 0, 'or', 'VII', 7, 4),
(234, '2014-12-14 21:59:04', 'WZ-131', 'En 1957, le développement d''une version allégée du char Type 59 a débuté. Le nouveau char a été conçu pour combattre sur le terrain montagneux et marécageux du sud de la Chine. Le premier prototype a été construit en 1962. Le véhicule a par la suite subi une modernisation.', 'Normal', '20.100', '21.500', 'credit', 60, 4, 1, 1, 1, 0, 800, 35, 20, 20, '1', 1350000, 'credit', 'VII', 7, 4),
(235, '2014-12-16 11:08:57', 'Type 58', 'Au début des années 1950, l''URSS a exporté un total de 1800 chars T-34-76 et T-34-85 en Chine. En 1954, le gouvernement chinois a décidé de commencer la production domestique du T-34-85 en 1958, avec un nouveau véhicule nommé Type 58. Cependant; la production n''a jamais été lancée, et l''armée chinoise a préféré apporter des modifications aux T-34.', 'Normal', '32.180', '32.500', 'credit', 55, 5, 1, 1, 1, 1, 720, 45, 45, 40, '2', 920000, 'credit', 'VI', 6, 4),
(236, '2014-12-16 11:27:57', 'T-34-1', 'En 1954, le gouvernement chinois songea à la possibilité de lancer la production du T-34-85 en Chine. À ce même moment, les ingénieurs chinois proposèrent une projet alternatif : le T-34-1. Bien que basé sur le T-34-85, Le compartiment de transmission du T-34-1 et sa suspension devaient être réarrangées, réduisant le poids global et offrant un châssis inférieur. En 1954, plusieurs projets de conception du véhicule furent développés, avec un armement et une tourelles différents. Cependant, aucun prototype n''a jamais été construit.', 'Normal', '29.500', '32.000', 'credit', 50, 4, 1, 1, 1, 0, 960, 60, 45, 40, '2', 1400000, 'credit', 'VII', 7, 4),
(237, '2014-12-16 11:33:51', 'Type 59', 'Ce véhicule est entré en production en série en 1957 à l''usine de chars Baotou, en Mongolie intérieure ; un total de 6 000 véhicules avait été fabriqué en 1987.', 'Event', '36.000', '39.800', 'or', 1, 4, 1, 1, 1, 0, 1300, 100, 80, 45, '2', 0, 'or', 'VIII', 8, 4),
(238, '2014-12-16 11:31:09', 'T-34-2', 'Le T-34-2 n''était pas une amélioration du char soviétique T-34, mais bien un char totalement différent. Les ingénieurs chinois conçurent le T-34-2 en analogie avec le char soviétique T-54. Plus tard, l''URSS passa la technologie de production du T-54 à la Chine, et le projet T-34-2 fut interrompu.', 'Normal', '31.800', '33.500', 'or', 50, 4, 1, 1, 1, 0, 1200, 70, 70, 45, '2', 2480000, 'credit', 'VIII', 8, 4),
(239, '2014-12-16 11:32:32', 'T-34-3', 'Le char moyen T-34-3 devait être une modification du T-34-2. Contrairement au Type 59, le T-34-3 présentait un blindage réduit et un canon de 122 mm. Le concept a été développé en 1957. Cependant, la production en série du Type 59 a débuté en 1958, et le projet du T-34-3 a été interrompu.', 'Boutique', '35.500', '38.000', 'or', 50, 4, 1, 1, 1, 0, 1300, 90, 50, 50, '2', 11000, 'or', 'VIII', 8, 4),
(240, '2014-12-16 11:35:51', 'WZ-120', 'À la base, le char WZ-120 (Type 59) était une copie du char moyen soviétique T-54A. Le char a été amélioré lors de modifications ultérieures. Entre 6000 et 9500 véhicules dans différentes variantes ont été produits de 1958 à 1987.', 'Normal', '36.000', '36.700', 'credit', 56, 4, 1, 1, 1, 0, 1550, 100, 80, 45, '2', 3520000, 'credit', 'IX', 9, 4),
(241, '2014-12-16 11:38:01', '121', 'Le développement a débuté en 1962 d''un nouveau char moyen basé sur le Type 59. Le nouveau char devait posséder des améliorations en puissance de feu et blindage de protection. Cependant, le projet a rapidement été abandonné. Certaines innovations techniques ont été appliquées plus tard, lors du développement du char Type 69. Tous les 121 chars prototypes ont été détruits lors des tests de l''arme nucléaire par les chinois.', 'Normal', '39.000', '42.000', 'credit', 56, 4, 1, 1, 1, 0, 1950, 120, 80, 60, '2', 6100000, 'credit', 'X', 10, 4),
(242, '2014-12-16 11:40:12', 'IS-2', 'Des chars soviétiques IS-2 ont été exportés en Chine au début des années 1950, et ont été utilisés lors de la Guerre de Corée jusqu''en 1953. Selon les données de reconnaissance américaines, au moins quatre des compagnies de chars chinoises déployées en Corée avaient des chars IS-2, avec cinq chars dans chaque compagnie. Le char IS-2 a été en service jusqu''à la fin des années 1950. La production a été interrompue en raison du manque de pièces restantes, et du lancement du projet Type 59. Quelques chars IS-2 au Vietnam, qui combattirent à la fin de la Guerre d''Indochine de 1946 à 1954.', 'Normal', '45.750', '46.100', 'credit', 37, 4, 1, 1, 1, 0, 1230, 90, 90, 60, '3', 1450000, 'credit', 'VII', 7, 4),
(243, '2014-12-16 12:13:13', '110', 'Du milieu des années 1940 à 1950, les ingénieurs soviétiques ont tenté de moderniser le char IS-2. La variante IS-2U, développée en novembre 1944, a été conçue avoir un châssis frontal renforcé par une configuration en plaque semblable à celle de l''IS-3. En 1953, le projet de conception a été transmis à la Chine et devint la base du développement des chars chinois.', 'Normal', '46.350', '47.000', 'credit', 40, 4, 1, 1, 1, 0, 1450, 120, 90, 60, '3', 2600000, 'credit', 'VIII', 8, 4),
(244, '2014-12-16 14:21:11', '112', 'Le développement du char 112 a débuté en 1962. Le projet proposait des éléments de chars moyens et lourds. Il n''a pas dépassé le stade de la planche à dessin. Le char 113 fut un développement ultérieur du 112.', 'Boutique', '46.000', '49.000', 'credit', 45, 4, 1, 1, 1, 0, 1500, 120, 80, 60, '3', 12250, 'credit', 'VIII', 8, 4),
(245, '2014-12-14 22:44:22', 'WZ-111 1-4', 'Prototype d''un char lourd développé au début des années 1960. Le Projet 111 a été développé sur la base des chars IS-3 et T-10. En 1964, le développement a été interrompu en faveur des nouveaux types de chars moyens.', 'Normal', '44.000', '44.700', 'credit', 50, 4, 1, 1, 1, 0, 1750, 120, 80, 60, '3', 3500000, 'credit', 'IX', 9, 4),
(246, '2014-12-12 21:13:04', '113', 'Le développement du modèle 113 a débuté en 1963. Le véhicule a été conçu en alternative au WZ-111, et utilisant des éléments et composants de chars moyens. Cependant, le prochain a été annulé en raison du développement de chars de combat principaux.', 'Normal', '45.000', '48.000', 'credit', 50, 4, 1, 1, 1, 0, 2300, 120, 90, 70, '3', 6100000, 'credit', 'X', 10, 4),
(247, '2014-12-19 14:51:10', 'Cruiser Mk. I', 'Le premier char cruiser de l''arsenal britannique. Le développement a été lancé en 1934 par Vickers. Au total, 125 véhicules ont été produits en série de 1936 à 1937.', 'Normal', '12.750', '13.000', 'credit', 40, 6, 1, 2, 1, 1, 155, 14, 10, 10, '1', 3000, 'credit', 'II', 2, 5),
(248, '2014-12-19 14:51:21', 'Cruiser Mk. III', 'Le véhicule a été développé essentiellement de l''amélioration de deux prototypes de chars M1931 Christie que l''Armée Britannique avait acheté en 1936. Le véhicule a été conçu comme un char de percée rapide et légèrement blindé. La modification de la conception a été considérée comme un succès, et est devenu la base d''autres chars cruiser. Soixante-cinq véhicules de ce type ont été construits. Ils ont participé à des combat en France et en Afrique du Nord en 1940-1941.', 'Normal', '14.190', '14.500', 'credit', 48, 4, 1, 1, 1, 0, 140, 14, 14, 14, '1', 3800, 'credit', 'II', 2, 5),
(249, '2014-12-19 14:51:38', 'Light Mk. VIC', 'Une modification du char léger Mk. VI équipé d''un armement amélioré (la mitrailleuse Besa 15-mm). Produit de décembre 1939 à juillet 1940. Initialement, le véhicule était conçu pour servir dans les colonies. Un total de 130 chars Mk. VIC ont été fabriqués.', 'Normal', '5.200', '7.200', 'credit', 52, 3, 1, 1, 0, 0, 150, 14, 13, 6, '1', 0, 'credit', 'II', 2, 5),
(250, '2014-12-17 16:32:12', 'Cruiser Mk. II', 'Le A10 Cruiser Mk. II était un développement ultérieur de la version A9. L''A10 avait un blindage amélioré et aucune tourelle de mitrailleuse. Un prototype a été construit en juillet 1937, et a été adopté pour servir comme char rapide lourd. Un total de 175 véhicules ont été commandés en 1938-1939, qui ont été fabriqués jusqu''en septembre 1940. Les véhicules ont lutté en France (1940), en Grèce (1941) et en Afrique du Nord (1941).', 'Normal', '14.330', '14.500', 'credit', 40, 5, 1, 1, 1, 1, 220, 30, 22, 12, '1', 31000, 'credit', 'III', 3, 5),
(251, '2014-12-19 14:51:55', 'Cruiser Mk. IV', 'Une version améliorée du char cruiser Mk. III. Le char comportait un blindage amélioré par des écrans supplémentaires. Le Cruiser Mk. IV a combattu en France en 1940 et dans les premiers temps de la Campagne d''Afrique du Nord. Les véhicules de ce type ont été vus en dernier en hiver 1941-1942. Un total de 655 véhicules ont été manufacturés.', 'Normal', '14.750', '15.000', 'credit', 48, 4, 1, 1, 1, 0, 210, 30, 14, 14, '1', 41000, 'credit', 'III', 3, 5),
(252, '2014-12-19 14:52:18', 'Valentine', 'Développé en 1938 par Vickers-Armstrong, ce char était l''un des meilleurs dans sa catégorie. Un total de 8275 véhicules dans diverses variantes ont été construits de 1940 à 1944.', 'Normal', '16.260', '16.500', 'credit', 24, 3, 1, 0, 1, 0, 310, 60, 60, 60, '1', 120000, 'credit', 'IV', 4, 5),
(253, '2014-12-19 14:52:28', 'Covenanter', 'Un nouveau char cruiser proposant des innovations comme un moteur à pistons opposés, un placement à l''avant des radiateurs de refroidissement, et un grand usage de soudure. Le véhicule entra en production le 17 avril 1939. Un total de 1 771 chars, dans quatre variantes, différentes ont été produits en série. Les chars Covenanter ont été principalement utilisés à des fins de formation.', 'Normal', '18.150', '18.200', 'credit', 50, 4, 1, 1, 1, 0, 310, 40, 30, 25, '1', 110000, 'credit', 'IV', 4, 5),
(254, '2014-12-19 14:52:51', 'Crusader', 'Le Crusader a été développé par Nuffield Mechanizations Ltd. de 1938 à 1940. Plus de 5 300 véhicules ont été produits en série de 1941 à 1943. Il a été le plus largement utilisé lors de la Campagne d''Afrique du Nord en 1941-1942.', 'Normal', '19.000', '19.300', 'credit', 44, 3, 1, 1, 0, 0, 410, 32, 27, 27, '1', 380000, 'credit', 'V', 5, 5),
(255, '2014-12-19 11:47:57', 'Vickers Medium Mk. I', 'Le premier char britannique a avoir un canon dans une tourelle rotative. Le développement a été lancé en 1922 par Vickers, et plusieurs douzaines ont été produits en série de 1923 à 1925. Ce char a été en service de 1924 à 1938.', 'Normal', '11.750', '12.200', 'credit', 24, 5, 1, 1, 1, 1, 130, 6, 6, 6, '2', 0, 'credit', 'I', 1, 5);
INSERT INTO `tank` (`id`, `datemiseajour`, `nom`, `Description`, `premium`, `poids_chassis`, `limite_charge`, `monaie`, `vitesse_max`, `Nombre_equipage`, `Nombre_pilote`, `Nombre_tireur`, `Nombre_chargeur`, `Nombre_operateur_radio`, `hp_base`, `Blindage_avant`, `Blindage_flanc`, `Blindage_arriere`, `type_char`, `prix`, `type_credit`, `tier_latin`, `tier_chiffre`, `pays_id`) VALUES
(256, '2014-12-19 11:48:36', 'Vickers Medium Mk. II', 'Char moyen britannique. Développé sur la base du char moyen Vickers Mark I en 1924-1925 par Vickers. Le véhicule a été produit en série de 1925 à 1934 avec environ 100 chars construits.', 'Normal', '13.530', '13.900', 'credit', 40, 5, 1, 1, 1, 1, 170, 8, 8, 8, '2', 3500, 'credit', 'II', 2, 5),
(257, '2014-12-19 14:49:00', 'Vickers Medium Mk. III', 'Char moyen britannique également connu comme Vickers "16-tonners". Trois prototypes ont été fabriqués par Vickers de 1926 à 1931. Selon certaines sources, trois autres chars ont été construits en 1933 et sont restés en service jusqu''en 1938 sans avoir jamais été vus en action.', 'Normal', '17.500', '18.000', 'credit', 48, 6, 1, 1, 1, 2, 250, 14, 9, 9, '2', 40000, 'credit', 'III', 3, 5),
(258, '2014-12-19 14:49:11', 'Matilda', 'Développé de 1936 à 1938. Un total de 2987 véhicules ont été construits jusqu''en Août 1943. C''est le seul char anglais a être resté en service tout au long de la Seconde Guerre mondiale.', 'Normal', '26.520', '27.000', 'credit', 24, 4, 1, 1, 1, 0, 340, 75, 70, 55, '2', 140000, 'credit', 'IV', 4, 5),
(259, '2014-12-19 14:49:51', 'Matilda Black Prince', 'Ce véhicule dispose d''un canon de 6 livres installé dans une tourelle A27. Un seul prototype a été réalisé, après quoi le développement a été interrompu en raison de complications dans le montage de la tourelle. Le véhicule n''est jamais entré en service.', 'Boutique', '30.040', '31.950', 'or', 22, 4, 1, 1, 1, 0, 610, 75, 70, 55, '2', 1750, 'or', 'V', 5, 5),
(260, '2014-12-19 11:50:17', 'Cromwell', 'Le Cromwell a été développé en 1941-1942 par BRC&W. Un total de 1070 véhicules ont été produit en série de fin 1943 à 1945. Ils ont été largement utilisés par l''armée britannique lors de la campagne de l''Europe Nord-Ouest de 1944 à 1945.', 'Normal', '27.470', '28.000', 'credit', 64, 5, 1, 1, 1, 1, 700, 64, 32, 32, '2', 900000, 'credit', 'VI', 6, 5),
(261, '2014-12-19 11:50:55', 'Comet', 'Un développement ultérieur du char cruiser Cromwell, le char britannique a été vu en service lors de la Seconde Guerre mondiale. Un total de 1186 véhicules ont été fabriqués à partir de septembre 1944 à fin 1945.', 'Normal', '30.520', '32.000', 'credit', 51, 5, 1, 1, 1, 1, 1050, 76, 43, 32, '2', 1350500, 'credit', 'VII', 7, 5),
(262, '2014-12-19 14:50:18', 'Centurion Mk. I', 'Le développement du Centurion a commencé en 1943. Conçu comme "char universel" pour remplacer l''infanterie et les chars cruiser existants, il est entré en service en 1947. Un total de 100 véhicules de cette série ont été produits de 1945 à 1946.', 'Normal', '42.360', '43.000', 'credit', 40, 4, 1, 1, 1, 0, 1350, 76, 51, 38, '2', 2350000, 'credit', 'VIII', 8, 5),
(263, '2014-12-19 14:50:33', 'Centurion Mk. 7/1', 'Cette version améliorée du Centurion a été développé par Leyland Motors et comportait un châssis élargi, une cabine améliorée, de plus grands réservoirs, et un blindage amélioré.', 'Normal', '51.460', '51.500', 'credit', 40, 4, 1, 1, 1, 0, 1620, 120, 50, 31, '2', 3515000, 'credit', 'IX', 9, 5),
(264, '2014-12-19 14:50:45', 'FV4202', 'Char expérimental basé sur le char moyen Centurion. Le véhicule a été en développement de 1956 à 1959. Il n''a jamais été produit en série. Les choix techniques et les innovations utilisées dans le FV4202 sont devenus la base du FV4201 Chieftain.', 'Normal', '40.000', '42.500', 'credit', 40, 4, 1, 1, 1, 0, 1950, 121, 51, 32, '2', 6100000, 'credit', 'X', 10, 5),
(265, '2014-10-02 00:00:00', 'Churchill I', 'Le prototype A22 a été construit par Vauxhall Motors à l''automne 1940. Le véhicule est d''abord entré en production de masse à l''été 1941. Les premières variantes n''avaient pas de protections de chenilles, un ventilateur différent, et un obusier de 3 pouces dans le châssis. Un total de 300 chars Churchill I ont été fabriqués.', 'Normal', '38.450', '39.000', 'credit', 25, 5, 1, 2, 1, 0, 1, 177, 63, 50, '3', 340000, 'credit', 'V', 5, 5),
(266, '2014-12-19 14:47:05', 'Excelsior', 'Fin 1942, l''armement du char Churchill fut considéré comme insuffisant. De nouveaux chars, les A31, A32 et A33 furent développés comme nouveaux chars d''infanterie. L''A33 était développé par la Compagnie English Electric. La Compagnie LMS participa au développement d''une suspension pour un nouveau char. Deux nouveaux véhicules, très éloignés l''un de l''autre, furent fabriqués. L''A33 devait entrer en production, mais la décision d''annuler la production en série du Churchill fut abandonnée, et la commande des A33 ne fut pas lancée.', 'Boutique', '41.050', '44.100', 'or', 38, 5, 1, 1, 1, 1, 670, 114, 31, 108, '3', 1500, 'credit', 'V', 5, 5),
(267, '2014-12-19 11:53:29', 'Churchill VII', 'Une amélioration de l''A22 avec un blindage renforcé. Les premiers véhicules de ce type ont été produits juste avant le débarquement allié en Normandie. Ce modèle a également servi de base pour le char lance-flamme Crocodile.', 'Normal', '39.190', '40.150', 'credit', 20, 5, 1, 1, 1, 1, 860, 152, 95, 50, '3', 900000, 'credit', 'VI', 6, 5),
(268, '2014-12-19 14:47:31', 'TOG II*', 'Développé pour la guerre des tranchées. Initialement, l''armement devait être placé dans la partie avant du châssis et les casemates latérales. Cependant, il a été décidé plus tard de ne pas ajouter de flotteurs, mais d''installer une tourelle. En 1943, lorsque TOG 2* était terminé et prêt pour les essais, il était déjà obsolète. Le véhicule n''a jamais été mis en service.', 'Normal', '81.280', '85.000', 'credit', 14, 6, 1, 1, 2, 1, 1400, 76, 76, 50, '3', 3500, 'credit', 'VI', 6, 5),
(269, '2014-12-17 16:29:32', 'Black Prince', 'Le Black Prince a été développé de 1943 à 1945 sur la base du char Churchill. Il comportant un châssis plus large pour embarquer une tourelle améliorée avec un canon de 17 livres. Un total de six prototypes Black Princes ont été produits de 1944 à 1945. Quelques véhicules ont subi des essais, mais n''ont jamais vu l''action.', 'Normal', '50.650', '51.000', 'credit', 20, 5, 1, 1, 1, 1, 1450, 152, 95, 25, '3', 1400000, 'credit', 'VII', 7, 5),
(270, '2014-12-19 14:47:53', 'Caernarvon', 'Le développement de ce char de soutien d''infanterie a commencé en 1944. Le premier prototype était prêt pour les essais en 1952. Un total de 21 chars ont été construits mais ne sont jamais entrés en service. Certains des véhicules furent plus tard convertis en chars lourds Conqueror.', 'Normal', '59.180', '60.000', 'credit', 34, 4, 1, 1, 1, 0, 1500, 130, 51, 38, '3', 2520000, 'credit', 'VIII', 8, 5),
(271, '2014-12-19 14:48:03', 'Conqueror', 'Développé de 1949 à 1952, ce char était destiné à faire face aux nouveaux chars lourds soviétiques. Un total de 185 véhicules ont été produit en série de 1955 à 1959.', 'Normal', '60.000', '65.000', 'credit', 34, 4, 1, 1, 1, 0, 1850, 130, 51, 38, '3', 3600000, 'credit', 'IX', 9, 5),
(272, '2014-12-19 14:48:17', 'FV215b', 'Projet de plan pour un char lourd sur la base du Conqueror Mk. II. Contrairement au modèle de production, cette modification proposait un placement à l''arrière du compartiment de combat Aucun prototype n''a été fabriqué.', 'Normal', '70.000', '73.000', 'credit', 34, 4, 1, 1, 1, 0, 2500, 152, 101, 76, '3', 6100000, 'credit', 'X', 10, 5),
(273, '2014-12-19 14:44:02', 'Universal Carrier 2-pdr', 'Le char Bren-Carrier a été développé pendant l''entre-deux guerres, et a été l''un des principaux véhicules utilisés par les forces britanniques du Commonwealth. Un total de 90 000 véhicules ont été produits de 1937 à 1945. Des versions du Bren-Carrier ont été utilisées pour le transport de l''équipement et du personnel, en plateformes de mitrailleuses ou encore pour des missions de reconnaissance. En 1940, une variante a été développé avec un canon antichar de 40 mm.', 'Normal', '4.500', '4.500', 'credit', 48, 4, 1, 1, 1, 0, 120, 10, 7, 7, '4', 3900, 'credit', 'II', 2, 5),
(274, '2014-12-19 14:44:17', 'Valentine AT', 'Ce chasseur de char expérimental avait un canon installé au milieu du châssis, derrière une protection. Un prototype a été fabriqué, mais le travail sur ce véhicule a été interrompu avec le développement d''un nouveau chasseur de char. Ce dernier, basé sur le Valentine, avait un puissant canon de 17 livres.', 'Normal', '14.750', '15.000', 'credit', 24, 4, 1, 0, 1, 1, 170, 60, 60, 60, '4', 34000, 'credit', 'III', 3, 5),
(275, '2014-12-19 14:44:32', 'Alecto', 'Chasseur de char, développé de 1944 à 1945 sur la base du char léger Tetrarch. Le projet a été abandonné à la fin de la Seconde Guerre mondiale.', 'Normal', '8.010', '8.200', 'credit', 50, 4, 1, 1, 1, 0, 270, 10, 10, 10, '4', 130000, 'credit', 'IV', 4, 5),
(276, '2014-12-19 14:44:50', 'AT 2', 'Concept d''un char d''assaut pour percer les lignes défensives ennemies. Le concept a été achevé le 15 mai 1943. Aucun prototype n''a été fabriqué, mais le projet a servi pour la création d''un autre char d''assaut lourd, l''A39 Tortoise.', 'Normal', '40.950', '41.000', 'credit', 20, 4, 1, 1, 1, 0, 450, 203, 101, 101, '4', 425000, 'credit', 'V', 5, 5),
(277, '2014-12-19 14:45:05', 'AT 8', 'Le véhicule a été conçu comme char de percée. Le projet de conception est une évolution du projet AT-7, et les deux projets ont été soumis ensemble. Aucun prototype n''a jamais été fabriqué, en raison de la préférence au A39 Tortoise.', 'Normal', '41.000', '41.500', 'credit', 20, 6, 1, 1, 2, 1, 800, 203, 101, 101, '4', 940000, 'credit', 'VI', 6, 5),
(278, '2014-12-19 14:45:18', 'Churchill Gun Carrier', 'Le véhicule a été développé sur la base du char Churchill. La cabine avec un canon de 3 pouces était placée à l''avant. Au début, 100 véhicules furent commandés. La commande a été réduite à 24 véhicules plus tard. Finalement, 50 véhicules ont été produits de 1941 à 1942. Aucun n''a jamais été vu en action.', 'Normal', '38.190', '40.000', 'credit', 25, 4, 1, 1, 1, 0, 650, 88, 63, 50, '4', 965000, 'credit', 'VI', 6, 5),
(279, '2014-12-19 14:45:37', 'AT 7', 'Conçu comme char d''assaut de percée, ce concept a été achevé le 10 juin 1943. Aucun prototype n''a été entièrement construit. Cependant, certains morceaux et composants de l''AT7 ont été utilisés pour l''A39 Tortoise.', 'Normal', '43.500', '44.000', 'credit', 20, 6, 1, 1, 2, 1, 1250, 203, 101, 101, '4', 1400000, 'credit', 'VII', 7, 5),
(280, '2014-12-19 14:46:09', 'Tortoise', 'Le développement de ce char d''assaut a commencé en Grande-Bretagne en 1942. Le concept fut achevé en février 1944, et une commande 25 véhicules fut lancée. Cependant, à l''automne 1947, seuls cinq véhicules avaient été fabriqués.', 'Normal', '77.000', '77.000', 'credit', 20, 6, 1, 1, 2, 1, 2000, 228, 152, 101, '4', 3500000, 'credit', 'IX', 9, 5),
(281, '2014-12-19 14:46:23', 'FV215b (183)', 'Ce canon automoteur lourd utilisait des composants du Mk.II Conqueror. Le véhicule possédait un canon sur une tourelle oscillante montée à l''arrière. Le projet a été abandonné peu après la construction d''une maquette du véhicule.', 'Normal', '60.000', '64.000', 'credit', 34, 5, 1, 1, 2, 0, 2000, 152, 50, 76, '4', 6100000, 'credit', 'X', 10, 5),
(282, '2014-12-19 14:42:58', 'Loyd Gun Carriage', 'Une proposition d''installer un canon de 76.2 mm sur le châssis du camion d''artillerie Loyd Carrier. Développé de 1940 à 1941. Aucun prototype n''a été fabriqué.', 'Normal', '4.500', '4.500', 'credit', 48, 3, 1, 0, 1, 0, 80, 7, 7, 7, '5', 3900, 'credit', 'II', 2, 5),
(283, '2014-12-19 14:42:29', 'Sexton II', 'Modification du char Grizzly, monté d''un obusier britannique de 25 livres. La production en série a été lancée à la Montreal Locomotive Works au Canada, avec 2150 véhicules construits entre 1943 et 1945.', 'Normal', '25.770', '25.900', 'credit', 40, 6, 1, 1, 2, 1, 140, 50, 38, 38, '5', 49000, 'credit', 'III', 3, 5),
(284, '2014-12-19 14:42:44', 'Sexton I', 'En 1943, la Montreal Locomotive Works lança la production en série de l''artillerie Sexton, développé sur la base du RAM II. Un total de 2150 véhicules ont été produits jusqu''en 1945, dont 125 reçurent pour dénomination le Sexton I.', 'Boutique', '25.860', '31.000', 'or', 40, 6, 1, 1, 2, 1, 140, 50, 31, 38, '5', 1250, 'or', 'III', 3, 5),
(285, '2014-12-19 14:41:43', 'Birch Gun', 'La première artillerie conçue à l''origine en Grande-Bretagne. Le développement a débuté en 1923. Le prototype a été fabriqué sur la base du Vickers Medium Mark II en 1925. Quelques prototypes ont été fabriqués, et ont subi des essais à partir de 1925. Le projet a été annulé en 1928 en raison du manque d''intérêt de la part du gouvernement britannique.', 'Normal', '12.100', '12.200', 'credit', 45, 6, 1, 2, 2, 0, 190, 6, 6, 6, '5', 152000, 'credit', 'IV', 4, 5),
(286, '2014-12-19 14:41:25', 'Bishop', 'Développé par Birmingham Carriage & Wagon en juin 1941 sur la base du véhicule de soutien d''infanterie Valentine II. De 1942 à 1943, un total de 149 artilleries ont été produites. Globalement, le véhicule fut considéré comme un échec. Le véhicule a été utilisé pour la formation depuis 1943.', 'Normal', '17.690', '17.700', 'credit', 24, 4, 1, 1, 1, 0, 350, 60, 50, 60, '5', 405000, 'credit', 'V', 5, 5),
(287, '2014-12-19 14:41:12', 'FV304', 'Prototype d''une artillerie légère développée par Vickers. Le développement a débuté en 1947. Cependant, le prototype n''a pas été fabriqué avant 1953. La conception de l''artillerie étant déjà obsolète à ce moment, le projet fut annulé.', 'Normal', '20.450', '20.700', 'credit', 72, 5, 1, 1, 2, 0, 280, 25, 25, 25, '5', 930000, 'credit', 'VI', 6, 5),
(288, '2014-12-19 14:40:51', 'Crusader 5.5-in. SP', 'Une modification du Crusader avec un obusier de 140 mm. Peu après la Seconde Guerre mondiale, un prototype a été achevé. Cependant, le véhicule n''est jamais entré en production en série, ni n''a été vu en service.', 'Normal', '17.590', '19.000', 'credit', 14, 5, 1, 1, 2, 0, 350, 28, 28, 20, '5', 1440000, 'credit', 'VII', 7, 5),
(289, '2014-12-19 14:40:35', 'FV207', 'Une variante d''artillerie basée sur l''A45 Conqueror. Elle était prévue pour comporter un obusier de 105 mm, 140 mm ou 152 mm dans une cabine blindée fermée. Le véhicule n''a pas dépassé le stade de la planche à dessin.', 'Normal', '54.910', '56.000', 'credit', 29, 6, 1, 2, 2, 0, 430, 50, 50, 50, '5', 2730000, 'credit', 'VIII', 8, 5),
(290, '2014-12-19 14:40:21', 'FV3805', 'Une modification du Centurion avec un obusier de 140 mm. Un total de 2 prototypes ont été fabriqué en 1956. Le développement du FV3805 a été interrompu en 1960. Le véhicule n''a jamais été vu en service.', 'Normal', '46.000', '52.000', 'credit', 40, 6, 1, 2, 2, 0, 450, 50, 50, 50, '5', 3560000, 'credit', 'IX', 9, 5),
(291, '2014-12-19 14:40:04', 'Conqueror Gun Carriage', 'Une proposition pour installer un obusier de 234 mm sur le Conqueror. N''a jamais dépassé le stade de la planche à dessin.', 'Normal', '55.000', '60.000', 'credit', 34, 6, 1, 2, 2, 0, 530, 152, 50, 76, '5', 6100000, 'credit', 'X', 10, 5),
(292, '2014-12-19 17:10:53', 'T1 Cunningham', 'Les prototypes ont été développés par James Cunningham, Son & Company (Rochester, NY) de 1927 à 1928. Diverses modifications du véhicule ont été testées jusqu''en 1934. Cependant, le char n''a jamais été produit en série.', 'Normal', '7.210', '7.600', 'credit', 41, 2, 1, 0, 0, 0, 105, 10, 10, 10, '1', 0, 'credit', 'I', 1, 7),
(293, '2014-12-19 17:13:02', 'M2 Light Tank', 'Char de soutien d''infanterie. Il resta en service jusqu''en 1942, avec 696 véhicules produits de 1935 à 1942. Ce char participa à la bataille de Guadalcanal aux cotés des Marines Américains.', 'Normal', '8.640', '11.500', 'credit', 58, 4, 1, 1, 0, 1, 140, 25, 25, 25, '1', 3400, 'credit', 'II', 2, 7),
(294, '2014-12-19 17:14:49', 'T2 Light Tank', 'Le prototype M2 avec suspension Vickers. Après les essais en 1934, le char a été envoyé pour une re-conception car la suspension ne fournissait pas assez de souplesse de mouvement. Il n''a jamais été produit en série.', 'Boutique', '7.600', '8.300', 'or', 72, 3, 1, 0, 0, 1, 150, 17, 15, 6, '1', 750, 'or', 'II', 2, 7),
(295, '2014-12-19 17:14:12', 'T7 Combat Car', 'Véhicule léger à roues caterpillar avec des mitrailleuse développé par la cavalerie U.S. Les essais du premier prototype ont débuté en avril 1937 et ont duré jusqu''en 1939. Toutefois, le T7 a été abandonné par la suite en faveur de véhicules à chenilles.', 'Boutique', '9.960', '12.500', 'or', 56, 4, 1, 0, 1, 1, 150, 15, 12, 6, '1', 750, 'credit', 'II', 2, 7),
(296, '2014-12-19 17:15:22', 'M3 Stuart', 'Le char léger le plus connu de la seconde guerre mondiale, avec 13 859 véhicules produits entre 1941 et septembre 1943. Le M3 Stuart a été utilisé dans tous les théâtres d''opérations.', 'Normal', '12.040', '12.500', 'credit', 61, 4, 1, 1, 0, 1, 220, 38, 25, 25, '1', 37500, 'credit', 'III', 3, 7),
(297, '2014-12-19 17:15:42', 'M22 Locust', 'Initialement conçu pour les opérations aéroportées, le Locust n''a jamais été utilisé comme tel durant la Seconde Guerre mondiale. En effet, les avions de l''US Air Force n''ayant pas une capacité suffisante, le Département Ordonnateur devint moins enthousiaste à tout développement ultérieur.', 'Boutique', '6.920', '7.590', 'or', 64, 3, 1, 1, 0, 0, 250, 25, 13, 13, '1', 900, 'credit', 'III', 3, 7),
(298, '2014-12-19 17:16:50', 'M5 Stuart', 'Une modification ultérieure du M3 Stuart, le M5 Stuart est entré en production en avril 1942. En juin 1944, 8 884 véhicules ont été produits sous deux versions différentes. Ce char a participé aux combats sur tous les théâtres de la guerre.', 'Normal', '15.020', '15.220', 'credit', 64, 5, 1, 1, 1, 1, 320, 28, 28, 25, '1', 143000, 'credit', 'IV', 4, 7),
(299, '2014-12-19 17:17:07', 'M24 Chaffee', 'Ce véhicule a été conçu pour remplacer le M3 Stuart. Le M24 est entré en service en septembre 1943. Produit aux usines Massey-Harris et General Motors jusqu''en juillet 1945, avec un total de 4731 véhicules fabriqués.', 'Normal', '18.140', '18.400', 'credit', 77, 5, 1, 1, 1, 1, 400, 25, 25, 19, '1', 405000, 'credit', 'V', 5, 7),
(300, '2014-12-19 17:17:29', 'T21', 'Une version allégée du char moyen T20 avec un châssis de M7 allongé. Le véhicule a été produit durant le premier semestre 1943. Contrairement au char T20, le T21 proposait une blindage réduit et un armement allégé. le véhicule n''est jamais entré en production de série, ni vu en service.', 'Normal', '23.000', '23.200', 'credit', 56, 5, 1, 1, 1, 1, 590, 28, 25, 22, '1', 900000, 'credit', 'VI', 6, 7),
(301, '2014-12-19 17:24:05', 'T71', 'Char léger aéroporté expérimental avec une tourelle oscillante. Développé de 1952 à 1953 comme remplacement du M41. L''armement s''est révélé inefficace et le développement a été interrompu. Un seul prototype en bois a été construit.', 'Normal', '17.910', '18.000', 'credit', 64, 3, 1, 1, 0, 0, 840, 25, 22, 19, '1', 1400000, 'credit', 'VII', 7, 7),
(302, '2014-12-19 17:25:32', 'T2 Medium Tank', 'Le développement de ce char moyen expérimental a été réalisé de 1930 à 1932, mais ce modèle n''a jamais été produit en série.', 'Normal', '11.920', '15.600', 'credit', 40, 3, 1, 1, 0, 0, 155, 22, 22, 22, '2', 3500, 'credit', 'II', 2, 7),
(303, '2014-12-19 17:25:49', 'M2 Medium Tank', 'Le seul char américain moyen développé pendant la période de l''entre-deux-guerres, avec 146 véhicules produits sous deux versions différentes entre 1939 et 1941. Ce char n''a jamais été utilisée sur le champ de bataille.', 'Normal', '20.470', '21.500', 'credit', 43, 6, 1, 1, 1, 2, 180, 32, 18, 13, '2', 31000, 'credit', 'III', 3, 7),
(304, '2014-12-19 17:26:20', 'M3 Lee', 'Un char moyen américain de l''époque de la Seconde Guerre mondiale. Le véhicule a été nommé d''après le Général confédéré de la guerre de Sécession, R. Lee. En outre, il a été largement reconnu sous sa désignation britannique —M3 Grant— du nom du Général des troupes confédérées Ulysses S. Grant. Le M3 a été créé en 1940 sur la base du char M2 et a été produit en série de juin 1941 à décembre 1942. Un total de 6 258 chars M3 de diverses versions ont été fabriqués.', 'Normal', '27.870', '28.700', 'credit', 38, 6, 1, 2, 1, 1, 310, 50, 38, 38, '2', 126000, 'credit', 'IV', 4, 7),
(305, '2014-12-19 17:26:41', 'M4 Sherman', 'La première version produite en série du Sherman, qui fut le char Américain le plus commun avec un total de 49 234 chars fabriqués. Il eut son baptême du feu en Afrique du Nord.', 'Normal', '29.700', '30.000', 'credit', 48, 5, 1, 1, 1, 1, 400, 50, 38, 38, '2', 350500, 'credit', 'V', 5, 7),
(306, '2014-12-19 17:26:57', 'M7', 'Conçu au printemps 1941, la construction de véhicules expérimentaux a été lancée en janvier 1942, après que les premiers prototypes eussent été achevés. En janvier 1943 les chars avaient passé les phases de tests, mais ils ne furent jamais produits en série.', 'Normal', '23.050', '24.500', 'credit', 60, 5, 1, 1, 1, 1, 400, 38, 32, 25, '2', 355000, 'credit', 'V', 5, 7),
(307, '2014-12-19 17:27:13', 'Ram II', 'Le Ram-II a été élaboré sur la base du M3 et fut produit au Canada de 1942 à l''été 1943. Aucun des 1849 véhicules produits ne fut employé au combat, mais ils servirent en tant que chars de formation.', 'Boutique', '27.080', '31.000', 'or', 38, 5, 1, 1, 1, 1, 610, 76, 63, 38, '2', 1750, 'or', 'V', 5, 7),
(308, '2014-12-19 17:29:00', 'M4A2E4 Sherman', 'Le développement de ce véhicule expérimental, avec pour suspension des barres de torsion, a débuté en mars 1943. Deux prototypes construits en juillet ont passé les essais. Le M46 n''a jamais été produit en série, ni mis en service.', 'Boutique', '31.800', '33.300', 'or', 52, 5, 1, 1, 1, 1, 480, 64, 38, 38, '2', 1500, 'credit', 'V', 5, 7),
(309, '2014-12-19 17:36:17', 'M4A3E8 Sherman', 'Également appelé M4A3(76)W HVSS. Fin août 1944, une nouvelle suspension fut conçue.La variante du véhicule fut produite en série et vu le combat à partir de fin mars 1945, avec un total de 4542 chars produits.', 'Normal', '30.000', '33.000', 'credit', 48, 5, 1, 1, 1, 1, 720, 63, 38, 38, '2', 930500, 'credit', 'VI', 6, 7),
(310, '2014-12-19 17:36:34', 'M4A3E2 Sherman Jumbo', 'Char d''assaut lourdement blindé. Initialement conçu comme char de soutien d''infanterie. Toutefois, certains de ces M4A3E2 ont été rééquipés avec un canon M1A1 et ont servi de chasseurs de chars.', 'Normal', '33.800', '34.000', 'credit', 35, 5, 1, 1, 1, 1, 730, 101, 76, 38, '2', 975000, 'credit', 'VI', 6, 7),
(311, '2014-12-19 17:42:51', 'T20', 'Le premier d''une série de chars moyens américains de 1942 à 1943 conçus pour remplacer le M4 Sherman. Le premier prototype a été produit en mai 1943, et des essais se sont déroulés jusqu''en 1944. Le véhicule n''a pas été approuvé pour être produit en série, mais deux prototypes suivants, le T22 et le T23, ont été créé sur la base de ce développement. Ils ont, à leur tour, servi de base pour les T25 et T26. Finalement, le M26 Pershing découla de leur base est fut adopté pour le service.', 'Normal', '28.890', '30.000', 'credit', 56, 5, 1, 1, 1, 1, 1000, 63, 50, 38, '2', 1340000, 'credit', 'VII', 7, 7),
(312, NULL, 'M26 Pershing', '', 'normal', '1.000', '1.000', 'credit', 1, 1, 1, 1, 1, 1, 1, 1, 1, 1, '2', 1, NULL, 'VIII', NULL, 7),
(313, NULL, 'T26E4 Super Pershing', '', 'Event', '1.000', '1.000', 'or', 1, 1, 1, 1, 1, 1, 1, 1, 1, 1, '2', 1, 'or', 'VIII', 8, 7),
(314, NULL, 'T69', '', 'normal', '1.000', '1.000', 'credit', 1, 1, 1, 1, 1, 1, 1, 1, 1, 1, '2', 1, NULL, 'VIII', NULL, 7),
(315, NULL, 'M46 Patton', '', 'normal', '1.000', '1.000', 'credit', 1, 1, 1, 1, 1, 1, 1, 1, 1, 1, '2', 1, NULL, 'IX', NULL, 7),
(316, NULL, 'T54E1', '', 'normal', '1.000', '1.000', 'credit', 1, 1, 1, 1, 1, 1, 1, 1, 1, 1, '2', 1, NULL, 'IX', NULL, 7),
(317, NULL, 'M48A1 Patton', '', 'normal', '1.000', '1.000', 'credit', 1, 1, 1, 1, 1, 1, 1, 1, 1, 1, '2', 1, NULL, 'X', NULL, 7),
(318, NULL, 'M60', '', 'normal', '1.000', '1.000', 'credit', 1, 1, 1, 1, 1, 1, 1, 1, 1, 1, '2', 1, NULL, 'X', NULL, 7),
(319, NULL, 'T1 Heavy Tank', '', 'normal', '1.000', '1.000', 'credit', 1, 1, 1, 1, 1, 1, 1, 1, 1, 1, '3', 1, NULL, 'V', NULL, 7),
(320, NULL, 'M6', '', 'normal', '1.000', '1.000', 'credit', 1, 1, 1, 1, 1, 1, 1, 1, 1, 1, '3', 1, NULL, 'VI', NULL, 7),
(321, NULL, 'T29', '', 'normal', '1.000', '1.000', 'credit', 1, 1, 1, 1, 1, 1, 1, 1, 1, 1, '3', 1, NULL, 'VII', NULL, 7),
(322, NULL, 'T34', '', 'Normal', '1.000', '1.000', 'credit', 1, 1, 1, 1, 1, 1, 1, 1, 1, 1, '3', 1, 'credit', 'VIII', 8, 7),
(323, NULL, 'T32', '', 'normal', '1.000', '1.000', 'credit', 1, 1, 1, 1, 1, 1, 1, 1, 1, 1, '3', 1, NULL, 'VIII', NULL, 7),
(324, NULL, 'M6A2E1', '', 'normal', '1.000', '1.000', 'credit', 1, 1, 1, 1, 1, 1, 1, 1, 1, 1, '3', 1, NULL, 'VIII', NULL, 7),
(325, NULL, 'M103', '', 'normal', '1.000', '1.000', 'credit', 1, 1, 1, 1, 1, 1, 1, 1, 1, 1, '3', 1, NULL, 'IX', NULL, 7),
(326, NULL, 'T110E5', '', 'normal', '1.000', '1.000', 'credit', 1, 1, 1, 1, 1, 1, 1, 1, 1, 1, '3', 1, NULL, 'X', NULL, 7),
(327, NULL, 'T57 Heavy Tank', '', 'normal', '1.000', '1.000', 'credit', 1, 1, 1, 1, 1, 1, 1, 1, 1, 1, '3', 1, NULL, 'X', NULL, 7),
(328, NULL, 'T18', '', 'normal', '1.000', '1.000', 'credit', 1, 1, 1, 1, 1, 1, 1, 1, 1, 1, '4', 1, NULL, 'II', NULL, 7),
(329, NULL, 'T82', '', 'normal', '1.000', '1.000', 'credit', 1, 1, 1, 1, 1, 1, 1, 1, 1, 1, '4', 1, NULL, 'III', NULL, 7),
(330, NULL, 'T40', '', 'normal', '1.000', '1.000', 'credit', 1, 1, 1, 1, 1, 1, 1, 1, 1, 1, '4', 1, NULL, 'IV', NULL, 7),
(331, NULL, 'M8A1', '', 'normal', '1.000', '1.000', 'credit', 1, 1, 1, 1, 1, 1, 1, 1, 1, 1, '4', 1, NULL, 'IV', NULL, 7),
(332, NULL, 'M10 Wolverine', '', 'normal', '1.000', '1.000', 'credit', 1, 1, 1, 1, 1, 1, 1, 1, 1, 1, '4', 1, NULL, 'V', NULL, 7),
(333, NULL, 'M36 Jackson', '', 'normal', '1.000', '1.000', 'credit', 1, 1, 1, 1, 1, 1, 1, 1, 1, 1, '4', 1, NULL, 'VI', NULL, 7),
(334, NULL, 'T25 AT', '', 'normal', '1.000', '1.000', 'credit', 1, 1, 1, 1, 1, 1, 1, 1, 1, 1, '4', 1, NULL, 'VII', NULL, 7),
(335, NULL, 'T25/2', '', 'normal', '1.000', '1.000', 'credit', 1, 1, 1, 1, 1, 1, 1, 1, 1, 1, '4', 1, NULL, 'VII', NULL, 7),
(336, NULL, 'T28', '', 'normal', '1.000', '1.000', 'credit', 1, 1, 1, 1, 1, 1, 1, 1, 1, 1, '4', 1, NULL, 'VIII', NULL, 7),
(337, NULL, 'T28 Prototype', '', 'normal', '1.000', '1.000', 'credit', 1, 1, 1, 1, 1, 1, 1, 1, 1, 1, '4', 1, NULL, 'VIII', NULL, 7),
(338, '2014-10-17 23:48:41', 'T30', 'Le T30D1 est une évolution du T29, lequel fut développé en même temps. Les prototypes furent mis à l''essai jusqu''en 1948, mais le char ne fut jamais choisi pour une production en série.', 'Normal', '63.390', '64.050', 'credit', 35, 6, 1, 1, 2, 1, 1650, 102, 76, 51, '4', 3550000, 'credit', 'IX', 9, 7),
(339, '2014-12-01 21:56:57', 'T95', 'Le développement de ce véhicule a commencé en 1943, avec une prévision de 25 véhicules produits dans l''année. Deux exemplaires ont été construits et testés, mais aucun a participé dans des opérations de combat.', 'Normal', '86.790', '86.890', 'credit', 13, 4, 1, 1, 1, 0, 1700, 305, 152, 51, '4', 3500000, 'credit', 'IX', 9, 7),
(340, NULL, 'T110E4', '', 'normal', '1.000', '1.000', 'credit', 1, 1, 1, 1, 1, 1, 1, 1, 1, 1, '4', 1, NULL, 'X', NULL, 7),
(341, NULL, 'T110E3', '', 'normal', '1.000', '1.000', 'credit', 1, 1, 1, 1, 1, 1, 1, 1, 1, 1, '4', 1, NULL, 'X', NULL, 7),
(342, NULL, 'T57', '', 'normal', '1.000', '1.000', 'credit', 1, 1, 1, 1, 1, 1, 1, 1, 1, 1, '5', 1, NULL, 'II', NULL, 7),
(343, NULL, 'M7 Priest', '', 'normal', '1.000', '1.000', 'credit', 1, 1, 1, 1, 1, 1, 1, 1, 1, 1, '5', 1, NULL, 'III', NULL, 7),
(344, NULL, 'M37', '', 'normal', '1.000', '1.000', 'credit', 1, 1, 1, 1, 1, 1, 1, 1, 1, 1, '5', 1, NULL, 'IV', NULL, 7),
(345, NULL, 'M41', '', 'normal', '1.000', '1.000', 'credit', 1, 1, 1, 1, 1, 1, 1, 1, 1, 1, '5', 1, NULL, 'V', NULL, 7),
(346, NULL, 'M44', '', 'normal', '1.000', '1.000', 'credit', 1, 1, 1, 1, 1, 1, 1, 1, 1, 1, '5', 1, NULL, 'VI', NULL, 7),
(347, NULL, 'M12', '', 'normal', '1.000', '1.000', 'credit', 1, 1, 1, 1, 1, 1, 1, 1, 1, 1, '5', 1, NULL, 'VII', NULL, 7),
(348, NULL, 'M53/M55', '', 'normal', '1.000', '1.000', 'credit', 1, 1, 1, 1, 1, 1, 1, 1, 1, 1, '5', 1, NULL, 'IX', NULL, 7),
(349, NULL, 'T92', '', 'normal', '1.000', '1.000', 'credit', 1, 1, 1, 1, 1, 1, 1, 1, 1, 1, '5', 1, NULL, 'X', NULL, 7),
(350, '2014-12-01 19:50:04', 'BT-SV', 'Un char expérimental développé par le groupe Tsyganov de 1936 à 1938 qui passa les essais sur le terrain mais ne fut pas adopté pour le service.', 'Event', '13.100', '14.500', 'or', 62, 4, 1, 1, 0, 1, 240, 25, 20, 16, '1', 0, 'or', 'III', 3, 1),
(351, '2014-10-02 14:31:07', 'KV-220 Beta-Test', 'Char expérimental au printemps-été de 1940. Le seul prototype a été retiré de la production du fait d''une panne de moteur.', 'Event', '62.230', '70.400', 'credit', 33, 5, 1, 1, 1, 1, 690, 100, 100, 80, '3', 0, 'credit', 'V', 5, 1),
(352, '2014-10-12 16:49:13', 'MTLS-1G14', 'Developed at the request of the Dutch East Indies, with a total of 125 vehicles manufactured from 1941 through 1942. Only 20 of them were ordered, and they never saw action.', 'Event', '15.470', '17.350', 'or', 42, 4, 1, 1, 0, 1, 250, 38, 25, 25, '1', 0, 'credit', 'III', 3, 7),
(353, '2014-11-28 23:56:55', 'Pz.Kpfw. IV hydrostat. ', 'Char expérimental PzKpfw IV Ausf. G avec une transmission hydrostatique développé en 1944. Les essais ont été interrompus à cause d''un dysfonctionnement de la transmission et un manque de pièces disponibles.', 'Event', '23.980', '27.000', 'or', 48, 5, 1, 1, 1, 1, 550, 50, 30, 20, '2', 1, 'or', 'V', 5, 2),
(354, '2014-10-09 21:55:18', 'SU-85I', 'Développé sur la base du char allemand capturé PzKpfw III avec un canon de 85 mm. N''a jamais été produit en masse, ni vu en service.', 'Boutique', '22.380', '24.380', 'or', 50, 4, 1, 1, 1, 0, 380, 60, 30, 50, '4', 2300, 'or', 'V', 5, 1),
(355, NULL, 'T-127', 'Développé en même temps que le T-126 à l''usine n° 174 du printemps à l''automne 1940. Le projet du véhicule a été suspendu durant la phase préliminaire de conception, puis abandonné suite aux problèmes de développement du moteur V-3 diesel.', 'Boutique', '12.600', '14.000', 'or', 38, 4, 1, 1, 0, 1, 250, 40, 30, 30, '1', 850, 'or', 'III', 3, 1),
(356, '2014-12-19 17:18:01', 'T37', 'Le char léger T37 a été développé par Detroit Arsenal à la fin des années 1940 pour remplacer le M24 Chaffee. Une commande a été placée pour trois prototypes. Plus tard, certaines innovations techniques ont été appliquées dans le développement des chars T41 et M41.', 'Normal', '21.340', '22.000', 'credit', 66, 4, 1, 1, 1, 0, 630, 25, 25, 19, '1', 910000, 'credit', 'VI', 6, 7),
(357, '2014-12-19 17:24:19', 'M41 Walker Bulldog', 'Un développement ultérieur du char expérimental T37. Il a passé des essais en 1949. En 1950, le contrat pour la production en série a été signé. Le char a été produit par la Cadillac Motor Car Division, une division de General Motors.', 'Normal', '23.220', '23.650', 'credit', 72, 4, 1, 1, 1, 0, 860, 25, 25, 19, '1', 1370000, 'credit', 'VII', 7, 7),
(358, '2014-12-19 17:24:35', 'T49', 'Une variante du char léger M41 avec une tourelle élargie et un canon de 90mm. Les essais ont débuté le 5 mail 1954. Ils ont été un succès mais le char n''a jamais été produit en série en raison du manque d''intérêt des autorités militaires.', 'Normal', '24.130', '24.400', 'credit', 72, 4, 1, 1, 1, 0, 1000, 25, 25, 19, '1', 2380000, 'credit', 'VIII', 8, 7),
(359, NULL, 'LTTB', 'Le développement du projet de ce char léger a débuté début 1944 à l''usine No. 174. Le projet a été annulé pendant la phase de conception et la phase de définition des exigences des paramètres tactiques et techniques.', 'Normal', '22.000', '22.500', 'credit', 68, 4, 1, 1, 1, 0, 950, 90, 45, 40, '1', 1380000, 'credit', 'VII', 7, 1),
(360, NULL, 'T-54 allégé', 'La proposition d''une version allégée du char moyen T-54. Le développement a débuté en mai 1949. Comparé au prédécesseur de sa série de production, le char possédait de meilleures performances et maniabilité. Par conséquent, le char devait remplacer le T-54 dans l''accomplissement de missions complexes. Cependant, le char T-54 de 1949 fut amélioré et produit en masse, et la version allégée fut annuler pendant sa phase de conception.', 'Normal', '30.860', '33.000', 'credit', 69, 4, 1, 1, 1, 0, 1200, 80, 60, 45, '1', 12410000, 'credit', 'VIII', 8, 1),
(361, '2014-11-27 21:50:00', 'Spahpanzer Ru 251', 'Le véhicule a été développé sur la base du chasseur de chars Kanonenjagdpanzer 4-5 par la compagnie Henschel en 1964. Le char devait remplacer les véhicules obsolètes M41 Walker Bulldog utilisés par les bataillons de reconnaissance dans les divisions blindées de l''armée allemande. Le char n''a jamais été produit en série, mais certaines innovations techniques ont ensuite été appliquées au développement d''autres véhicules. La quantité totale de prototypes fabriqués est inconnue.', 'Normal', '25.460', '25.700', 'credit', 80, 4, 1, 1, 1, 0, 1200, 25, 20, 8, '1', 2440000, 'credit', 'VIII', 8, 2),
(362, '2014-10-02 14:40:51', 'KV-85', 'Un développement ultérieur du char KV-1S. Contrairement à la modification précédente, le KV-85 possédait un armement amélioré. Le véhicule a été développé au printemps 1943 à l''usine Kirov de Tcheliabinsk. Le char est entré en service le 8 août 1943 et a été produit en masse jusqu''en septembre, avec un total de 148 véhicules fabriqués. Le KV-85 était utilisé par les régiments blindés de percée de l''Armée Rouge.', 'Normal', '45.980', '46.800', 'credit', 34, 4, 1, 1, 1, 0, 820, 75, 60, 60, '3', 900000, 'credit', 'VI', 6, 1),
(363, NULL, 'T-34-85M', 'Une modification du char T-34-85, produite à l''usine No. 183. Contrairement au véhicule original, il comportant un blindage frontal amélioré et un blindage arrière réduit. Les réservoirs à carburant ont été transférés du compartiment de combat à l''arrière. Lorsque la suspension s''est révélée être défaillante, la production a été suspendue après la fabrication d''un seul prototype.', 'Boutique', '32.230', '35.000', 'or', 53, 5, 1, 1, 1, 1, 720, 75, 45, 45, '1', 3750, 'or', 'VI', 6, 1),
(366, '2014-12-19 17:36:58', 'M4A3E8 Fury', 'M4A3E8 Fury — le char du sergent Wardaddy dans le film Fury.', 'Event', '34.490', '38.000', 'or', 41, 5, 1, 1, 1, 1, 750, 63, 38, 38, '2', 0, 'or', 'VI', 6, 7),
(367, '2014-11-28 22:34:58', 'Pz.Kpfw. IV Ausf. A ', 'Le développement de ce véhicule a débuté en 1935. Il a été nommé Pz Kpfw. IV en avril 1936. La production en série a débuté en automne 1937, et les premiers véhicules ont été mis en service début 1938. Un total de 35 véhicules ont été fabriqués ont sont restés en service jusqu''en 1941.', 'Normal', '17.920', '18.200', 'credit', 42, 5, 1, 1, 1, 1, 250, 14, 14, 14, '2', 41000, 'credit', 'III', 3, 2),
(368, '2014-11-28 23:41:06', 'Pz.Kpfw. IV Ausf. D ', 'Cette modification du Pz. IV a été développée en octobre 1939. Le véhicule comportait un blindage et un mantelet extérieur du canon améliorés. Le char a été produit en série jusqu''en mai 1940, avec un total de 229 véhicules fabriqués.', 'Normal', '19.620', '20.500', 'credit', 42, 5, 1, 1, 1, 1, 310, 30, 20, 20, '2', 150000, 'credit', 'IV', 4, 2),
(369, '2014-11-29 00:32:56', 'Pz.Kpfw. V/IV Alpha ', 'Un seul prototype exista. La tourelle du PzKpfw IV a été montée comme un élément fixe sur la caisse du Panther pour des essais.', 'Event', '40.600', '44.800', 'or', 55, 5, 1, 1, 1, 1, 820, 85, 40, 40, '2', 0, 'or', 'VI', 6, 2),
(374, '2014-12-07 01:00:44', 'StuG III Ausf. B', 'En 1935, Erich von Manstein de l''état-major général de l''armée allemande décrivit dans une lettre au général Ludwig Beck l''idée de construire une artillerie d''assaut pour soutenir l''attaque des unités d''infanterie. Cinq prototypes de la série "zéro" ont été fabriqués en 1937. Les premières modifications de l''Ausf. A à l''Ausf. F/8 ont été produites jusqu''en décembre 1942.', 'Normal', '21.940', '24.000', 'credit', 40, 4, 1, 1, 1, 0, 260, 50, 30, 30, '4', 130000, 'credit', 'IV', 4, 2),
(375, '2014-12-10 22:12:03', 'Type 97 Te-Ke', 'Le Te-Ke a été développé par Tokyo Gasu Denki pour remplacer le char léger Type 94 devenu obsolète. Fabriqué de 1937 à 1942, ce véhicule a été utilisé pour la reconnaissance, la communication, les patrouilles et le soutien d''infanterie. Il a servi de tracteur blindé. Un total d''environ 600 véhicules ont été fabriqués.', 'Event', '4.760', '5.800', 'credit', 42, 2, 1, 0, 0, 0, 160, 12, 10, 8, '1', 0, 'or', 'II', 2, 3),
(379, '2014-12-16 12:08:23', 'WZ-111', 'Influencé par le char soviétique T-10, ce char lourd a été prototypé au début des années 1960, sur la base de l''IS-2 et IS-3. Les essais ont révélé de multiples défauts, et le développement du véhicule a été abandonné en 1964.', 'Event', '44.500', '48.000', 'or', 50, 4, 1, 1, 1, 0, 1550, 120, 80, 60, '3', 0, 'or', 'VIII', 8, 4),
(380, '2014-12-16 17:10:44', 'Object 907', 'La décision de commencer le développement de nouveaux chars moyens de nouvelle génération fut prise le 13 juillet 1953. Le développé a été mené par l''Institut de Recherche n° 100. Le projet fut envoyé en mars 1954, et la résistance aux obus du châssis du nouveau véhicule fut tester en 1955. Cependant, le projet fut abandonné par la suite.', 'Event', '36.000', '39.000', 'or', 55, 4, 1, 1, 1, 0, 2000, 100, 85, 45, '2', 0, 'or', 'X', 10, 1),
(381, NULL, 'M24 Chaffee Sport', 'Pour maintenir la compétition entre les tankistes, le haut commandement des forces blindées a ordonné la production de plusieurs véhicules sur la base du char M26. Développé avec l''utilisation de pièces et composants forcés, les véhicules présentaient une vitesse et des caractéristiques dynamiques accrues. Le nouveau char a été nommé M24 Chaffee SPORT et a été envoyé sur le terrain pour des essais approfondis.', 'Normal', '9.960', '21.000', 'credit', 90, 5, 1, 1, 1, 1, 1000, 12, 25, 19, '1', 0, 'credit', 'I', 1, 7),
(382, '2014-12-19 17:55:36', 'T23E3', 'Le développement du char a débuté en avril 1943. Le prototype a été fabriqué en août 1944. Contrairement à son prédécesseur le T23, cette variante offrait une suspension à barre de torsion. Le véhicule n''a jamais été produit en série, ni mis en service.', 'Normal', '36.010', '39.140', 'credit', 56, 1, 0, 0, 0, 0, 1050, 76, 50, 38, '2', 0, 'credit', 'VII', 7, 7);

-- --------------------------------------------------------

--
-- Structure de la table `tankcanonliaison`
--

DROP TABLE IF EXISTS `tankcanonliaison`;
CREATE TABLE IF NOT EXISTS `tankcanonliaison` (
  `id_Tank` smallint(5) unsigned NOT NULL,
  `id_Canon` smallint(5) unsigned NOT NULL,
  UNIQUE KEY `unique_link_tank_canon` (`id_Canon`,`id_Tank`),
  KEY `id_Tank` (`id_Tank`),
  KEY `id_Canon` (`id_Canon`)
) ENGINE=InnoDB DEFAULT CHARSET=utf8;

--
-- Contenu de la table `tankcanonliaison`
--

INSERT INTO `tankcanonliaison` (`id_Tank`, `id_Canon`) VALUES
(2, 323),
(4, 200),
(4, 252),
(6, 94),
(6, 156),
(6, 162),
(7, 242),
(7, 243),
(8, 172),
(9, 16),
(9, 17),
(9, 281),
(9, 282),
(11, 413),
(11, 416),
(11, 417),
(11, 418),
(13, 370),
(13, 371),
(13, 372),
(15, 199),
(15, 251),
(23, 136),
(23, 141),
(23, 167),
(24, 136),
(24, 141),
(24, 159),
(24, 167),
(24, 173),
(24, 184),
(25, 141),
(25, 159),
(25, 173),
(25, 184),
(26, 61),
(26, 136),
(26, 140),
(26, 173),
(31, 168),
(32, 186),
(33, 158),
(33, 173),
(33, 184),
(33, 189),
(33, 264),
(34, 158),
(34, 184),
(34, 189),
(34, 190),
(35, 158),
(35, 184),
(35, 189),
(35, 190),
(36, 186),
(37, 158),
(37, 184),
(37, 190),
(37, 203),
(38, 203),
(38, 204),
(38, 250),
(38, 260),
(38, 261),
(39, 263),
(40, 203),
(40, 251),
(40, 264),
(40, 266),
(41, 271),
(42, 93),
(42, 266),
(42, 288),
(42, 292),
(43, 203),
(43, 251),
(43, 266),
(44, 93),
(44, 288),
(44, 292),
(45, 93),
(45, 266),
(45, 269),
(45, 287),
(45, 288),
(46, 56),
(46, 203),
(46, 251),
(46, 266),
(47, 22),
(47, 27),
(47, 78),
(47, 288),
(47, 292),
(48, 22),
(48, 29),
(49, 23),
(49, 24),
(49, 25),
(49, 27),
(50, 25),
(50, 29),
(51, 32),
(52, 32),
(53, 32),
(54, 93),
(54, 201),
(54, 270),
(54, 289),
(55, 363),
(56, 270),
(57, 270),
(58, 56),
(58, 93),
(58, 110),
(59, 56),
(59, 93),
(59, 201),
(59, 269),
(59, 291),
(60, 22),
(60, 82),
(60, 83),
(60, 287),
(60, 288),
(61, 22),
(61, 56),
(61, 81),
(61, 83),
(61, 289),
(61, 291),
(62, 22),
(62, 75),
(62, 81),
(62, 83),
(63, 85),
(64, 55),
(64, 56),
(64, 81),
(64, 83),
(65, 57),
(66, 75),
(66, 81),
(66, 92),
(67, 75),
(67, 81),
(67, 92),
(68, 81),
(68, 92),
(69, 98),
(70, 173),
(70, 187),
(71, 202),
(71, 205),
(71, 268),
(72, 202),
(72, 268),
(72, 284),
(72, 290),
(73, 90),
(73, 267),
(73, 283),
(73, 286),
(74, 20),
(74, 80),
(74, 283),
(74, 286),
(75, 97),
(76, 74),
(76, 77),
(76, 112),
(77, 21),
(77, 28),
(78, 79),
(79, 74),
(79, 76),
(79, 77),
(79, 106),
(79, 113),
(80, 21),
(80, 26),
(80, 77),
(81, 106),
(81, 114),
(82, 26),
(82, 86),
(82, 91),
(83, 99),
(84, 99),
(85, 265),
(86, 256),
(86, 257),
(86, 265),
(87, 89),
(87, 115),
(87, 256),
(87, 257),
(88, 88),
(88, 108),
(89, 87),
(89, 109),
(90, 107),
(90, 137),
(91, 107),
(91, 109),
(91, 137),
(92, 107),
(92, 137),
(93, 107),
(93, 137),
(94, 127),
(95, 129),
(95, 132),
(95, 370),
(96, 148),
(96, 150),
(96, 371),
(96, 372),
(97, 129),
(97, 370),
(97, 371),
(98, 153),
(99, 151),
(99, 372),
(99, 373),
(100, 149),
(100, 197),
(100, 370),
(100, 372),
(101, 224),
(101, 370),
(101, 372),
(102, 147),
(102, 370),
(102, 372),
(103, 370),
(104, 151),
(105, 147),
(105, 149),
(105, 197),
(105, 198),
(105, 370),
(105, 372),
(106, 151),
(106, 198),
(106, 372),
(106, 373),
(107, 147),
(107, 198),
(107, 372),
(108, 198),
(108, 209),
(108, 210),
(108, 211),
(108, 374),
(109, 198),
(109, 211),
(109, 222),
(109, 374),
(110, 180),
(111, 149),
(111, 197),
(111, 198),
(111, 209),
(111, 372),
(112, 197),
(112, 198),
(112, 209),
(113, 210),
(113, 211),
(113, 374),
(114, 210),
(114, 211),
(115, 377),
(116, 211),
(116, 214),
(116, 273),
(116, 374),
(121, 215),
(122, 214),
(122, 374),
(122, 378),
(123, 212),
(123, 214),
(123, 273),
(123, 374),
(124, 214),
(125, 214),
(125, 274),
(125, 374),
(125, 378),
(126, 273),
(126, 274),
(126, 379),
(127, 214),
(127, 274),
(127, 378),
(127, 380),
(127, 381),
(128, 9),
(128, 379),
(129, 382),
(130, 1),
(131, 198),
(131, 209),
(132, 180),
(133, 198),
(133, 209),
(133, 210),
(133, 212),
(133, 214),
(133, 222),
(133, 374),
(134, 214),
(134, 222),
(134, 276),
(134, 374),
(135, 214),
(135, 273),
(135, 274),
(135, 374),
(136, 214),
(136, 273),
(136, 274),
(136, 374),
(137, 274),
(137, 383),
(137, 384),
(138, 273),
(138, 274),
(138, 383),
(139, 384),
(139, 385),
(140, 58),
(140, 274),
(140, 383),
(140, 384),
(141, 58),
(141, 274),
(141, 383),
(141, 384),
(142, 58),
(143, 58),
(143, 386),
(144, 386),
(145, 152),
(145, 179),
(146, 218),
(146, 223),
(147, 14),
(147, 217),
(147, 219),
(148, 218),
(148, 223),
(148, 388),
(149, 14),
(149, 217),
(149, 219),
(149, 389),
(150, 390),
(150, 391),
(150, 392),
(151, 14),
(151, 217),
(151, 389),
(151, 393),
(152, 277),
(152, 389),
(152, 393),
(153, 395),
(154, 277),
(154, 389),
(154, 393),
(154, 394),
(155, 395),
(155, 396),
(156, 389),
(157, 59),
(157, 277),
(157, 394),
(158, 58),
(158, 277),
(158, 394),
(159, 59),
(159, 400),
(160, 277),
(161, 59),
(161, 401),
(162, 397),
(162, 398),
(162, 399),
(162, 400),
(163, 125),
(164, 397),
(164, 398),
(165, 10),
(166, 104),
(167, 10),
(167, 12),
(168, 104),
(169, 10),
(169, 12),
(170, 101),
(170, 104),
(171, 101),
(171, 102),
(172, 102),
(172, 103),
(173, 124),
(173, 138),
(174, 124),
(174, 138),
(175, 139),
(176, 94),
(176, 146),
(176, 156),
(184, 146),
(184, 191),
(184, 192),
(184, 193),
(214, 156),
(214, 402),
(214, 403),
(214, 404),
(215, 405),
(215, 406),
(215, 407),
(216, 414),
(216, 415),
(217, 195),
(217, 413),
(218, 402),
(219, 195),
(219, 407),
(219, 414),
(219, 415),
(220, 195),
(220, 413),
(220, 416),
(221, 418),
(223, 408),
(223, 418),
(224, 408),
(224, 409),
(224, 418),
(225, 410),
(225, 411),
(225, 419),
(226, 412),
(226, 419),
(227, 412),
(228, 162),
(228, 181),
(228, 185),
(228, 196),
(229, 184),
(229, 195),
(229, 206),
(230, 169),
(230, 195),
(231, 199),
(231, 245),
(231, 246),
(232, 254),
(233, 420),
(234, 16),
(234, 246),
(234, 279),
(234, 280),
(234, 281),
(235, 279),
(235, 292),
(236, 15),
(236, 279),
(236, 292),
(237, 31),
(238, 15),
(238, 16),
(238, 71),
(238, 279),
(238, 292),
(239, 84),
(240, 16),
(240, 17),
(240, 18),
(240, 72),
(241, 73),
(242, 15),
(242, 71),
(242, 81),
(243, 18),
(243, 71),
(243, 81),
(244, 84),
(245, 18),
(245, 81),
(245, 96),
(246, 72),
(338, 35),
(338, 64),
(338, 117),
(339, 35),
(339, 64),
(339, 117),
(350, 186),
(351, 270),
(352, 369),
(353, 211),
(354, 284),
(355, 186),
(359, 288),
(359, 292),
(359, 367),
(360, 22),
(360, 23),
(361, 376),
(362, 83),
(362, 287),
(362, 368),
(363, 292),
(366, 254),
(368, 197),
(368, 198),
(368, 209),
(368, 210),
(369, 211),
(374, 14),
(374, 217),
(374, 219),
(374, 387),
(375, 406),
(379, 84),
(380, 421);

-- --------------------------------------------------------

--
-- Structure de la table `tankmoteurliaison`
--

DROP TABLE IF EXISTS `tankmoteurliaison`;
CREATE TABLE IF NOT EXISTS `tankmoteurliaison` (
  `id_tank` smallint(5) unsigned NOT NULL,
  `id_moteur` smallint(5) unsigned NOT NULL,
  UNIQUE KEY `unique_link_tank_moteur` (`id_moteur`,`id_tank`),
  KEY `id_tank` (`id_tank`),
  KEY `id_moteur` (`id_moteur`)
) ENGINE=InnoDB DEFAULT CHARSET=utf8;

-- --------------------------------------------------------

--
-- Structure de la table `tankradioliaison`
--

DROP TABLE IF EXISTS `tankradioliaison`;
CREATE TABLE IF NOT EXISTS `tankradioliaison` (
  `id_Tank` smallint(5) unsigned NOT NULL,
  `id_Radio` smallint(5) unsigned NOT NULL,
  UNIQUE KEY `unique_link_tank_canon` (`id_Radio`,`id_Tank`),
  KEY `id_Tank` (`id_Tank`),
  KEY `id_Radio` (`id_Radio`)
) ENGINE=InnoDB DEFAULT CHARSET=utf8;

-- --------------------------------------------------------

--
-- Structure de la table `tanksuspensionliaison`
--

DROP TABLE IF EXISTS `tanksuspensionliaison`;
CREATE TABLE IF NOT EXISTS `tanksuspensionliaison` (
  `id_tank` smallint(5) unsigned NOT NULL,
  `id_suspension` smallint(5) unsigned NOT NULL,
  UNIQUE KEY `unique_link_tank_suspension` (`id_suspension`,`id_tank`),
  KEY `id_tank` (`id_tank`),
  KEY `id_suspension` (`id_suspension`)
) ENGINE=InnoDB DEFAULT CHARSET=utf8;

-- --------------------------------------------------------

--
-- Structure de la table `tanktourelleliaison`
--

DROP TABLE IF EXISTS `tanktourelleliaison`;
CREATE TABLE IF NOT EXISTS `tanktourelleliaison` (
  `id_Tank` smallint(5) unsigned NOT NULL,
  `id_Tourelle` smallint(5) unsigned NOT NULL,
  UNIQUE KEY `unique_link_tank_canon` (`id_Tourelle`,`id_Tank`),
  KEY `id_Tank` (`id_Tank`),
  KEY `id_Tourelle` (`id_Tourelle`)
) ENGINE=InnoDB DEFAULT CHARSET=utf8;

-- --------------------------------------------------------

--
-- Structure de la table `tier`
--

DROP TABLE IF EXISTS `tier`;
CREATE TABLE IF NOT EXISTS `tier` (
  `id` tinyint(3) unsigned NOT NULL AUTO_INCREMENT,
  `tier_latin` varchar(4) DEFAULT NULL,
  PRIMARY KEY (`id`),
  UNIQUE KEY `tier_latin` (`tier_latin`)
) ENGINE=InnoDB  DEFAULT CHARSET=utf8 AUTO_INCREMENT=11 ;

--
-- Contenu de la table `tier`
--

INSERT INTO `tier` (`id`, `tier_latin`) VALUES
(1, 'I'),
(2, 'II'),
(3, 'III'),
(4, 'IV'),
(9, 'IX'),
(5, 'V'),
(6, 'VI'),
(7, 'VII'),
(8, 'VIII'),
(10, 'X');

-- --------------------------------------------------------

--
-- Structure de la table `tourelle`
--

DROP TABLE IF EXISTS `tourelle`;
CREATE TABLE IF NOT EXISTS `tourelle` (
  `id` smallint(5) unsigned NOT NULL AUTO_INCREMENT,
  `nom` varchar(50) NOT NULL,
  `poids` smallint(5) unsigned NOT NULL,
  `tier_id` tinyint(2) unsigned NOT NULL,
  `pays_id` tinyint(3) unsigned NOT NULL,
  PRIMARY KEY (`id`),
  KEY `fk_tourelle_pays_id` (`pays_id`),
  KEY `fk_tourelle_tier_id` (`tier_id`)
) ENGINE=InnoDB DEFAULT CHARSET=utf8 AUTO_INCREMENT=1 ;

-- --------------------------------------------------------

--
-- Structure de la table `type_char`
--

DROP TABLE IF EXISTS `type_char`;
CREATE TABLE IF NOT EXISTS `type_char` (
  `id` tinyint(3) unsigned NOT NULL AUTO_INCREMENT,
  `type` varchar(20) DEFAULT NULL,
  PRIMARY KEY (`id`),
  UNIQUE KEY `type` (`type`)
) ENGINE=InnoDB  DEFAULT CHARSET=utf8 AUTO_INCREMENT=6 ;

--
-- Contenu de la table `type_char`
--

INSERT INTO `type_char` (`id`, `type`) VALUES
(5, 'Artillerie'),
(1, 'Char léger'),
(3, 'Char lourd'),
(2, 'Char moyen'),
(4, 'Chasseur de char');

--
-- Contraintes pour les tables exportées
--

--
-- Contraintes pour la table `canon`
--
ALTER TABLE `canon`
  ADD CONSTRAINT `fk_canon_pays_id` FOREIGN KEY (`pays_id`) REFERENCES `nation` (`id`),
  ADD CONSTRAINT `fk_canon_tier_id` FOREIGN KEY (`tier_id`) REFERENCES `tier` (`id`);

--
-- Contraintes pour la table `moteur`
--
ALTER TABLE `moteur`
  ADD CONSTRAINT `fk_moteur_pays_id` FOREIGN KEY (`pays_id`) REFERENCES `nation` (`id`),
  ADD CONSTRAINT `fk_moteur_tier_id` FOREIGN KEY (`tier_id`) REFERENCES `tier` (`id`);

--
-- Contraintes pour la table `radio`
--
ALTER TABLE `radio`
  ADD CONSTRAINT `fk_radio_pays_id` FOREIGN KEY (`pays_id`) REFERENCES `nation` (`id`),
  ADD CONSTRAINT `fk_radio_tier_id` FOREIGN KEY (`tier_id`) REFERENCES `tier` (`id`);

--
-- Contraintes pour la table `suspension`
--
ALTER TABLE `suspension`
  ADD CONSTRAINT `fk_suspension_pays_id` FOREIGN KEY (`pays_id`) REFERENCES `nation` (`id`),
  ADD CONSTRAINT `fk_suspension_tier_id` FOREIGN KEY (`tier_id`) REFERENCES `tier` (`id`);

--
-- Contraintes pour la table `tank`
--
ALTER TABLE `tank`
  ADD CONSTRAINT `fk_tank_pays_id` FOREIGN KEY (`pays_id`) REFERENCES `nation` (`id`),
  ADD CONSTRAINT `fk_tank_tier_id` FOREIGN KEY (`tier_chiffre`) REFERENCES `tier` (`id`);

--
-- Contraintes pour la table `tankcanonliaison`
--
ALTER TABLE `tankcanonliaison`
  ADD CONSTRAINT `fk_tankcanonliaison_id_Canon` FOREIGN KEY (`id_Canon`) REFERENCES `canon` (`id`),
  ADD CONSTRAINT `fk_tankcanonliaison_id_tank` FOREIGN KEY (`id_Tank`) REFERENCES `tank` (`id`);

--
-- Contraintes pour la table `tourelle`
--
ALTER TABLE `tourelle`
  ADD CONSTRAINT `fk_tourelle_pays_id` FOREIGN KEY (`pays_id`) REFERENCES `nation` (`id`),
  ADD CONSTRAINT `fk_tourelle_tier_id` FOREIGN KEY (`tier_id`) REFERENCES `tier` (`id`);

/*!40101 SET CHARACTER_SET_CLIENT=@OLD_CHARACTER_SET_CLIENT */;
/*!40101 SET CHARACTER_SET_RESULTS=@OLD_CHARACTER_SET_RESULTS */;
/*!40101 SET COLLATION_CONNECTION=@OLD_COLLATION_CONNECTION */;
